Province_State,3/15/20,3/16/20,3/17/20,3/18/20,3/19/20,3/20/20,3/21/20,3/22/20,3/23/20,3/24/20,3/25/20,3/26/20,3/27/20,3/28/20,3/29/20,3/30/20,3/31/20,4/1/20,4/2/20,4/3/20,4/4/20,4/5/20,4/6/20,4/7/20,4/8/20,4/9/20,4/10/20,4/11/20,4/12/20,4/13/20,4/14/20,4/15/20,4/16/20,4/17/20,4/18/20,4/19/20,4/20/20,4/21/20,4/22/20,4/23/20,4/24/20,4/25/20,4/26/20,4/27/20,4/28/20,4/29/20,4/30/20,5/1/20,5/2/20,5/3/20,5/4/20,5/5/20,5/6/20,5/7/20,5/8/20,5/9/20,5/10/20,5/11/20,5/12/20,5/13/20,5/14/20,5/15/20,5/16/20,5/17/20,5/18/20,5/19/20,5/20/20,5/21/20,5/22/20,5/23/20,5/24/20,5/25/20,5/26/20,5/27/20,5/28/20,5/29/20,5/30/20,5/31/20,6/1/20,6/2/20,6/3/20,6/4/20,6/5/20,6/6/20,6/7/20,6/8/20,6/9/20,6/10/20,6/11/20,6/12/20,6/13/20,6/14/20,6/15/20,6/16/20,6/17/20,6/18/20,6/19/20,6/20/20,6/21/20,6/22/20,6/23/20,6/24/20,6/25/20,6/26/20,6/27/20,6/28/20,6/29/20,6/30/20,7/1/20,7/2/20,7/3/20,7/4/20,7/5/20,7/6/20,7/7/20,7/8/20,7/9/20,7/10/20,7/11/20,7/12/20,7/13/20,7/14/20,7/15/20
Alabama,27.62,38.64,62.02,49.6,81.84,92.28,94.24,85.08,94.52,127.02,178.94,157.68,140.28,140.46,163.76,125.98,141.3,127.48,191.12,190.56,174.58,168.12,181.94,212.1,141.02,218.88,216.96,266.32,230.18,266.22,233.4,172.38,236.8,276.88,244.96,229.06,245.84,256.84,326.2,259.46,193.92,175.92,319.26,255.22,400.34,289.62,335.24,253.28,321.62,315.26,329.46,408.6,402.14,356.2,368.46,363.96,427.66,410.4,379.94,462.94,422.0,365.58,404.36,362.36,350.9,236.84,505.34,307.44,536.68,337.16,300.64,468.2,496.86,350.1,462.94,495.68,447.4,613.98,695.06,363.28,578.2,535.26,580.76,883.76,985.54,884.7,791.42,805.3,902.48,1082.94,917.44,1177.62,823.78,649.96,596.52,773.7,842.82,813.0,845.82,812.6,614.48,1128.56,767.58,826.42,838.2,722.14,1103.08,910.96,791.46,915.44,1027.18,1029.46,961.66,1166.6,882.04,1073.64,1185.98,1249.9434,1278.6018,1295.3782,1300.944,1296.569,1290.9606
Alaska,0.62,2.36,4.1,6.42,8.62,10.12,12.82,12.88,14.0,13.72,14.54,14.8,15.32,14.7,14.22,11.94,13.18,9.7,12.76,13.58,13.4,14.72,11.62,10.0,12.7,11.78,12.62,9.92,8.96,10.24,9.74,13.48,9.58,7.94,7.52,7.3,5.98,5.9,6.1,5.06,4.22,10.26,7.5,5.14,4.3,5.28,5.94,4.7,6.08,4.22,5.6,4.74,4.6,5.54,4.12,5.36,5.66,4.12,4.36,5.28,4.24,6.14,4.72,5.12,3.92,2.22,5.46,4.32,5.86,4.88,3.78,4.68,4.04,4.58,6.04,8.14,6.28,7.82,8.48,8.42,11.5,9.54,12.34,13.14,15.24,14.46,13.94,16.18,18.2,19.54,19.16,21.08,16.74,16.74,14.54,19.5,21.02,21.24,21.7,17.88,18.92,26.38,22.02,23.56,24.9,25.04,21.86,25.98,25.92,28.12,29.82,33.54,30.82,32.38,25.68,33.82,35.5856,35.4662,35.381,35.1758,34.73,34.5548,34.159
Arizona,14.0,25.34,17.26,29.0,46.28,79.04,99.1,122.72,217.16,193.66,180.4,149.68,264.18,158.5,218.48,287.6,129.42,164.44,184.88,160.72,248.66,286.02,187.22,111.12,128.6,310.92,113.2,279.26,173.4,193.26,134.22,172.7,287.32,282.3,246.46,247.5,143.9,178.68,269.12,265.96,226.96,259.98,328.22,286.94,340.1,372.54,565.48,349.26,455.9,423.04,463.58,497.94,543.6,365.1,740.18,523.82,269.1,393.46,468.58,641.56,505.34,628.9,602.92,417.24,304.9,454.82,344.0,446.58,260.06,384.04,311.46,206.32,323.78,558.48,489.74,550.76,717.7,802.14,294.38,1342.02,1258.32,666.7,1930.74,1105.24,2736.12,1388.46,1168.28,2184.66,2035.38,2163.06,1904.92,1710.58,1757.62,2872.66,1925.58,2835.96,3422.02,3320.84,3104.08,2380.06,3948.34,2110.36,2906.52,2637.46,2904.92,3534.22,714.9,4522.48,4110.2,2862.48,3427.54,2652.76,3392.98,3934.34,3156.8,3470.16,3840.02,3821.7492,3795.2738,3736.0388,3680.491,3632.9386,3564.4082
Arkansas,14.48,21.4,26.38,20.4,46.68,56.2,49.36,48.62,66.42,88.34,100.46,65.22,76.4,58.4,64.9,58.14,75.44,74.1,68.38,69.2,43.66,79.9,84.8,85.32,38.8,116.7,78.06,112.26,77.96,106.52,83.16,59.4,117.6,94.38,78.62,89.86,117.34,48.94,149.84,129.2,96.9,99.28,105.72,116.82,93.44,118.56,147.56,146.94,156.22,77.56,125.94,149.34,151.64,152.48,155.48,131.74,205.34,142.42,121.94,190.98,145.94,155.22,188.14,163.6,150.44,79.1,217.08,124.26,265.9,178.16,132.04,156.6,156.6,175.38,227.62,253.36,228.86,289.92,300.34,303.96,360.1,283.78,383.84,486.14,520.4,524.74,462.5,499.6,549.52,679.64,536.32,688.2,513.94,432.22,368.34,486.9,585.26,520.96,534.34,486.76,445.96,638.6,489.18,496.18,477.56,418.64,609.22,622.02,563.36,543.98,635.22,563.92,536.16,692.1,496.04,677.62,699.7244,719.9794,733.0992,740.7612,742.7818,740.4396,734.8712
California,15.16,550.54,525.32,461.18,423.3,649.26,470.24,603.74,1058.56,1024.14,1045.76,1401.66,1221.2,634.1,1061.9,1606.7,1082.58,1269.36,1328.88,1189.74,788.72,2415.46,1028.26,1226.1,1531.64,803.16,1341.56,732.08,1298.0,1436.46,1747.5,1496.5,1064.2,1549.04,1557.02,1098.98,2441.66,2047.32,1966.5,1940.78,1454.0,980.84,1415.52,2148.58,1775.28,3484.92,1741.22,1981.64,1550.28,2098.68,1579.66,3850.58,3172.12,2016.76,2192.34,3443.14,1557.06,2597.3,2207.98,2589.02,2423.86,2304.04,2384.28,2086.06,1657.32,2758.88,2480.06,1957.76,2125.06,2175.14,1362.6,2511.8,3315.82,1912.96,2663.56,2672.2,3103.46,2337.74,3836.96,3053.22,2948.38,3773.54,4090.2,3517.72,3417.66,5576.38,4916.32,4510.06,5089.6,3953.1,3973.2,3485.1,4956.8,4035.28,4280.58,4703.42,3721.28,4371.9,4221.4,7126.72,7122.3,4967.5,4808.5,4600.94,3210.34,4545.5,8039.02,7487.14,6419.74,6499.22,3179.66,2247.0,11302.42,7368.84,12054.68,8614.84,8845.1406,8920.233,8873.4276,8809.5308,8736.9456,8676.8846,8590.9194
Colorado,22.4,55.44,83.26,128.12,175.12,211.42,250.42,282.66,288.1,353.52,403.82,361.28,405.3,409.3,350.88,319.46,337.92,318.54,342.84,383.28,380.2,376.62,356.16,331.3,404.5,479.2,501.7,449.62,542.0,442.0,350.46,558.42,520.06,482.46,488.74,483.24,391.32,384.38,365.34,427.44,630.82,611.94,480.54,601.56,544.42,600.9,589.84,584.5,559.38,603.42,530.82,580.02,608.78,632.56,576.26,475.32,430.0,416.98,362.34,444.2,500.5,506.58,518.1,433.78,350.6,408.48,337.3,369.52,299.54,335.94,262.66,248.36,252.06,331.16,329.22,343.22,332.34,278.94,266.56,299.22,361.44,400.46,340.56,351.38,268.16,275.78,310.22,299.74,299.88,254.1,272.14,202.52,215.96,188.68,260.94,245.66,220.4,213.82,244.04,201.92,224.66,222.86,285.36,227.44,244.58,216.14,212.32,228.4,257.98,253.3,232.42,253.78,219.78,366.76,297.06,363.0,350.3424,364.6304,377.094,387.9116,399.411,409.325,418.8188
Connecticut,14.8,49.14,95.12,90.4,141.9,102.0,3.92,321.92,194.4,454.12,557.58,192.44,439.6,354.26,636.9,676.56,550.02,464.8,265.2,1037.78,342.6,486.88,1258.4,770.28,7.78,1887.58,775.04,1040.6,634.12,1767.64,743.96,993.66,1204.1,986.12,931.16,478.56,2081.04,588.54,2355.68,568.98,676.82,631.42,853.34,1102.32,478.9,620.88,1135.34,1069.06,609.22,12.88,1040.42,902.6,567.32,1012.92,830.82,706.18,856.48,344.78,731.04,726.2,708.88,756.68,728.0,1015.62,795.06,413.22,620.14,196.92,407.82,360.82,411.46,400.4,461.14,4.86,274.26,197.98,250.9,212.78,730.88,298.98,144.66,201.04,257.46,421.42,261.58,219.92,148.82,254.4,155.18,270.74,360.28,139.3,222.24,140.9,92.12,13.06,118.7,158.16,47.74,32.34,123.64,17.6,76.44,50.62,116.2,87.96,60.94,144.66,48.8,64.62,56.78,2.2,1.62,298.16,50.98,79.14,108.164,147.844,182.1986,207.0174,227.7398,244.1522,269.1142
Delaware,2.32,7.96,27.84,25.86,26.7,30.28,22.64,36.72,32.02,36.12,45.96,62.42,45.54,44.22,129.06,51.28,66.16,64.98,42.36,90.06,110.88,68.74,98.92,114.12,121.44,128.5,112.92,144.58,161.76,148.24,152.54,105.32,113.46,201.84,190.04,113.2,163.38,183.84,220.7,130.58,129.38,119.06,256.84,199.8,307.6,209.04,260.86,222.24,205.1,279.24,300.92,241.64,289.84,254.5,290.22,239.38,170.58,206.44,417.8,234.68,274.18,224.7,163.44,163.5,241.28,122.78,212.4,138.46,198.34,99.7,194.4,172.46,151.62,67.08,78.6,76.68,90.2,103.64,155.56,115.82,56.44,60.76,53.6,88.58,165.26,96.52,98.68,66.66,71.36,66.66,65.96,99.22,77.38,77.14,36.98,62.18,87.92,64.52,80.98,63.24,77.3,89.24,74.54,78.2,79.2,81.96,105.32,91.32,86.56,102.02,104.76,106.38,100.74,113.14,171.44,114.7,142.4056,150.2652,154.2642,156.5956,158.5324,160.0116,162.424
District of Columbia,2.68,14.16,23.62,31.16,40.9,49.7,55.92,60.98,67.96,66.06,74.66,78.9,76.02,73.18,84.98,69.38,75.38,76.88,82.56,85.38,108.32,104.34,106.58,94.24,173.08,128.78,120.72,183.94,149.46,112.64,147.9,129.22,144.22,175.68,183.56,128.22,128.46,139.88,113.1,166.26,150.46,172.98,190.78,198.36,194.98,192.64,233.14,227.96,176.02,191.74,262.2,203.1,232.48,239.96,244.4,207.46,227.88,160.12,170.86,177.98,175.72,184.76,182.0,145.7,150.92,166.42,152.52,152.82,132.02,128.42,106.62,99.76,116.58,122.62,117.4,119.6,126.24,100.76,94.54,117.78,120.78,123.14,97.14,97.5,109.68,108.56,105.06,87.4,97.42,72.22,63.56,55.18,73.02,57.3,49.94,41.74,41.32,36.74,44.66,54.46,48.86,45.88,37.84,32.2,25.14,27.54,44.28,36.46,32.58,37.44,39.06,15.78,30.24,31.94,60.32,46.66,49.5702,56.3538,62.6334,68.0974,73.3042,77.8236,82.0598
Florida,175.06,17.04,351.14,352.46,296.66,397.26,517.54,572.34,499.22,419.38,625.9,975.38,910.38,1233.64,775.82,1433.92,1260.14,279.54,2032.44,1230.2,1211.14,936.14,990.18,1140.34,847.04,916.72,1240.12,1022.76,1617.62,1381.0,745.04,956.42,926.74,1491.3,872.34,953.2,783.28,878.28,494.36,1166.88,745.12,334.5,884.64,881.4,1064.34,489.12,651.84,1085.3,877.84,847.88,1326.6,771.44,820.28,1074.76,541.58,1046.42,845.88,600.36,1191.46,689.58,895.3,1151.34,805.78,1090.24,990.5,595.88,606.3,1076.02,758.86,585.9,711.54,842.56,565.18,478.86,622.12,1146.6,874.72,831.52,914.32,770.44,1675.02,1844.56,1541.6,1517.16,2004.98,1769.88,1953.96,2019.6,2352.6,2348.9,2989.86,3111.4,2640.34,3490.86,2826.44,3551.04,3746.06,4071.62,4145.36,3432.0,3457.24,6084.08,4829.22,6879.46,8085.74,7849.12,5597.58,5966.5,5806.3,8188.96,7739.72,11219.94,9813.32,7455.36,6697.82,9812.18,9960.2582,9555.1684,9211.4678,8934.655,8675.8152,8490.713,8331.3886
Georgia,192.84,71.84,85.7,163.04,206.24,515.6,182.82,167.76,316.1,549.98,485.22,448.68,726.08,512.12,430.38,219.64,1076.86,770.66,656.64,457.7,323.98,544.92,692.4,1356.86,1109.6,670.74,996.9,735.48,352.88,1210.52,1502.92,478.08,720.24,1557.28,538.68,710.68,1181.94,536.68,1357.82,592.16,538.14,755.64,354.04,1204.36,925.26,1139.56,600.8,1287.6,990.66,477.24,1277.82,762.76,1054.36,1128.76,694.44,509.34,1456.72,603.92,1206.8,748.92,618.88,995.22,504.74,541.62,823.74,712.28,1039.64,807.94,765.12,680.92,634.12,509.38,627.46,808.08,601.26,579.3,434.52,815.8,1141.36,423.5,952.7,1367.28,865.5,948.58,931.32,1079.28,1327.88,1123.56,1389.82,975.62,1276.66,1299.36,1087.06,849.74,1078.3,962.28,1095.96,1824.14,1177.02,1382.84,2062.86,1633.74,1704.9,1474.82,1628.96,2081.68,2279.34,1803.5,2499.68,2820.38,2189.32,2805.68,2083.88,1811.56,3209.24,3346.9,3513.9298,3253.9142,3156.1012,3085.8462,3035.0442,2987.9528,2954.1382
Hawaii,0.48,3.46,7.36,12.44,16.6,20.16,22.98,26.0,27.72,25.58,25.34,26.36,26.62,26.64,24.26,21.32,22.76,17.62,21.22,20.96,22.94,25.88,19.52,16.04,24.44,20.8,21.5,17.86,14.38,15.76,16.38,24.42,16.56,11.68,11.96,11.42,8.04,8.8,6.52,3.72,4.94,17.36,10.82,6.38,3.44,6.84,6.88,3.94,6.34,4.34,5.86,2.76,2.94,4.44,3.18,4.04,2.76,3.32,3.08,2.96,2.04,4.44,2.92,2.6,1.66,1.92,1.36,2.7,2.06,1.74,2.04,2.48,1.96,2.18,2.66,3.2,2.66,3.4,3.3,5.88,6.28,4.86,5.94,5.62,9.96,6.92,6.16,8.22,7.08,8.52,9.38,8.92,9.08,11.66,8.2,11.6,13.06,13.2,12.84,10.64,13.6,13.26,13.7,15.48,17.14,18.76,8.6,18.12,16.64,17.12,17.82,20.58,21.3,18.42,16.4,20.54,22.0702,22.0458,21.886,21.7412,21.5654,21.4188,21.4492
Idaho,4.08,7.22,17.38,30.4,35.84,43.84,52.92,54.26,57.34,57.36,64.82,67.0,68.38,73.84,59.78,61.9,69.32,53.8,79.06,68.02,71.52,70.7,66.12,61.32,59.62,68.66,66.6,54.62,53.58,58.38,47.9,70.98,53.22,47.72,39.12,35.9,24.08,35.86,31.2,39.08,30.66,32.82,38.9,23.76,45.1,38.86,51.86,34.22,47.22,43.18,37.4,41.04,41.94,45.3,32.0,38.06,31.1,44.04,39.98,54.92,48.82,46.86,53.82,40.08,30.36,37.68,33.0,36.36,18.72,30.62,30.58,16.64,15.34,41.74,46.78,23.32,44.32,55.9,36.94,64.32,71.16,78.24,76.02,69.28,47.5,64.88,92.7,112.16,88.26,95.72,93.38,92.7,93.5,148.26,150.14,141.88,148.58,156.14,154.12,179.72,170.72,220.52,217.76,196.28,220.78,198.7,234.96,232.24,275.72,240.5,256.04,316.16,208.24,340.22,332.1,349.48,328.2444,320.774,313.7434,306.4574,299.9922,294.9048,290.85400000000004
Illinois,33.54,147.88,300.4,335.96,366.34,464.82,438.0,639.16,555.58,689.88,776.96,948.24,848.42,854.74,1433.42,709.6,893.22,1004.92,749.74,1123.32,1319.08,1030.88,1068.0,1220.84,1486.84,1284.56,1384.38,1423.48,2009.08,1392.42,1442.88,1447.2,1225.64,2079.84,1848.56,1334.92,1322.72,1675.58,2095.78,1691.74,2227.44,2063.4,2666.2,2851.84,3574.84,3061.66,3311.6,3203.58,2962.98,3779.6,3517.5,3111.52,4045.74,3663.28,3707.14,2990.62,2234.66,2315.5,4657.96,2848.14,3526.54,3079.34,2560.9,2454.96,2946.06,1964.02,2690.36,2014.98,2580.5,1816.82,2475.68,1852.66,1267.84,1391.04,1419.72,1551.76,1484.12,1418.02,1404.04,1771.42,1375.68,1342.94,1332.66,1224.48,1433.32,1153.06,1281.94,942.44,1102.54,814.42,792.18,974.08,722.8,735.68,673.0,635.48,703.2,633.72,816.94,592.36,575.24,761.0,813.26,653.4,644.92,678.12,773.46,683.04,709.72,750.7,776.92,710.2,634.32,838.58,1500.36,938.88,1111.528,1157.8142,1222.0176,1276.8442,1329.8256,1381.5338,1432.4864
Indiana,28.38,56.56,57.74,75.5,99.42,100.6,161.08,185.34,213.7,260.98,306.94,364.22,392.06,402.38,327.72,396.0,301.02,414.62,436.14,451.6,465.8,408.32,452.74,380.74,394.82,480.04,512.68,540.3,623.56,490.58,469.68,469.06,598.64,574.46,581.52,709.46,553.8,549.96,471.14,616.68,678.7,718.92,670.36,848.62,795.48,821.88,774.0,911.0,839.58,935.96,824.2,821.98,890.44,936.94,853.38,706.92,683.36,669.74,541.62,648.72,700.1,728.98,745.88,710.56,591.02,654.44,567.56,606.26,525.52,532.06,434.6,468.3,369.14,582.76,517.4,612.96,533.62,507.32,374.9,506.1,608.6,635.68,572.38,558.38,527.0,473.48,490.02,503.18,561.5,478.82,494.6,460.62,374.26,312.56,366.12,391.36,349.62,346.34,429.92,262.5,276.56,365.02,416.36,390.42,375.74,386.74,334.7,331.58,361.66,416.32,391.58,434.44,459.06,385.3,312.04,509.74,524.3866,549.5744,570.7502,589.9634,607.5804,623.26,636.4446
Iowa,56.48,18.7,10.94,27.46,17.08,37.76,51.3,56.52,30.86,58.0,53.98,46.2,124.84,108.72,56.32,95.22,84.32,83.02,77.84,79.96,78.6,92.9,81.82,99.76,103.76,82.86,106.8,111.42,88.76,142.86,153.82,138.36,183.32,255.6,453.1,801.76,554.5,500.12,144.96,186.42,326.04,457.84,377.76,596.02,595.6,582.48,478.96,688.5,684.94,632.88,743.8,566.92,617.22,719.0,695.28,393.44,402.26,640.08,565.36,528.88,474.88,505.18,418.3,447.34,407.74,410.98,403.78,542.94,412.84,431.52,344.62,301.28,180.88,588.38,282.54,420.36,296.06,329.52,272.58,355.36,452.24,581.1,406.52,335.96,340.0,424.58,363.42,472.3,436.52,370.84,350.34,268.96,322.88,175.94,276.68,446.3,360.64,234.68,462.58,279.2,295.8,189.86,590.98,318.8,291.62,418.22,290.9,233.4,406.48,552.42,253.7,521.18,424.18,279.06,315.26,548.68,572.4508,567.2336,567.9958,568.2038,571.2238,575.4636,579.7106
Kansas,18.12,7.44,22.72,21.4,27.42,37.9,36.0,34.6,40.8,43.64,42.48,63.66,50.28,58.46,94.6,52.2,78.64,54.56,66.52,54.08,102.78,80.02,73.0,108.18,139.28,128.32,145.0,141.58,201.06,93.28,136.12,113.74,148.66,184.28,208.6,160.64,136.8,172.9,160.94,191.12,178.26,146.72,242.08,202.84,303.58,233.12,296.68,261.66,196.24,275.42,325.98,345.48,284.8,287.6,314.0,247.92,186.04,223.7,348.82,200.3,278.48,240.84,201.86,135.94,245.56,140.52,188.48,157.98,202.08,137.72,159.92,91.74,146.58,120.82,102.28,141.48,136.78,86.1,185.8,197.14,162.56,168.7,142.02,160.78,97.74,223.8,221.2,183.48,117.7,181.0,134.78,120.78,198.6,154.58,185.22,145.82,190.56,130.8,146.54,262.04,215.5,250.6,252.0,221.94,215.36,166.18,280.18,252.38,270.04,269.84,289.74,283.86,184.12,397.76,380.24,394.88,344.3968,332.8784,326.7324,323.453,320.8572,319.20099999999996,317.8436
Kentucky,91.7,12.02,19.9,5.68,40.9,41.24,52.54,29.42,48.16,85.5,79.62,73.94,80.3,122.78,76.22,53.42,140.02,4.86,125.84,1.92,135.62,46.68,4.16,163.68,1.56,155.9,379.98,1.78,291.32,66.28,33.8,180.7,212.58,81.08,221.22,262.32,95.52,150.9,188.24,120.94,265.0,136.14,206.74,122.54,337.4,245.88,301.38,165.56,4.3,343.74,233.14,819.14,196.02,286.56,225.02,183.54,5.32,329.86,195.46,4.6,369.82,263.18,258.6,3.62,315.36,133.46,99.38,107.24,147.08,113.84,2.58,1.44,384.4,140.8,94.62,299.92,191.96,2.7,527.0,166.26,305.04,413.48,310.56,422.96,4.62,349.64,370.22,271.18,87.66,249.28,282.0,3.22,345.58,4.36,355.78,210.78,283.78,165.02,150.14,112.48,303.26,247.84,225.5,226.16,254.0,61.6,119.22,251.58,186.84,181.36,255.0,2.5,1.4,917.8,314.04,430.56,292.0378,302.0724,304.0108,306.8154,309.7228,307.8876,307.2426
Louisiana,94.56,101.46,328.7,200.08,313.68,404.98,594.28,185.66,725.0,490.98,917.92,830.04,702.3,809.34,326.56,650.28,1251.04,1264.8,2620.58,1094.48,2116.82,585.48,1997.26,1368.34,749.66,1212.42,1008.88,863.2,666.14,542.76,564.46,492.96,633.04,625.1,523.7,409.48,618.9,389.22,411.2,427.76,332.46,349.42,313.84,460.58,334.7,507.42,424.34,753.76,495.8,270.5,570.5,469.6,606.96,337.88,262.98,694.88,286.72,324.36,321.7,877.0,953.16,424.74,329.12,444.32,327.04,397.44,298.52,1119.9,401.84,4.7,234.46,659.08,272.0,524.86,297.14,4.84,725.6,370.62,604.02,500.68,538.66,575.08,465.5,664.1,564.42,419.74,989.88,597.14,605.1,628.02,1515.4,483.04,853.26,680.02,962.48,7.32,5.78,874.64,522.0,514.14,1460.96,917.12,882.42,1087.7,6.7,1325.94,831.68,988.84,1776.26,1136.22,1331.1,8.1,1837.34,1316.28,1734.7,1872.16,1192.289,1154.757,1124.5704,1114.391,1104.1048,1103.6136,1093.4602
Maine,2.24,7.52,9.3,15.1,19.92,24.54,27.1,36.1,33.9,35.28,35.78,33.94,36.92,36.04,36.1,32.3,30.98,34.08,33.66,39.78,33.5,42.94,32.62,33.24,36.24,31.0,35.06,31.74,22.08,33.48,31.48,37.52,26.58,27.54,24.28,21.76,17.38,16.8,25.22,23.94,24.12,39.32,32.36,38.88,37.12,43.36,45.46,52.18,42.98,42.22,44.18,44.86,55.38,55.66,47.78,42.34,46.82,41.04,33.34,40.88,47.18,48.84,53.0,45.4,40.52,45.5,46.62,37.64,41.78,40.94,31.5,34.2,32.98,43.44,46.38,50.92,41.64,44.18,37.08,38.28,52.62,50.14,53.54,53.12,51.82,46.14,43.94,42.52,52.64,49.68,46.04,53.34,35.34,28.02,32.5,34.56,32.32,34.8,36.44,24.56,18.98,38.44,28.84,27.32,30.2,23.76,31.7,28.38,21.36,26.1,30.36,26.0,26.5,36.4,23.76,32.36,37.6232,41.3902,44.4974,46.6792,48.7368,49.827,50.8124
Maryland,36.06,79.2,72.2,90.8,100.02,143.0,138.68,190.16,193.44,225.2,214.92,266.52,331.3,287.96,298.5,314.6,314.46,342.72,318.42,369.02,368.42,495.78,489.98,444.18,755.04,606.46,578.66,856.6,627.68,621.54,762.48,527.18,704.72,927.12,831.0,654.32,769.4,614.74,722.44,915.0,763.96,1033.0,946.74,1371.66,1058.38,1193.9,1393.28,1706.2,1206.72,1255.34,1754.72,1374.66,1560.82,1739.4,1598.44,1373.8,1623.86,1104.6,995.58,1137.32,1121.62,1394.44,1423.8,1171.78,1083.54,1392.56,1108.14,1112.58,930.04,1071.98,782.28,768.84,804.46,1054.12,1067.68,1110.02,998.04,858.86,710.3,952.76,1126.1,1175.64,981.16,875.64,822.68,834.56,836.54,773.52,897.24,603.7,614.94,536.68,548.92,443.04,535.98,382.72,338.0,432.68,431.44,372.0,399.18,354.74,388.0,319.2,346.0,347.82,394.06,336.82,342.78,402.02,363.42,321.12,307.44,274.44,475.28,503.76,548.1494,565.4072,599.1638,632.6298,664.2224,693.6118,721.053
Massachusetts,14.6,85.86,84.14,122.42,154.52,234.68,281.18,312.06,309.8,887.86,1312.62,912.7,1273.9,1291.0,1013.3,938.72,930.8,1244.1,1119.94,1389.64,1304.36,895.78,1373.0,1313.7,1549.72,2065.56,1998.32,2219.84,2989.84,2152.5,1540.54,2250.98,2583.8,2668.14,2232.32,1995.58,1756.76,1769.16,1891.96,2549.58,3930.76,2616.68,2092.4,2754.1,2765.24,2806.88,2561.1,2212.0,2384.5,2503.7,1745.68,1969.86,2680.44,2383.02,2324.78,1904.42,1712.66,1108.48,1348.1,1819.78,2012.28,1750.1,1776.02,1664.76,1116.4,1103.52,1178.1,1210.42,935.66,938.06,840.26,645.5,537.0,667.12,755.5,668.46,859.68,762.06,451.84,471.04,586.68,599.14,560.98,678.36,534.68,331.56,456.96,426.66,623.22,471.8,399.6,325.48,143.74,252.32,300.14,294.52,236.78,272.66,164.88,176.28,236.28,195.18,219.42,197.88,289.34,219.64,109.16,122.5,224.58,158.02,219.12,210.24,143.44,166.86,191.02,265.76,313.3042,356.2726,413.1124,470.0928,528.6052,582.611,634.572
Michigan,67.0,87.08,59.78,227.64,309.78,425.66,386.64,1064.76,660.04,1080.9,1139.46,916.58,1280.62,1340.8,1253.78,1261.64,1191.3,1875.24,1488.96,1953.66,1593.3,1740.36,1659.02,1853.32,1428.28,1208.56,1127.54,1339.98,798.52,2002.48,1587.24,1397.4,926.94,1263.36,923.1,816.08,649.98,823.86,1280.54,1290.0,1203.3,428.74,911.78,765.8,1793.04,1608.68,1367.12,1110.5,1018.38,784.1,556.0,852.16,1125.76,871.88,992.36,633.54,679.3,723.74,883.4,780.86,1510.86,812.2,631.9,862.22,1047.92,658.38,904.24,646.66,598.16,494.18,327.5,238.78,384.72,797.24,507.48,644.82,371.6,513.0,292.06,419.7,565.82,443.32,859.56,146.38,111.42,227.56,119.38,34.3,351.32,285.88,204.3,319.06,51.96,228.9,232.68,327.34,299.76,425.02,218.98,293.84,262.52,371.9,403.42,277.06,315.48,240.1,263.06,490.72,318.0,480.28,371.1,416.98,325.56,393.94,566.86,648.66,757.4058,704.8458,691.415,696.2614,712.1642,730.6708,751.3960000000001
Minnesota,10.52,54.44,54.38,41.46,37.78,50.56,43.96,67.08,58.18,47.52,45.14,78.54,65.74,50.3,122.94,57.92,59.68,63.24,63.9,67.86,78.0,150.5,63.76,72.86,122.96,63.48,131.06,87.48,157.24,72.28,98.14,119.52,41.4,208.96,179.36,129.46,141.34,143.5,252.62,238.74,265.82,389.9,384.84,608.82,537.78,607.78,643.26,820.48,638.6,812.56,817.02,776.5,961.26,907.66,847.02,774.78,636.64,660.68,811.02,676.32,780.34,817.72,823.92,700.5,685.24,780.74,696.94,613.94,650.56,638.64,591.48,592.2,500.4,591.12,658.18,690.88,637.24,578.5,492.5,651.04,695.12,706.54,700.78,626.98,673.3,567.64,587.14,537.88,634.48,472.62,496.92,497.88,422.74,387.18,419.62,399.26,356.12,410.5,459.7,323.66,364.6,366.04,370.38,333.42,322.2,346.56,353.86,425.04,350.46,328.82,303.44,209.0,489.12,438.42,524.24,438.72,491.2066,523.9518,548.2802,567.7654,583.1638,596.3516,606.7384
Mississippi,1.3,14.42,30.62,45.26,51.52,85.6,166.7,165.18,99.3,152.9,142.98,157.84,153.12,123.96,130.42,101.54,89.78,156.76,102.06,184.98,86.72,219.72,104.68,161.62,89.48,261.2,203.9,192.62,165.28,193.32,180.18,301.44,293.24,165.44,210.08,332.1,254.86,208.48,219.58,243.6,239.86,273.74,250.72,288.1,349.34,320.16,327.88,394.18,276.02,168.46,508.98,485.22,308.66,362.66,540.1,337.7,197.96,264.52,296.1,265.0,448.66,394.68,368.24,234.26,160.48,324.62,283.32,267.92,381.0,350.22,225.16,196.66,302.88,389.86,302.04,422.1,379.74,319.92,330.94,344.7,351.8,303.1,242.5,301.48,407.68,920.08,602.8,509.86,9.08,728.2,288.82,283.7,457.16,438.06,528.22,7.78,4.5,3.74,6.22,1910.18,602.7,627.28,1025.14,438.42,375.94,332.5,712.62,638.82,592.46,698.94,746.66,979.92,223.22,430.48,822.66,690.52,605.8026,525.5522,489.8702,472.8124,460.3346,457.0024,454.1528
Missouri,26.9,26.7,41.16,49.54,74.86,91.02,106.44,96.0,165.26,158.5,168.1,222.68,215.38,219.6,179.38,202.38,236.06,253.98,275.96,211.82,276.86,224.22,265.26,268.22,208.2,251.06,288.64,224.54,250.58,220.88,267.52,180.74,269.36,230.34,209.06,261.42,220.32,204.66,233.2,241.62,169.24,224.8,244.94,260.7,272.02,285.42,262.06,317.66,269.26,311.32,282.88,339.7,261.98,282.32,239.8,220.62,217.54,263.9,212.98,198.3,241.38,239.74,226.62,185.92,245.32,216.82,179.18,213.38,165.28,149.76,139.06,140.5,161.84,206.62,175.42,189.26,201.14,168.78,215.7,302.08,262.1,284.74,265.16,277.54,178.72,258.04,325.9,294.32,251.0,263.08,290.38,242.16,284.18,255.7,307.68,251.88,289.94,308.72,283.04,282.42,398.36,361.92,372.12,335.6,278.96,276.58,439.2,410.58,512.3,421.0,435.76,382.96,336.26,556.64,585.98,657.82,568.7342,550.345,541.8580000000001,536.94,534.1056,532.4764,529.9896
Montana,0.86,1.94,5.34,8.62,11.48,12.36,15.06,16.46,16.86,16.38,16.52,18.62,16.7,17.76,16.22,16.18,16.26,11.06,17.38,16.1,16.68,18.12,14.64,12.54,15.4,15.7,15.62,11.9,12.36,12.42,11.66,17.64,12.58,9.94,10.2,8.46,5.74,7.5,5.36,5.28,4.6,9.9,8.38,5.34,5.0,5.22,6.72,4.56,6.66,5.76,6.22,4.4,4.68,5.74,2.82,4.8,3.86,5.44,5.0,5.42,4.86,6.64,5.6,5.2,3.28,3.76,3.46,4.38,3.14,3.42,4.0,3.04,2.28,4.02,5.2,4.2,5.2,6.1,5.04,7.1,9.26,9.48,8.66,8.88,7.98,8.22,12.16,14.08,11.66,11.98,13.72,14.72,13.58,19.32,17.96,17.82,19.62,19.38,21.24,20.2,20.24,28.98,26.66,29.8,32.2,29.4,29.34,30.28,34.26,35.08,35.32,46.08,35.72,41.14,39.66,47.78,45.46,44.4618,43.1394,42.2506,41.4052,40.7284,40.3364
Nebraska,14.38,21.4,13.64,12.54,10.02,12.84,22.86,29.22,22.26,20.08,18.22,21.84,41.38,40.16,30.24,40.38,32.32,36.26,38.62,31.7,49.4,78.1,49.2,43.12,100.24,75.0,89.24,122.7,111.04,60.14,87.8,82.04,105.52,148.88,199.44,221.4,157.24,154.22,100.92,201.42,203.66,271.56,246.92,370.56,314.1,335.46,389.22,508.18,379.14,433.0,516.48,442.82,475.56,514.58,492.14,399.72,390.74,398.5,330.08,352.36,368.96,424.8,444.66,354.82,344.24,432.8,314.14,362.38,303.02,348.46,255.86,257.8,246.44,364.74,331.46,371.26,325.82,264.18,219.54,360.72,382.46,405.92,337.52,299.48,273.2,288.64,287.9,268.28,280.72,228.72,218.82,183.98,206.9,151.76,198.02,182.04,156.72,125.08,195.88,130.94,126.38,126.28,192.5,141.3,131.96,110.08,143.24,124.72,138.6,147.04,133.96,136.42,122.92,156.52,139.3,213.32,196.0526,203.0682,211.1702,220.2302,228.4466,237.0146,243.9668
Nevada,17.86,17.8,50.72,67.08,78.52,105.0,98.92,111.48,123.62,120.66,125.28,156.58,146.6,153.18,160.96,141.4,183.48,106.1,182.8,145.44,153.54,146.78,134.12,167.68,159.92,130.4,166.42,121.88,163.7,164.14,155.04,138.36,113.22,197.96,118.2,105.26,119.6,115.68,156.42,98.36,94.48,110.46,147.4,154.68,190.66,155.62,143.36,169.74,165.76,168.66,204.82,159.0,200.8,190.54,153.28,159.92,131.76,116.44,303.14,156.14,174.56,192.1,118.24,139.38,176.02,83.56,161.86,125.34,162.58,99.36,153.56,123.3,80.58,81.62,92.78,123.02,105.02,133.74,158.68,143.14,191.14,188.02,209.82,191.22,275.36,229.42,244.06,256.6,292.96,274.56,307.62,323.92,283.86,351.0,275.36,362.02,405.9,438.52,414.66,349.94,442.26,511.66,455.32,540.84,618.84,652.4,470.42,594.14,593.76,685.3,651.04,812.9,782.24,661.08,689.24,819.02,859.3264,830.679,811.8142,793.9524,777.81,765.413,754.0706
New Hampshire,2.92,10.08,14.26,20.36,23.76,29.0,33.74,47.9,44.42,49.84,52.58,45.44,53.88,52.86,53.3,49.68,48.36,47.72,46.86,62.58,49.84,60.84,62.3,48.22,47.8,77.18,63.28,63.46,54.42,72.28,50.04,73.66,65.32,64.28,66.8,64.88,77.38,48.16,76.14,57.0,73.56,95.34,75.6,114.52,83.98,98.22,111.32,134.36,108.84,107.48,125.54,109.04,127.22,135.72,121.58,102.94,99.78,89.42,86.4,95.74,102.8,113.74,117.44,108.2,90.74,108.12,84.62,87.1,74.76,84.68,66.82,73.9,61.42,83.7,84.94,89.46,76.88,67.92,59.82,76.62,86.28,94.46,84.4,77.8,72.2,58.56,58.64,58.46,64.78,47.82,54.84,43.0,35.22,29.98,41.08,34.16,26.3,31.4,39.98,17.22,20.24,20.98,36.7,25.54,27.3,27.62,14.66,19.74,19.18,24.6,20.56,21.24,25.06,24.06,15.98,30.04,33.3876,37.2668,40.9458,44.2724,47.3788,50.174,52.7276
New Jersey,33.68,277.98,274.66,478.5,745.2,429.0,1126.4,1435.64,2010.26,1947.52,1632.22,3804.86,3124.88,3230.16,3238.96,4033.38,2154.0,3821.98,3197.94,4129.16,4094.92,3828.4,3832.1,3176.78,3048.94,3452.04,3725.26,4052.86,4358.96,3717.26,4827.68,2634.9,4768.28,3260.98,3390.28,4512.98,3705.92,4180.74,3587.54,3592.5,1777.58,3160.7,4308.78,3446.14,3968.14,3377.76,2834.42,2670.98,2879.88,4122.32,2532.58,3430.02,1962.78,2746.24,2407.36,1932.56,2036.68,2149.4,966.72,918.26,1332.84,1609.04,1318.28,2025.34,2043.5,1387.56,1508.5,780.36,952.94,544.62,928.64,977.5,727.06,1023.98,552.06,1521.3,734.84,926.82,657.42,782.12,718.46,624.42,883.68,712.1,467.46,587.32,529.9,827.74,648.2,428.54,521.1,413.98,357.22,407.26,299.68,444.14,380.98,338.46,392.14,315.82,339.24,173.06,288.8,320.2,238.9,278.8,94.74,378.22,223.24,347.34,305.6,284.66,361.34,237.24,238.28,162.7,399.0676,561.865,682.0916,785.2194,870.7755999999989,959.6034,1028.6424
New Mexico,15.36,12.66,21.12,18.46,22.34,29.48,26.38,36.46,35.04,44.38,46.86,47.58,50.54,52.68,73.14,49.44,73.22,45.12,56.24,59.92,62.42,59.42,62.68,85.94,44.86,98.94,110.02,64.66,111.34,94.94,70.54,85.36,84.4,109.12,108.12,96.54,111.3,82.52,153.36,95.62,118.52,119.6,150.2,179.7,190.64,176.86,202.32,230.12,167.68,220.34,247.04,267.14,232.88,249.12,229.86,196.98,150.86,182.26,259.56,163.06,237.58,222.54,201.3,167.18,213.78,165.08,167.62,148.36,173.2,144.78,145.22,131.12,142.84,127.94,132.54,165.42,148.12,114.54,175.62,174.82,177.92,193.08,177.64,181.0,153.5,176.56,182.66,157.26,143.52,157.6,162.98,139.32,155.52,120.98,151.06,132.96,154.38,140.54,149.56,142.5,156.92,177.58,174.62,178.66,183.98,167.58,169.08,187.2,183.48,199.98,205.14,211.5,181.92,277.38,238.74,275.26,266.4474,262.8044,261.6514,261.4958,261.2296,260.8156,261.236
New York,59.56,1459.72,2837.86,4869.44,6519.42,7717.06,9205.04,10150.14,10951.58,11005.76,11487.46,11332.48,11111.04,11092.26,10602.46,8930.92,9456.94,8657.6,8645.46,10280.56,10156.72,10743.22,8845.4,7499.36,10935.32,10230.42,10477.82,9603.56,9344.68,8486.26,8440.92,12510.08,9818.02,7420.6,7886.42,6812.78,5400.62,5901.74,4957.18,4690.88,6853.24,10076.86,7066.36,6038.94,4829.76,6145.36,5793.36,4295.22,5433.1,4762.58,4020.66,3427.8,4170.64,4532.06,3833.38,3463.34,3476.68,2470.9,1929.9,3007.02,2886.6,3317.26,2922.54,2652.78,1649.06,1808.38,1727.92,1956.34,1589.8,1607.34,1500.76,1263.08,1151.64,1373.78,1713.98,1463.14,1374.52,1275.7,1280.32,1623.12,1454.76,1446.38,1202.32,1427.42,1314.12,1264.98,1191.54,959.06,1041.16,1002.5,1059.02,1039.34,916.76,789.38,627.98,679.98,782.08,729.52,796.32,632.72,652.58,647.22,704.9,641.8,595.54,568.34,393.16,507.76,562.12,715.68,721.66,702.88,516.36,616.6,541.88,693.96,1033.6252,1298.0828,1540.6274,1751.3614,1949.9048,2112.1254,2272.2066
North Carolina,61.7,74.9,107.8,79.3,164.98,181.18,161.0,153.82,132.2,247.7,328.76,240.62,218.6,215.94,250.0,147.52,179.88,177.0,309.46,279.94,219.2,226.5,285.42,275.24,214.64,275.52,275.54,382.04,331.22,353.86,283.86,267.64,307.1,405.68,295.04,288.46,307.86,264.66,512.04,359.92,436.62,345.04,398.36,433.7,603.08,536.84,601.42,335.24,546.36,414.6,368.08,641.14,745.9,722.54,615.56,531.8,800.78,472.24,558.82,814.38,690.84,614.48,700.32,693.64,549.18,159.5,1035.52,406.96,1145.54,666.26,574.6,630.08,513.46,588.54,830.68,959.18,768.16,1187.04,1240.76,478.48,1196.78,997.3,1220.34,1756.66,1612.42,1695.72,1481.28,1601.98,1939.28,2250.16,1839.44,2411.4,1554.9,1047.02,1067.96,1492.66,1618.96,1538.4,1598.08,1229.38,835.14,2060.18,1209.34,1310.7,1333.22,1129.98,1814.38,1439.86,1163.68,1339.8,1635.14,1373.26,1344.9,2026.86,1125.78,1458.42,1730.9279999999999,1927.3974,2038.0088,2105.5806,2144.6732,2153.18,2151.4922
North Dakota,3.74,4.28,6.32,6.78,8.4,9.66,12.54,14.48,12.08,13.74,14.72,14.42,16.96,16.82,19.84,16.28,14.94,13.12,14.14,20.24,18.74,18.1,20.64,17.26,16.66,23.86,20.34,21.94,22.12,24.28,18.82,25.0,24.78,29.86,47.9,61.86,52.76,46.28,33.9,23.1,34.42,50.34,51.72,64.76,67.48,63.0,65.52,75.0,73.92,74.34,82.66,71.88,77.3,84.68,81.14,59.48,52.02,66.96,84.16,67.0,65.46,65.0,57.88,61.6,59.38,47.2,58.04,54.74,61.68,50.48,49.34,43.96,28.04,52.38,40.62,49.12,41.74,44.54,41.6,47.18,54.06,59.12,48.96,48.22,48.3,51.26,47.8,53.18,51.98,49.66,46.38,45.48,41.78,26.76,33.38,44.96,43.44,31.12,49.54,31.72,28.88,34.8,53.4,34.52,34.06,38.3,36.34,32.06,38.14,45.14,34.28,43.82,41.82,45.4,36.64,50.44,53.4334,56.4666,58.9688,60.2562,61.413999999999994,62.2924,63.1952
Ohio,53.46,42.22,74.86,109.74,120.48,138.34,195.56,236.34,218.44,242.28,278.36,277.52,348.78,339.76,312.64,388.96,285.18,286.72,316.2,408.18,391.28,384.24,405.3,358.36,367.06,484.56,407.92,531.06,408.28,553.3,487.6,476.52,584.0,586.9,885.04,1136.72,978.8,928.9,490.68,479.9,516.44,640.64,771.44,798.3,935.88,811.0,799.4,857.64,879.5,834.32,1026.76,871.88,772.8,871.02,936.56,657.72,618.24,943.86,754.2,807.88,699.98,675.94,593.58,615.3,576.72,559.76,547.8,703.96,511.0,508.78,401.42,530.96,524.38,694.22,415.7,525.18,457.1,497.6,547.68,509.44,553.92,736.56,518.54,545.82,709.34,711.1,607.4,725.34,623.02,626.88,582.28,522.78,610.7,500.16,519.72,765.16,694.52,517.56,775.98,730.32,679.22,616.62,969.34,722.26,709.2,800.32,763.88,725.28,852.4,1035.56,689.66,1061.74,1035.78,896.24,943.4,1178.52,1216.4662,1232.1154,1228.507,1223.0094,1219.2106,1217.721,1216.964
Oklahoma,10.26,9.68,17.24,25.12,32.28,40.44,43.92,43.08,57.18,70.62,75.58,92.66,94.06,101.54,89.08,90.86,98.98,104.16,129.66,112.08,125.94,104.5,120.9,120.86,95.32,119.0,112.1,104.98,104.38,110.4,112.24,93.68,109.6,117.92,87.4,97.34,86.32,98.14,113.8,104.78,84.68,68.22,108.92,94.06,157.34,136.2,146.18,115.56,134.4,142.42,121.34,150.4,144.64,137.9,131.74,111.82,93.7,122.2,138.4,145.96,149.66,131.92,129.06,112.2,112.48,91.96,117.36,97.04,87.54,82.48,93.66,58.8,51.76,110.06,101.38,78.1,109.06,135.7,110.8,146.12,161.42,153.4,196.42,172.78,164.34,162.22,209.32,254.62,217.5,232.18,219.78,211.12,208.8,282.82,280.66,288.02,314.2,331.02,317.14,327.96,378.42,374.32,394.64,336.28,350.56,353.8,364.78,451.52,518.28,407.98,437.06,460.0,347.88,588.44,580.42,586.1,557.7356,551.322,545.1866,536.6608,529.2418,522.6,515.8628
Oregon,4.02,11.28,24.94,35.1,45.28,54.62,64.56,70.06,76.94,70.58,72.54,79.02,74.68,73.22,80.42,69.68,72.1,55.5,72.94,71.62,76.56,82.88,69.1,62.44,86.26,79.7,74.14,90.92,79.56,66.48,76.2,78.5,79.48,78.14,77.6,66.0,56.34,60.18,56.86,67.08,52.76,73.72,84.62,68.56,72.5,71.2,89.9,72.66,77.98,63.0,90.8,71.54,80.68,78.72,91.42,75.56,75.58,59.66,82.06,76.98,69.5,77.42,67.38,57.36,61.22,40.74,67.5,54.62,79.54,54.32,53.18,44.7,46.0,54.2,58.72,71.02,67.3,77.78,68.38,101.24,108.0,80.16,121.54,112.4,168.04,150.28,127.24,155.18,155.38,182.88,154.2,173.68,154.82,175.06,128.82,174.7,203.32,189.38,190.58,186.66,198.72,211.58,194.9,201.46,215.0,220.1,166.38,262.82,243.18,230.86,256.72,259.14,249.74,265.94,229.04,275.3,293.3512,292.2836,291.0498,288.6566,286.7506,284.6676,281.2096
Pennsylvania,67.28,68.86,111.44,181.5,241.26,295.3,347.72,540.58,504.54,644.02,706.42,741.72,835.44,867.04,853.98,938.58,851.5,1146.56,1165.18,1226.16,1397.54,1232.14,1443.36,1347.98,1810.68,1433.98,1296.54,2031.64,1489.22,1590.6,1831.54,1274.7,1653.08,1844.9,1878.84,1406.4,1396.16,1553.12,1278.6,1891.36,1449.24,1159.78,1712.2,1483.2,1990.82,1704.58,2009.28,1697.26,1219.94,1225.14,1857.68,1671.36,1521.62,1617.68,1800.42,1453.02,1766.54,1159.02,1008.0,1214.08,1358.72,1228.42,1112.5,915.16,1143.02,988.34,1079.56,1039.8,843.72,722.34,459.76,401.42,867.86,850.48,673.26,771.44,730.16,580.02,753.38,661.36,809.12,774.68,721.28,586.9,522.24,894.96,748.44,633.18,720.46,684.7,513.26,397.22,688.02,496.0,485.46,445.04,520.1,450.7,363.08,691.64,645.68,646.54,489.06,506.42,408.64,414.56,623.9,630.72,571.12,694.52,673.56,435.08,532.0,770.78,859.06,885.68,863.4,881.3306,900.9169999999999,925.2028,949.2486,976.0006,998.5668
Rhode Island,0.6,2.78,9.06,16.78,13.86,20.64,20.92,23.34,27.38,27.14,30.52,50.26,53.74,44.5,74.66,89.38,60.48,79.68,78.7,91.72,153.44,154.36,194.46,139.4,444.72,256.8,177.5,502.8,333.46,231.6,386.68,196.2,379.52,454.14,492.22,298.4,352.34,367.7,213.44,477.52,325.04,310.88,417.72,384.42,393.48,347.86,511.9,432.0,271.1,232.3,557.86,354.1,366.96,438.08,496.84,392.7,551.18,226.96,207.08,297.18,202.92,287.62,264.14,182.22,214.08,215.5,243.22,235.68,187.66,184.7,106.32,19.22,135.3,151.48,131.86,128.18,145.52,78.9,98.72,136.96,156.62,128.02,77.96,53.46,43.34,216.18,142.18,138.52,153.38,112.82,10.86,6.2,138.68,84.2,44.76,43.88,61.9,3.14,4.64,149.8,78.78,59.48,25.0,19.16,2.86,3.02,95.72,42.18,36.52,62.16,43.52,4.82,1.78,3.26,93.0,49.54,48.5598,56.0394,64.166,72.6784,79.6364,87.14299999999999,94.2036
South Carolina,20.46,23.3,48.68,50.7,72.42,91.18,101.36,114.04,141.72,149.84,169.0,153.92,175.56,168.24,156.32,197.5,171.64,120.58,216.8,182.62,158.72,183.76,177.34,164.7,93.08,239.18,175.38,202.74,199.76,225.36,138.2,160.16,214.2,197.3,152.4,154.12,173.54,109.3,218.02,208.34,147.94,129.48,189.22,168.1,161.14,157.0,224.92,203.9,216.88,132.08,219.3,225.56,207.9,205.74,246.34,227.18,206.72,173.78,217.08,256.0,231.96,264.58,260.8,234.36,190.68,141.58,226.32,194.2,270.48,206.9,173.68,186.38,201.96,217.1,266.14,329.06,319.9,372.08,324.3,467.32,533.38,386.74,653.2,607.24,916.14,729.38,644.6,830.22,834.3,997.62,871.96,967.64,819.18,979.68,743.44,989.3,1163.22,1116.6,1100.76,1021.68,1163.68,1170.4,1127.74,1186.1,1280.7,1306.36,918.04,1537.92,1407.66,1341.78,1499.88,1523.06,1504.2,1564.32,1270.7,1615.1,1700.3792,1681.6484,1662.3076,1640.9402,1618.6574,1596.9754,1571.8626
South Dakota,2.66,4.9,5.4,5.18,7.64,8.42,7.28,9.92,8.48,19.1,27.2,19.94,25.54,23.74,27.58,29.28,23.86,28.66,31.84,41.4,41.36,42.36,61.28,46.18,88.02,84.86,62.3,124.86,94.32,80.84,89.86,68.9,103.34,116.32,115.7,81.24,100.26,86.74,86.28,120.0,105.58,97.72,108.94,122.82,112.32,106.88,141.2,126.86,95.68,85.96,142.9,119.6,126.58,143.12,142.08,118.94,154.7,78.68,72.74,106.04,88.82,105.16,109.22,93.06,80.22,79.04,98.64,79.4,88.22,80.7,52.88,44.02,63.64,66.36,76.14,79.44,78.34,73.04,77.52,58.66,89.46,81.38,76.84,90.66,83.5,107.88,87.66,93.24,107.66,107.46,77.28,89.64,85.16,58.04,55.34,62.28,67.36,61.52,61.86,69.26,47.44,81.42,48.62,50.3,50.84,41.8,75.62,57.9,47.32,56.68,65.48,47.9,45.2,70.5,52.7,58.9,68.818,78.0974,84.1024,88.9914,92.8506,95.3906,97.2486
Tennessee,3.8,57.76,78.36,84.64,140.58,210.78,209.82,225.92,496.24,357.54,332.78,269.1,346.24,265.68,280.3,254.88,464.8,597.28,77.28,53.98,230.56,356.18,178.08,308.14,212.92,268.46,253.48,263.86,427.58,134.04,253.88,7.14,359.24,98.7,366.2,528.4,187.68,159.96,4.24,834.86,403.1,444.06,604.48,397.64,201.24,433.46,471.76,1138.76,875.64,736.2,637.32,175.24,374.0,225.68,447.56,368.44,346.4,810.96,735.72,371.76,374.94,318.8,348.16,141.3,746.14,490.86,4.02,603.04,401.76,359.22,297.9,415.82,387.42,466.46,377.9,358.58,441.04,6.26,5.32,2165.52,639.14,483.26,539.62,608.06,537.74,962.42,972.8,539.62,581.56,925.96,515.06,1160.66,1085.38,935.92,415.94,722.08,1245.82,429.24,808.18,535.82,824.64,1020.92,795.44,1149.28,606.68,8.44,2132.28,1158.12,1525.04,1303.54,1445.32,1412.7,1129.0,835.76,1270.78,2473.7,1808.2,1577.7888,1460.8178,1413.2902,1389.3986,1376.9974,1363.4484
Texas,32.56,65.02,102.48,261.46,264.0,336.78,390.64,160.28,260.18,443.4,623.42,546.52,609.36,739.84,488.88,455.62,689.12,603.22,723.92,658.02,809.92,716.42,863.94,811.34,843.9,1328.34,909.54,1028.66,748.96,761.04,868.76,1008.06,1102.92,986.44,963.98,648.94,568.62,988.32,789.42,1197.28,819.08,507.08,954.04,553.68,1540.72,1189.22,1863.16,1022.32,1423.72,1456.84,1305.22,1660.94,1514.9,1447.4,1545.6,1410.26,1357.98,1884.74,1149.86,2237.04,1699.14,1513.3,2096.64,1295.16,949.6,1620.02,1233.22,1278.6,557.28,1137.18,986.4,609.22,899.04,1619.88,1783.1,509.46,1650.22,2096.94,1349.34,2157.38,2128.12,2292.52,2219.04,2345.84,1550.06,1917.78,2957.98,3669.5,2518.04,2763.38,2303.78,2336.32,2562.76,4149.22,4595.84,3994.1,4160.02,4213.24,4157.8,5626.84,5305.62,5725.6,6251.86,4440.82,4733.36,3851.26,6556.62,6261.42,8013.96,5463.96,6141.76,6936.5,3367.3,9587.18,9808.02,9106.7,7993.0326,7951.024,7818.9896,7662.9172,7546.9012,7425.9134,7341.7678
Utah,23.08,26.4,40.78,48.2,75.0,86.68,103.88,98.16,108.44,117.8,127.52,130.8,125.8,129.84,115.1,113.92,108.64,80.62,142.22,117.8,122.5,134.66,114.64,104.88,100.78,132.88,149.02,130.54,131.62,114.06,105.18,136.72,145.38,118.8,137.28,172.28,121.58,120.74,120.72,116.32,120.08,162.64,152.72,160.92,186.6,180.7,205.32,171.42,188.66,189.02,189.42,273.62,219.72,249.54,216.74,186.6,215.5,209.14,145.54,219.0,210.54,221.0,247.36,202.82,171.72,141.76,239.18,167.24,249.46,200.68,146.22,155.8,170.54,223.88,242.0,286.24,241.06,299.82,309.6,227.58,375.8,348.5,389.42,451.7,439.94,441.62,417.8,484.48,506.92,560.66,491.22,546.04,440.68,384.26,398.1,495.02,518.5,498.32,518.84,420.82,420.4,578.48,490.78,480.26,507.3,470.2,491.12,567.46,532.24,521.14,575.0,553.32,510.84,763.42,514.58,642.14,677.3294,707.3696,722.4318,728.7048,730.8026,727.9252,723.972
Vermont,0.36,5.64,11.48,19.18,26.34,30.04,36.76,41.64,44.4,40.62,40.76,42.16,38.24,37.9,38.32,30.18,33.7,27.96,28.84,32.96,33.16,39.04,28.56,22.48,34.92,29.9,31.12,26.32,20.54,22.72,24.18,39.22,24.0,15.6,19.96,17.06,11.88,14.72,10.74,4.78,6.68,26.78,17.46,10.64,5.72,10.74,11.36,6.32,9.8,7.22,9.2,4.58,5.6,7.58,5.18,5.96,7.26,6.5,3.16,6.1,3.74,6.56,5.42,3.98,2.38,3.1,4.08,3.28,5.92,4.14,3.52,5.02,4.86,5.0,6.96,5.74,4.84,5.84,6.88,6.9,7.52,6.82,6.68,9.14,9.68,10.96,8.1,7.36,8.6,9.86,9.04,12.0,8.4,5.46,4.96,7.04,8.1,7.86,8.32,6.24,4.22,9.18,6.48,5.62,5.26,5.0,7.66,6.1,5.52,5.94,7.98,6.04,6.7,8.68,5.44,6.9,8.7614,10.3454,11.3168,12.151,12.68,13.1186,13.5258
Virginia,12.8,43.42,56.1,44.0,45.78,59.8,87.68,137.36,86.36,109.06,230.48,126.74,214.04,195.14,212.28,151.96,212.86,244.68,209.3,311.7,361.78,271.46,265.98,435.66,333.56,412.08,485.04,620.62,292.4,608.78,495.62,404.72,449.94,639.6,683.82,588.8,504.44,703.96,615.7,612.7,453.74,632.3,809.4,822.4,1145.08,820.1,1030.26,1103.4,919.76,1263.02,1292.18,1171.74,1127.7,859.54,1123.76,1139.08,1232.08,1515.68,960.76,1257.28,1276.9,1099.2,1211.14,967.92,952.18,1386.52,870.52,1190.4,738.34,818.34,498.64,1500.52,1772.9,1067.96,1143.9,1053.22,1070.4,1152.86,1114.94,951.2,882.92,1143.3,772.64,1119.76,1995.46,923.86,853.14,679.22,699.96,689.3,796.6,964.14,572.28,575.42,480.26,517.0,534.44,612.22,651.2,530.98,553.3,543.42,424.84,505.32,553.22,445.18,493.5,561.58,376.94,472.82,575.62,656.54,615.4,435.72,552.18,635.08,821.7938,897.7908,930.168,958.9874,979.4178,996.175,1013.4110000000001
Washington,17.48,90.0,179.22,261.1,349.7,422.0,491.46,514.48,579.6,539.54,560.26,573.76,522.08,526.0,513.12,417.46,490.5,396.28,510.54,493.3,534.12,529.2,463.52,372.2,494.94,448.7,468.9,400.5,339.34,325.98,351.78,528.12,356.6,289.48,309.38,248.52,205.56,227.58,220.72,141.34,167.86,428.1,334.18,277.12,233.48,290.1,325.8,285.34,322.96,285.36,323.84,281.58,344.28,358.72,291.7,298.72,278.22,255.18,277.8,312.04,299.7,315.78,310.76,268.48,227.9,210.44,290.36,238.34,308.6,225.68,241.72,241.12,182.64,246.06,289.36,285.38,277.16,319.66,311.66,303.3,387.5,353.68,391.02,440.58,458.26,420.84,427.62,436.24,471.58,505.26,494.52,525.9,425.78,396.96,382.86,413.9,451.12,481.3,490.54,381.98,420.46,554.68,462.94,470.12,448.96,480.84,472.56,541.38,540.68,503.28,576.34,503.62,540.76,694.24,564.18,635.64,654.5676,689.311,707.4956,718.8204,724.9272,727.6998,727.7362
West Virginia,3.44,2.38,2.52,7.78,9.62,13.66,13.54,22.34,15.72,26.16,28.08,22.56,32.6,32.72,27.58,28.46,29.18,38.48,33.12,39.52,33.66,35.86,35.96,39.16,32.52,31.46,27.56,29.56,18.7,42.86,36.9,34.24,27.52,33.5,33.74,45.08,32.42,35.1,30.26,30.88,33.7,24.18,29.56,31.34,55.68,49.32,43.54,39.16,43.76,36.58,35.06,37.3,41.64,40.9,43.16,25.66,26.66,38.42,36.84,41.46,45.16,35.58,28.64,31.98,34.62,25.72,32.58,33.7,26.34,26.12,20.14,13.4,12.78,39.82,24.82,24.54,22.9,31.32,23.48,28.06,36.26,38.46,40.16,30.58,20.78,30.86,34.4,42.36,40.16,40.82,33.8,34.04,33.68,36.62,43.68,48.68,47.08,46.0,49.56,52.14,50.08,56.32,68.94,48.54,49.56,47.24,63.1,60.24,74.04,67.52,58.82,75.86,47.78,84.28,85.58,94.06,89.4968,88.3984,87.3552,86.4802,85.6568,85.1516,84.916
Wisconsin,17.66,45.48,60.68,82.24,99.76,130.02,153.8,177.64,173.1,164.52,172.92,178.88,189.68,192.36,171.56,167.06,170.28,122.84,188.0,185.32,158.42,221.4,154.0,139.66,166.84,180.48,205.1,170.06,158.24,160.92,133.84,221.16,154.9,182.22,175.78,197.74,157.28,121.2,156.82,182.3,190.06,333.2,250.82,401.44,294.64,351.72,391.76,535.94,424.7,455.64,531.3,459.58,523.0,567.0,494.98,445.1,431.22,412.32,363.12,400.96,440.62,501.58,540.6,446.38,376.96,515.84,381.94,413.66,361.9,415.82,318.24,350.28,302.64,435.14,451.22,480.3,424.84,395.7,304.94,427.6,522.24,530.2,491.94,455.58,476.86,418.26,420.44,429.6,437.74,400.02,411.42,392.9,339.1,358.56,385.54,350.5,326.4,366.24,408.1,378.38,327.06,417.32,455.62,428.9,479.32,458.54,377.92,435.3,423.12,470.06,478.82,583.78,498.08,504.52,451.74,593.84,610.281,612.3548,615.7076,619.524,621.2862,624.3428,625.618
Wyoming,1.34,1.82,3.38,5.34,7.14,8.4,11.6,10.64,12.04,11.96,13.24,13.48,14.64,15.06,12.38,13.34,11.22,12.28,14.86,14.66,16.02,14.2,15.1,10.4,12.56,14.6,13.9,13.06,11.5,11.78,12.04,15.42,14.92,11.62,19.56,28.2,21.88,20.78,8.84,9.78,11.62,16.98,16.9,18.42,21.06,19.54,18.0,18.6,21.86,19.92,20.02,19.5,18.38,19.36,19.86,13.38,11.6,21.32,15.34,19.02,15.16,14.4,14.18,12.84,11.38,10.76,12.58,16.28,12.66,10.64,10.9,8.46,5.44,17.32,10.46,11.54,10.76,14.5,11.82,14.98,17.22,20.36,17.34,16.76,13.56,18.9,20.12,24.24,19.36,21.12,19.22,16.92,19.54,19.14,20.98,24.62,24.04,19.02,26.84,26.88,24.62,24.78,35.36,25.02,22.24,23.9,27.58,27.06,34.84,31.94,25.26,31.26,26.46,38.6,39.16,42.74,39.5056,39.9018,40.0554,39.6596,39.6144,39.4546,39.1706
US,151.0,1363.0,1732.0,2774.0,5231.0,5308.0,6335.0,7915.0,10080.0,10241.0,11926.0,18015.0,18162.0,19690.0,19107.0,21446.0,25939.0,25422.0,30370.0,31926.0,33004.0,27830.0,29602.0,30709.0,31642.0,34686.0,33452.0,29979.0,28444.0,25285.0,27108.0,29041.0,31229.0,32698.0,28288.0,25943.0,27302.0,25473.0,28239.0,34028.0,36429.0,32889.0,27623.0,22390.0,24615.0,27375.0,29622.0,34126.0,29016.0,25536.0,22440.0,24105.0,25211.0,27819.0,27049.0,25715.0,19789.0,18818.0,21910.0,21164.0,27520.0,25183.0,25052.0,18990.0,21705.0,20354.0,23560.0,25482.0,24029.0,21753.0,20723.0,18920.0,18853.0,18221.0,22725.0,24342.0,24160.0,20071.0,17254.0,20832.0,19867.0,20861.0,25112.0,22438.0,17660.0,17353.0,17985.0,20649.0,22924.0,25146.0,25402.0,19703.0,19579.0,23643.0,25505.0,27697.0,31507.0,32459.0,26374.0,30497.0,35066.0,34799.0,39807.0,45193.0,42561.0,38912.0,41307.0,45527.0,51083.0,54374.0,53231.0,45763.0,49754.0,44262.0,59886.0,58560.0,58510.1568,58519.6752,58498.437999999995,58469.3518,58451.2626,58459.8224,58438.825
