Var1,Var55,Var56,Var57,Var58,Var59,Var60,Var61,Var62,Var63,Var64,Var65,Var66,Var67,Var68,Var69,Var70,Var71,Var72,Var73,Var74,Var75,Var76,Var77,Var78,Var79,Var80,Var81,Var82,Var83,Var84,Var85,Var86,Var87,Var88,Var89,Var90,Var91,Var92,Var93,Var94,Var95,Var96,Var97,Var98,Var99,Var100,Var101,Var102,Var103,Var104,Var105,Var106,Var107,Var108,Var109,Var110,Var111,Var112,Var113,Var114,Var115,Var116,Var117,Var118,Var119,Var120,Var121,Var122,Var123,Var124,Var125,Var126,Var127,Var128,Var129,Var130,Var131,Var132,Var133,Var134,Var135,Var136,Var137,Var138,Var139,Var140,Var141,Var142,Var143,Var144,Var145,Var146,Var147,Var148,Var149,Var150,Var151,Var152,Var153,Var154,Var155,Var156,Var157,Var158,Var159,Var160,Var161,Var109_1,Var110_1,Var111_1,Var112_1,Var113_1,Var114_1,Var115_1
Province_State,3/15/20,3/16/20,3/17/20,3/18/20,3/19/20,3/20/20,3/21/20,3/22/20,3/23/20,3/24/20,3/25/20,3/26/20,3/27/20,3/28/20,3/29/20,3/30/20,3/31/20,4/1/20,4/2/20,4/3/20,4/4/20,4/5/20,4/6/20,4/7/20,4/8/20,4/9/20,4/10/20,4/11/20,4/12/20,4/13/20,4/14/20,4/15/20,4/16/20,4/17/20,4/18/20,4/19/20,4/20/20,4/21/20,4/22/20,4/23/20,4/24/20,4/25/20,4/26/20,4/27/20,4/28/20,4/29/20,4/30/20,5/1/20,5/2/20,5/3/20,5/4/20,5/5/20,5/6/20,5/7/20,5/8/20,5/9/20,5/10/20,5/11/20,5/12/20,5/13/20,5/14/20,5/15/20,5/16/20,5/17/20,5/18/20,5/19/20,5/20/20,5/21/20,5/22/20,5/23/20,5/24/20,5/25/20,5/26/20,5/27/20,5/28/20,5/29/20,5/30/20,5/31/20,6/1/20,6/2/20,6/3/20,6/4/20,6/5/20,6/6/20,6/7/20,6/8/20,6/9/20,6/10/20,6/11/20,6/12/20,6/13/20,6/14/20,6/15/20,6/16/20,6/17/20,6/18/20,6/19/20,6/20/20,6/21/20,6/22/20,6/23/20,6/24/20,6/25/20,6/26/20,6/27/20,6/28/20,6/29/20,06/30/20,07/01/20,07/02/20,07/03/20,07/04/20,07/05/20,07/06/20
Alabama,0,0,0,0.2,0,0.2,0.4,0.8,0,1.4,1.4,0.4,2.8,0.6,1.4,1.2,3.4,4,4.8,5.2,4,2.6,2.8,17.8,6.8,7,6.6,7.4,3.8,5.6,13.4,10,12,16,5.6,5.2,13,10.6,11.2,12.8,7.8,5.2,5.6,12.6,13,20.2,13.4,10.8,3.8,5.8,10.2,16.6,13.8,12.8,18.6,7.4,2.4,11.2,17.6,14.2,14.4,11.2,6,3,5.6,17,11.4,19.2,9.2,9.6,3,4.4,10.6,11.2,15.6,12.4,9.6,5.8,12.2,10.4,9,9.4,15,9,4.8,8.8,21.4,12.4,14.8,13.2,10.6,2.8,8.8,12,13.6,16.4,14.6,10.6,2.8,1.8,14.8,12.8,15.6,9,10.2,4.8,6.2,5.812,5.018,4.428,3.954,3.578,3.242,3.052
Alaska,0,0,0,0,0,0,0,0,0,0,0,0,0,0.2,0,0.6,0.2,0.4,0,0.2,0,0.2,0.2,0.6,0.2,0.2,0,0.2,0,0.2,0.2,0,0.2,0.4,0,0,0.2,0.4,0.4,0.2,0.2,0,0.2,0,0.2,0,0,0,0,0,0.2,0,0.4,0.2,0.2,0,0.2,0,0.4,0,0.2,0,0,0,0.2,0.2,0.2,0,0,0,0.2,0,0,0,0.2,0,0.2,0,0.4,0,0.2,0,0,0,0.2,0,0.2,0,0.4,0.4,0,0,0,0,0,0,0,0,0,0,0,0,0.2,0,0,0,0,0.014,0.024,0.034,0.03,0.024,0.03,0.03
Arizona,0,0.2,0,0,0,0.8,0.8,0.6,0.2,0.8,0.4,1.8,2.2,3.8,2.6,3,4.4,5,6.6,6,7,7.6,6.8,7.8,9.8,9.4,7.2,9.6,8,9.2,11.6,10.4,20.6,15.2,7.2,4.4,9,13.8,14.8,20.8,14.2,6.6,5.8,2.2,10,23.2,19,17.6,6.4,14.4,6.4,25.2,28.4,29,40.6,17.6,5.4,11.4,22,23.8,32.2,24.6,21.2,5,5.8,30,32.8,24.6,17,21.8,4.4,8.8,4.6,23.8,23.6,33,22,4.4,7.8,35.4,23.4,22.6,29,26.2,10.6,7.4,28.8,28.4,28,22.4,29.2,5.8,6.8,31.8,23.2,43.6,31.8,28.8,13,15.2,41.2,47.8,33,34,33,15.2,17.8,14.626,12.478,10.548,8.944,7.73,6.786,6.67
Arkansas,0,0,0,0,0.2,0,0.2,0.2,0.2,0.2,0,0.4,1,0.4,0.4,0.2,1.8,0.2,1.4,1,0.8,0.8,2,2.2,2,2.4,2,2,0.8,2,2.6,2.2,1.4,4.6,0.4,1.2,2.6,2.4,3.4,6,2.2,1,1,1,2.8,3.8,4,3,3,1.4,1.4,5.4,4.8,4.4,4.4,1.8,1.2,4,3.8,4.2,4,4.8,2.4,2.6,1.2,4,4.4,4.2,4,2.4,1.8,0.6,1.8,2.6,3.6,4.8,3.8,1.6,1.4,3.8,4.2,2.4,2.8,3.6,1.2,1,5.2,5.6,4.6,2.8,2.8,0.8,2.2,4.4,5,5,7.4,3,1,3.4,6,3.8,2.4,3.4,2.4,2,2.4,2.048,1.914,1.54,1.506,1.3,1.142,1.236
California,0.6,2,3.8,5.2,5.4,4.8,7.8,5,8.4,11.2,14.8,14.6,16.6,19.2,11.6,19.8,30.8,26.8,40,37.6,33.2,54.6,48.2,56.4,57.8,56.6,49,36,31.8,48.6,82.2,78,79.2,85.4,66.8,40.2,68.4,74.8,95.8,108,87,53.4,49.4,47.8,73.6,84.8,89.4,71.8,62,44,51.8,115.2,88.8,97.4,101.2,63.6,32.6,53.6,102,86.8,96,75.4,69.6,32.2,50.8,102.8,93.4,82.8,70.8,70.2,34.6,30.4,41.8,98.4,89.2,78.6,56,28.6,46.2,86.8,79.2,69.4,79.2,55.6,25,35.8,85.8,88.8,73,60,61.8,18.4,26.6,81,65,80,77,53.8,21.2,39.4,79.4,84,64,66,59,29,37.2,32.016,29.626,27.54,24.776,22.418,21.21,20.484
Colorado,0.2,0.4,0.8,0.4,1.4,0.4,1.4,1.8,2,4.8,2.4,4,6.6,9.6,2.8,4.4,13,9.6,11.8,13.2,14.8,10.8,9.6,27.4,22.2,25.4,30,23,12.8,13.4,28,28.8,29.8,27,17.6,11,15.4,36,26.4,37,50,17.4,17.2,19.2,29.4,28,54.4,38.4,8,9.8,12,35,61.6,26.8,19.4,19.6,11.2,18.2,27,41.4,24.4,33.2,24.2,9.6,13.2,27,28.4,20.8,20.2,4.8,8.4,3.4,15,22.4,22.6,16.2,10,3.8,7,28,15.2,15,8.6,11.8,4,8.2,11,11,11,5.2,6.8,5,7.2,7.4,18.6,5.8,8.2,5.8,1.4,9.4,8.2,4.6,3.4,6.4,4.4,1.2,2,4.002,4.564,4.722,4.786,5.004,5.064,4.932
Connecticut,0.2,0.2,0,0.2,1,0.8,0.6,3.6,2.8,2.8,5.8,2,5,3.8,3.2,4.6,31.6,17,21.6,27,31.8,27.2,23,68.2,48.2,46.4,63.2,56.8,64.2,45.8,80.6,145.6,97.4,55.4,50.8,53.6,209.8,121.4,118.4,91.2,123.6,90.2,59,90,94,93.8,103.6,62.4,119,11.8,112.4,76.2,84.8,81.8,80.2,65.8,42,53,39.4,80.8,81.4,65.4,53.2,58.8,47.8,19.6,50,54.8,57.6,29.2,23,40.6,29.2,33.8,23.8,34.2,52.8,29.6,23.8,5.6,17.6,18,34.8,22.4,13,12.4,16.6,20.6,24.2,11.2,30.2,17,1.2,7.4,10,9.4,10.2,10.2,7.4,1.6,13.6,11.2,11.2,14.6,4,7,5.6,5.17,8.248,9.754,10.596,11.38,11.246,11.882
Delaware,0,0,0,0,0,0,0.2,0.2,0.2,0.4,0.2,0.4,1,2,0.8,0.4,2.2,2,1.8,1.4,2.8,1.8,2.8,5,4.8,5.8,4,4,3,2.2,5.8,7.2,4.2,11.2,7.6,4.4,9,9.4,7.6,6.2,9.6,5.2,5,5.8,4.2,5,10.6,11,5.4,6.4,4.4,7.2,9.6,11.4,6.6,5.4,2.4,4.8,11.6,11.8,8,9.8,7.8,5.4,2.8,3.6,10,5,11.6,3.6,1.6,4.8,4.4,9,13,8.4,3.8,3.4,2,4.6,8.4,8,4.6,4.6,2.8,2.4,6.2,5.6,5.6,4.2,2.4,2,3.6,6.4,5.4,2.6,5,1.6,0.8,9.8,15.2,4.2,5.4,6.2,2,1,2,2.772,2.476,2.402,2.452,2.094,1.962,2.09
District of Columbia,0,0,0,0.2,0.6,0.4,0.4,0.4,0.2,0,1.2,0.8,0.6,1.4,0.6,1.2,3,2.2,2.6,5,4.4,4.4,2.8,6.4,6.2,5.2,6.8,6,3.6,2.8,7.8,12.4,6,6,8.8,7.4,17,13,10.2,10.2,8.6,10,6.6,5.8,9.4,9.4,11.4,9.4,14.8,6,11.8,9,8.8,9.2,9.4,7.2,5.4,6.8,6.2,9,12.4,9.2,9.2,5.8,5.4,5.2,7.8,7.8,5.4,4,5,4.6,3,7,5.4,6.8,7.2,3.2,2,3,4.8,4.4,6.2,2.2,4.6,5,5.4,4.4,3.8,4.4,2.8,2.8,1.8,2.6,4.4,2.8,2.8,1.6,2,1.6,4.4,1.6,2.4,2.8,2.2,1.8,2.4,2.324,2.282,2.39,2.342,2.214,2.206,2.172
Florida,0.2,0.2,0.2,1,2.6,1.6,1,0.6,5.8,1.6,7.4,10,8,11.2,7.4,6,26.2,14,38.6,22.6,21.4,29.4,14.8,53.8,44.2,42.6,44.6,48.6,26,38.6,57.2,42.2,68.4,50,21,25.6,30.8,44,49.4,74.2,40.8,18.8,19.4,16,64.6,48.6,52.2,41.4,34,21.4,20.2,59.2,72,64.4,59.4,44.2,10.4,20.8,44.8,54.4,55.4,44.6,41,12.6,22.6,42,57.8,41.2,39,30.2,15.4,13.8,11.2,56.4,41,41.8,36,10.6,9.4,48.2,40.2,34.4,45.6,39,16.2,7.2,41,42.2,52.6,32.2,32.2,10.2,9.4,38.8,36.8,49.4,42.4,50.6,12.6,24,53.2,64.2,37.6,42.8,37.8,23.2,23.6,20.092,17.972,16.392,14.446,12.934,11.55,11.742
Georgia,0.4,0.2,0,1,3,1.8,3.6,3.8,1.6,5.8,5.6,5.2,7.2,7.8,12,7.4,26,24.6,27.8,21.2,21,15.4,19.2,76.2,28.4,21.4,33.4,16.8,7,29.8,49.4,38.8,42.4,45.8,21.2,14.2,64,30.4,48.8,40.6,21.4,12.8,18.2,65.4,39.4,57.8,30.8,38.2,11,7.2,48.2,56.4,37.4,36.8,40,10,4.2,49.6,64.2,24,32,38.8,13.8,11.8,33.2,29,31.4,65.2,26.4,12.2,3.6,21.6,53.6,30.2,37.8,19,22.2,33.8,43.8,17,19.2,30.4,24.2,7.6,2.4,39.2,58.8,48.2,44.8,48.4,22.4,4.8,38.2,32,37.8,37.4,36.4,11.4,1.8,5.8,49.2,6.8,33,28.2,8.4,4.8,13.8,9.052,8.36,8.074,7.716,7.228,7.616,7.514
Hawaii,0,0,0,0,0,0,0,0,0,0,0,0,0.4,0.2,0.2,0.2,0.8,0.2,0.4,0.2,0.6,0.6,0.4,0.4,0.2,0.2,0.8,0.2,0.2,0.6,0.4,0.8,0.4,0.4,0.2,0,0.2,0.4,0.2,0,0.4,0.6,0.4,0.4,0,0.2,0,0.6,0.2,0.4,0,0.2,0.4,0.6,0.4,0.4,0,0.2,0.2,0,0,0.4,0,0.4,0,0.2,0,0.4,0,0,0.2,0,0,0,0,0,0,0,0,0,0,0.2,0.6,0,0,0.2,0,0,0,0,0.2,0,0,0,0.2,0,0,0,0,0,0,0,0,0,0,0,0,0.024,0.016,0.024,0.016,0.04,0.036,0.028
Idaho,0,0,0,0,0,0,0.4,0,0.2,0,0.6,0,0.4,0.2,0.8,0.8,0.6,0.4,2,1,1.2,1.4,2.2,3.4,2.6,1.8,1.8,1.2,1.4,3,2.4,2.2,2.6,2,1,1,0.8,1.6,2,3,0.8,1,1,0.4,2,1.6,0.6,0.6,1.8,0.4,1.4,1.2,1,0.8,1,0.8,1,1,1.6,1,1,1.2,1.2,0,0.2,1,0.6,0.4,0.8,0.6,0.4,0,0.2,0.4,0.2,0,0.4,0.6,0.4,0.2,0.4,0.4,0.2,0,0.4,0,0.4,0.2,1.2,1,0.6,0,0.2,1,0.6,0.8,0.2,1,0.2,0,0.2,0.8,1.6,0.2,0.4,0.2,0.2,0.154,0.182,0.2,0.208,0.218,0.196,0.22
Illinois,0,0.8,0.2,0.4,1.2,1.8,1.6,1.2,3.8,4.8,6.4,8,11.6,13.2,11.2,12,32.6,34.8,37.6,36.2,34.8,37,45.2,66.8,66.6,70.6,81.4,76,47.8,60.4,86.2,73.4,99.6,70.2,104.8,52.2,78.2,116,88.4,132.2,118.4,83.2,63,54.8,135.4,124.8,149.8,92.8,113.6,65,47.8,166.8,164,131.6,110.2,97,53,59.4,136.2,157.2,131.8,127.4,96.6,48.8,54.2,155,135.4,91,105.4,108.4,55.2,38.2,52.8,143,108.6,103,59.4,43,42.8,117.2,93.6,93.4,66,70.6,32.8,49.2,77.2,77,73.4,54.4,55.6,22.2,18.8,61.6,63.8,51.6,46.2,47.4,25.2,32.8,40.2,61.8,40,39.8,27.8,20.6,24.4,30.124,29.494,28.758,26.182,25.036,23.842,23.444
Indiana,0.4,1.2,0.6,0.4,1,0.2,0.8,2.2,1,4,4,1.4,9.6,7,2,6,18.4,14,13.8,21.6,14.6,13.6,13.4,36.4,27.2,41.6,48,33.6,18.6,19.4,36.8,46.2,45.2,37.8,27,15.4,28,57.8,37.2,54.2,81.2,29.2,26.2,32.4,52,55.6,92.2,71.2,10.8,15.8,15.8,69,97,43.6,31.2,32.8,21.4,26.2,43,65.8,36.2,56.8,46.6,20.2,20.6,51.6,59.8,35.4,24.2,18.4,14,4.6,17.2,34,37.2,38.2,19.2,11.6,10.8,42.4,19.4,29.4,21.8,24,8.2,13.2,21,20.2,18.4,14,20.2,7.2,10.8,15.8,33.6,23.4,18.8,13.4,8.2,9,16,17.6,12.2,16,13.8,5.8,7,8.776,9.12,8.946,8.80399999999999,8.596,8.606,8.264
Iowa,0,0,0.2,0,0.2,0.4,0.2,0.2,0,0,0.2,0.4,0,0.6,1,0.4,1.2,1.8,0.8,1.2,0.8,4.2,3.8,2.8,3.6,3.2,3.2,4.8,4.6,5.4,5.2,3.4,5.2,5,13.2,3.8,7.2,9.2,8.4,7.6,10.8,9.2,6.2,6.4,9.6,12.2,7,7.8,13,6.8,8.4,13.6,13.6,11,12.8,10.6,9,9.4,17.4,14.8,14.2,13.8,7.6,8.4,6.6,15,13,11.4,13.2,10,9.4,5.8,8.4,17.6,13.6,7.6,10.2,6.8,9,12.8,10.6,12.2,10.2,7.2,3,7.4,8.8,6.4,11.4,8,7.2,3.2,3.6,6.2,7.6,6.6,5.4,4.8,2.6,1.4,4,4,6,3.6,3.8,2,4.2,4.26,4.054,3.958,3.486,3.482,3.116,3.118
Kansas,0,0.2,0.4,0.2,0,0.2,0.4,0.4,0.2,1.2,1,0.2,0.6,1,2.6,1.8,2.4,3.4,1.6,3.8,3.2,4.6,3.6,5.4,3.6,3.6,3.8,2.6,3.8,4.2,7,6.4,4,4.6,4,2.2,5.8,4.6,5,5.8,6.6,4.4,1.8,4.6,3.6,4.6,4,3.6,4.2,1.4,4.4,5.8,5,3.4,3.4,1.8,1,3,5,4.2,5.2,3.8,2,0.8,2.4,2.8,2.4,3.8,2.2,1.4,0.8,1.2,2,2.4,3,2.2,2.6,1.4,1.8,2,2.2,1,2.4,1,0.2,2.2,2.4,3,3.4,1.6,2.4,0.4,1,2.6,2.8,1.8,1.6,1.4,0.8,1,2.8,2.2,2.8,3.2,1.8,1,1,0.872,0.81,0.842,0.738,0.782000000000001,0.762,0.69
Kentucky,0,0,0.8,0.6,1,0.6,0.6,0.2,1.2,1.4,1,1.2,1.8,2.8,1.4,2.8,5,3,8.4,4.2,3.6,5,3.8,13.8,6,8.6,8.4,5.8,4.8,7.4,10.4,9.4,11,10.2,7.4,8,9.2,8.4,8.4,11.2,5.8,4.4,4.6,10.6,9.8,11.6,11,10.2,3.6,2.6,7.4,11.8,9.4,8.2,6.6,4,2.2,6.6,10.4,7.4,6.8,8.6,3.6,2.4,5.6,6.6,7.8,7.2,4.4,3.4,1.6,2.4,5.6,9.2,8.4,4.2,3.6,4.8,5.8,3.6,4,5,5.8,2.4,1.4,5.2,8,7.6,6.6,5.2,3.8,1.8,5.4,4.8,5.6,4.6,6.8,3.4,1.2,1,6.2,3,5.6,5.6,1.6,1.2,1.4,1.592,1.614,1.632,1.592,1.676,1.592,1.524
Louisiana,2.2,2.2,6.6,8.2,11.8,9.4,8.2,4.4,16.2,15.6,22.6,22.4,28,32.2,14,24.6,41.6,30.2,54.4,50.6,40.2,68.8,46.6,63.2,64,53.8,57.6,44.6,39,51,87.2,82.6,76.6,54,45.4,34.2,36.2,67.2,68.6,108,68.4,45.2,30.4,23.4,74.4,45,61.4,54,32.6,16.4,35.4,50.2,46.6,40.8,27,34.4,16.2,28.8,33.2,34.6,33.8,30.6,31.6,13.6,48,33.8,29,20,26.6,4.4,23.2,7.6,17.2,30.6,28.8,19.8,21.2,8.4,8.6,27.2,21.8,14.4,27.6,13,9.2,10,16.2,12.4,21.2,8.8,12.2,8.6,5.8,20.4,18.4,8.8,16.8,16,4.8,14.4,17.8,13.4,11.4,17,3.8,5.4,4.2,5.116,6.22,6.46,6.678,7.388,7.682,8.166
Maine,0,0,0,0,0,0.6,0,0,0.2,0,0.2,0,0.2,0.2,0.8,0.2,2,1,0.8,1.6,1,0.8,0.6,3,1.2,1.6,3,1.6,0.8,0.8,0.4,1.4,1.6,1.2,1.4,1.4,1.8,1.8,2.4,1.8,1.8,0.8,1.4,1.8,1,2.2,2.6,2,1.8,0.8,1.6,1.6,2,1.4,1.6,1.8,1,2,2.2,2.6,1.4,1.4,1.4,1,0.8,1.8,1.4,1,1.2,1.2,0.4,0.2,0.6,1.6,1.4,0.8,1.2,0.2,0,0.6,0.4,1,1,0.6,0,0.4,1,0.4,0.6,0.4,0.6,0,0.2,1,0.6,0.2,1,0.4,0,0.4,0.4,0,0,0.8,1,0.6,0.2,0.25,0.26,0.302,0.3,0.342,0.324,0.308
Maryland,0.2,0,0,0,0,0.8,0,0.8,0.4,0.6,0.6,0.8,1,1.2,4,3.4,7.4,8.8,9.6,9,13.2,13,20.4,17.2,23.4,19,23.8,25.6,28.4,23.2,31,41,39,26,63.4,27,78.8,54,57.4,51.6,58.4,54.6,41.4,40.8,54.6,56,55.8,24,82.4,30.8,42.8,69.6,58.8,52.2,63.2,50.8,35.8,36,70.6,69.6,65.6,52.8,37.6,40.4,39.8,63,61.6,50.6,56.6,52,35.8,29.4,29.4,58.8,45.6,36.2,36.4,27.4,26.6,36,39.6,40,33,28.6,17.4,21.6,35.2,35.8,34.8,23.4,24.6,10.8,6.6,27,20.6,17,18.4,18.6,11.4,6.6,18.2,18,17.6,16.4,13.2,10.4,10.2,13.506,13.716,13.844,12.844,12.51,11.966,11.778
Massachusetts,0.2,0,0,0.2,0.2,0.8,0,7.4,3.6,2,4.6,12.8,13,9.2,4.6,8.8,31.2,30,27.4,35.4,28.4,17.4,36,97,76.6,81.2,87.6,99.8,71.8,90.4,5,253.8,10.4,146.4,147.8,283.6,5.4,260.6,222.4,183.6,209.2,177.8,169.6,104.8,161.6,235,150.6,146.4,137.2,161.4,89.2,125,193,138.4,159.2,125.2,148.4,127.4,42.4,161.8,159.6,110.6,118.4,88,73.4,75.8,123.6,87.4,78.6,65.6,66,45.2,55.2,61.2,103.2,73.2,54.2,74,184,51.6,69.4,47.2,39,53.2,26.8,43.2,54.4,40.6,35.8,39.6,36.4,54,21.4,15,74.4,42.2,29.8,27.4,26.2,21.6,16.2,41.8,31,57,32.4,15.8,37.2,23.154,25.78,27.506,28.392,28.762,27.37,25.712
Michigan,0,0,0.6,0.8,1,0.4,4.8,6,6.4,12,17.8,24.2,29.8,24.8,29.6,46.6,78,69.4,77.6,60.4,62.4,86.2,102.4,119.8,110.2,131.6,181.2,121,98.2,121.2,189.2,155,102.4,234.4,89.4,101,83.4,117.8,248.4,166.6,115.6,61.2,159.6,82.4,176.2,108.8,122.2,74.6,137.6,37.6,87,55.4,72.4,88.4,69,120.6,29.2,29.4,94.2,51.4,66.6,37.6,70.6,13.8,26.8,109.4,47,78.2,36.6,64.4,7.4,13.4,32.2,67.6,44.2,34,62.4,25,26.4,40,20.4,30.6,75.4,7.8,12.8,10.6,12,4.2,33.8,6.8,27,3,2,18.2,3.6,22.6,8.2,27,2.6,5.6,17.2,8.2,15.8,4.6,15.8,3.8,2.6,6.598,9.508,11.116,13.002,12.508,13.656,14.308
Minnesota,0,0,0,0,0,0.2,0.4,0.4,0,0.6,0.6,0,0.8,0.6,3.2,2.6,2.2,3.8,2,3.4,4.8,3.6,3.6,2.6,4.8,12.4,8,10.6,6.2,4.6,8,8.6,4.8,18,17.4,13,6.4,11,18.2,21.2,15.6,22.6,17.8,10.6,15.2,26,29.2,23.6,30.2,26.4,18.4,21.6,25,25.2,23.6,28.2,22.2,17,31.6,25.8,30.6,28.6,19.4,17.2,11.6,23.2,25,25,27.2,17,25,14.4,23.4,29.4,25.6,19.2,21.4,13.4,9.4,16.6,17.6,18.2,24,10.4,10.4,17.6,21.2,25.6,16.4,14.4,9.6,8.6,12.4,18.2,18.8,18.2,15.2,7.8,8.4,5.2,10.8,11.2,12.6,8,10,8,11.8,11.856,11.252,10.612,9.688,9.578,8.658,8.218
Mississippi,0,0,0,0.2,0,0.2,0.4,0.8,0.2,0.4,0.6,1.4,1.2,3,2.6,2.6,3.8,4.2,4,4.6,4.8,6.6,8.2,7.6,9.6,12.6,4.6,10.4,4.2,6.8,6.8,7.2,8.4,12.6,10.8,5.8,9.8,14.4,12,14,14.6,9.8,9.4,5.2,12.4,14,19.2,13.6,16.4,11.8,6.2,20.4,21,24.6,18.2,11,9,10.2,24.6,20.4,19,20,16.8,10,5.8,16.4,24.6,10.2,23.2,11.4,7.8,6.8,7.6,23.6,22.6,14.4,12.6,6.4,5,16,16.6,16.6,9,8.8,7.6,5,14.6,19,10.4,9.6,8.6,4.8,4.4,16.8,12.4,5.4,6.4,4.8,4,13.2,21,15.4,7.4,11,5.6,2.8,7.6,6.112,5.516,5.26,5.134,4.42,4.338,4.096
Missouri,0.2,0.2,0.6,0.6,0.8,0.8,1.6,1.2,1.6,2.4,4.2,2.6,3.4,5.4,2.8,4,7.4,6.4,6.2,9.2,7.4,10.6,6,13.4,12.2,12.6,14.8,9,10.4,13.4,14,21.4,15.6,14,11.4,13.4,19.4,20.8,17.8,20,23.4,14.2,10.8,15,15.2,20.4,22.2,12,12.4,6.4,13.2,19.6,20.2,12.2,13.4,10.2,7.2,11.6,12,16.6,12.2,15.8,13.6,6.6,10.8,11.4,11.2,11.4,8.6,7.2,5.8,5,6.2,10,9.4,11.8,9.2,5.4,8,8.8,5,6.8,7.8,6.4,3.8,6.2,8.6,10.2,7.8,4.8,6.2,2.4,3,7.8,6.8,9,8.4,6.2,3.4,3.8,8.8,9.8,6.6,6.4,3.2,2.4,2.6,3,3.036,3.12,3.004,2.77,2.848,2.838
Montana,0,0,0.2,0,0,0.2,0,0,0,0,0.8,0,0.4,0.4,0.4,0.6,0.2,0,0.6,0.8,0.2,0.8,0.4,0.2,0.6,0.4,0.2,0.2,0,0,0.8,0.2,0.8,0.4,0.2,0.2,0.4,0,0.8,0.4,0,0.4,0.2,0.6,0.2,0.4,0.2,0.2,0.2,0,0.8,0.2,0.4,0.2,0,0.4,0,0.2,0.4,0.4,0,0.2,0,0.2,0,0,0,0.2,0,0,0.2,0,0,0.4,0.2,0.2,0.2,0,0,0.4,0,0.2,0.4,0,0,0,0,0.2,0,0,0,0,0.2,0,0.4,0.2,0,0,0,0.2,0.2,0,0,0.2,0,0,0,0.038,0.048,0.036,0.046,0.058,0.048,0.046
Nebraska,0.4,0,0,0,0,0,0.2,0,0,0,0.2,0,0.2,0.8,0.6,0.2,1.4,0.6,0.2,1.2,1.4,0.8,0.8,1.4,1.6,1.8,1,0.8,1.2,0.8,1.4,2.2,3.4,4.8,2.6,0.8,2,2.6,3.6,4.2,4,1.6,3.2,2,1,2.2,5.4,4,3.6,2.6,1.6,3.8,4,7.2,4,4,0.8,2.4,3.6,4,3.2,4,5,1.8,0.8,0.6,9.6,2.4,6.2,0.8,0.4,2,3.6,8.2,7.6,7.8,1.6,1.2,2.4,2.2,5.8,3.8,2.2,2,2,1.4,3.6,7.4,4.2,4,1.2,1.6,2,7.2,3.2,1.4,2.6,1,0.8,7.4,6.8,6.4,3,3.8,2.6,0.6,2.8,1.804,1.628,1.392,1.576,1.264,1.198,1.218
Nevada,0.2,0,0.2,0,0.6,0.2,0,0.4,1.2,0,1,3,3.4,3,2.2,2.4,7.8,3.8,7.8,6,4,7.6,5.4,12,5.4,6,12.8,11.4,6.4,9,13.4,8.8,9.2,8.8,5.4,2.6,4.2,4.8,7.2,17,6.8,4,4.8,3.4,16.2,7,7.4,5,13.2,5.8,4,4.6,7.6,6.8,5,10.4,5.4,3.2,6.8,6.2,6,5.6,5.6,2.4,4.4,1.6,6.4,6.4,5.2,2.6,4,2.6,3.2,10,5,3.4,5.8,3.4,3.4,4.4,5.4,3.6,3.2,2,1.8,2.4,3.8,3,4.4,2,2.4,1.2,2.8,3,3.8,2.2,3.4,4.4,1.2,1,2.4,1.8,1.6,2.2,1.8,2,2.6,2.054,1.966,2.08,1.822,1.89,1.678,1.57
New Hampshire,0,0,0,0,0.2,0,0,0.2,0,0,0,0,0.6,1.4,0.2,0,0,0.2,0.2,0.6,0.6,0.4,0.4,1,2.8,5.6,1.4,1.4,0.6,0.4,3.6,4,4.8,4.8,2.6,2.4,4.2,4,3.6,7.8,3.4,1.8,3.8,1.6,2.6,4.4,6.8,8,1.2,5.4,1.8,5.4,4.8,11,6.6,5,2.8,3.8,7.6,6.2,7.6,6.6,9.8,1.6,2.2,1.8,10.4,3.4,11.6,4.4,1.4,2.4,2.6,11.4,10,8.2,2.6,2.4,1.2,6.8,7,6.4,2.8,3.2,2,1.4,5.8,6,5.2,4.2,2.4,1.4,1.8,7,7.2,3.4,4.8,1.6,1.4,12.2,9.8,9.2,5.2,9.4,3.4,0.6,3,2.74,2.502,2.232,2.236,1.98,1.758,1.69
New Jersey,1.8,0.2,1,2,4.2,3.2,7,2.6,9,19.4,17.4,16.4,33,32.4,20,37.4,71.4,88,189.8,116,204.2,73.6,87,226,272.4,201.8,215,238,172,100.4,346.2,358.6,363,311.2,237.8,283,133.6,272.8,399.2,280.6,244.8,226.6,43.2,110,383,331.4,438.2,292.4,190.4,126.2,48.8,328.2,306.2,243,157.8,132.2,147.8,87.6,188.6,176,244.6,185,104.6,111.4,85.2,143,164.2,96.8,141.4,93.2,64.8,14.2,55.2,141,78.6,118.2,101.8,68.8,23.8,51.8,112.4,94.4,88.2,52.6,62.4,36,94.4,75.8,65.8,51.2,128.4,40.6,59.6,82.8,42,44.8,30.4,21.4,14.2,37.8,50.8,54,1576.8,56,33.6,24.2,15.6,23.44,28.274,28.272,31.5,35.842,36.702,36.224
New Mexico,0,0,0,0,0,0,0,0.4,0.2,0.2,0,0.4,0.2,0.6,1.2,0.6,1.4,1.6,1.6,1.4,3,1,1,2.8,1.2,4,2.4,4.6,1.6,2.2,1.6,3.2,0.8,6.8,5.8,5.2,3.6,4.2,7.2,9.2,5.6,5.6,5.8,1.6,7.2,8.6,6.8,6.8,9.6,9.8,7,6,9,11.4,9.8,7,6,5.4,7.4,7.4,10.8,8.2,5.2,5.2,4.4,7.2,7.2,7.8,7,5.8,8,5.2,6.8,9.6,7.2,4.8,8.6,7.4,4.2,5.4,6,7.8,9.2,4.4,2.8,7,7,9.4,7.4,3.8,3.2,4.8,2.4,5.2,5.6,5.4,5,3.6,2.4,0.8,4,6,4.6,3.2,3.6,2.2,3.6,3.986,3.492,3.496,3.1,3.048,3.108,2.838
New York,8.2,12.8,14,26.4,34.4,50.2,48.2,86,97.4,128.6,140.2,255,305.2,375.2,417,558.6,623.8,729,783.8,699.6,605,778.6,1038.6,1096,986.8,988.8,840.6,906.8,951.6,925.4,903,746.6,733.2,953.8,939.6,20.2,574,551.8,444,532,230.8,971.4,286.8,413,254.8,537.4,141.4,441,163.8,503.4,286.8,135,483.4,508,116.6,336.8,37.2,352.6,283.6,201,161.8,244.6,166.4,197.2,108.8,208.8,87.4,104.8,117,158.2,110.6,87,93,171,56.6,108.8,69.2,76.4,128,56.6,46.6,168.4,66.8,47.2,89.6,41.6,38,74.4,35,179,32.6,34.4,36.4,53.4,32.4,38.8,52,71,49.2,50.6,62.4,26.2,41,55.8,31.6,28.8,5.2,25.154,23.998,32.614,38.454,43.064,47.254,46.276
North Carolina,0,0,0,0.2,0.2,0.2,0.2,0.2,0.6,0.6,0.4,0.4,0.6,4.8,2.2,0.6,5.6,3.2,5.6,7.2,6,6,4.8,9.8,13.4,16.2,10.2,8.8,5.8,7.4,9.2,19.4,16.8,18.6,11.8,10.2,19.4,16.6,22.2,20.8,16.6,8.6,17.6,11.4,18.4,15.4,28.2,20.2,17.4,13.4,7.2,23.4,18.6,31.4,22.6,16.8,7.8,14.2,27.2,25.2,16.8,24.4,29.8,11.2,8.8,9.2,32.6,14.2,28.2,10.6,6.2,9.2,13.2,33.8,36,24.8,10,9.4,7.6,18.2,22.8,20.4,9.6,8.4,5.4,9.8,16.6,26,17.4,11.2,8,5.8,7,20.6,18.8,6,7,4,2.2,31.6,35.4,18,13.2,17.2,6.2,2.6,9,7.514,7.132,6.536,6.574,5.78,5.686,5.13
North Dakota,0,0,0,0,0,0.2,0,0,0,0.2,0,0,0.2,0.2,0,0,0,0.8,0.6,0.6,0.4,0,0.4,0.8,0.6,0.6,0.6,0.8,0.2,0.4,0.8,1.4,1.4,2.4,0.2,0.4,0.6,1.4,1,1.4,1.8,1.4,1,1.8,0.4,1.8,1.8,1,0.4,0.6,0.8,2,3.4,0.8,0.8,1.2,1.2,1,0.6,2.6,1.2,1.8,1.2,0.8,0.6,1.2,0.8,1.2,0.2,0.4,0.6,0.2,0.4,1,1.4,1,0.2,0.2,0.4,2.6,0.6,1.2,0.2,1.4,0.4,0.6,1,0.4,0.2,0.4,1.2,0,0.8,0.8,0.4,1,0.8,1.8,0.6,0.4,0.4,0.6,0.4,0.6,0.8,0.2,0.4,0.298,0.304,0.272,0.238,0.296,0.266,0.212
Ohio,0,0,0.8,1,0.8,0.4,1.6,1.8,1.4,1,3.2,3.2,3.4,6.6,6,4.4,9.2,11.2,17.8,9.8,13,16.2,18.6,29.2,26,17.4,23.4,29.6,18.6,29,35.8,24.4,29.8,24.8,47.2,36.2,37,57.8,40.2,37.2,30.2,25,22.6,32.6,56.4,75.6,38.2,36,40.6,20.6,29.4,82.6,56.2,57.4,40.6,32.4,16.8,25,62,58.8,61.6,42.4,25.2,19,23.6,61.2,55,37.8,47,50,19.2,10.2,25.4,57.4,44,35.6,24.8,21.8,32.2,41.8,38,39,21,23.6,7,21.2,35.2,34,36.2,26,27.2,4.2,15.4,25.2,18.6,18.2,20.4,21,7.2,5.2,20,17.8,22.6,13,9.6,3.6,7,9.12,9.31,9.342,8.67,8.378,8.198,8.192
Oklahoma,0,0,0,0.2,0.6,0,0,1,0.6,1.6,1.6,1,1.6,2.8,1.8,1.6,3,4.2,5.2,3.6,3.6,4,6.2,8.4,7.4,8,8.2,7.8,5,4.2,9.2,8.4,8,7.4,5.8,5,11,7.6,6.4,7.2,4.4,4.6,2.6,5,8.4,8.8,5.8,6.4,5.2,1.4,5.4,9.4,11,6.6,6,4.2,2.2,3,4.2,8.6,6.6,3,3,1,2.2,2.8,3,5.2,3.8,3.6,1.2,1.6,1,4.6,3.8,4.2,4.4,1.4,1.6,3,3.2,1.6,3,1.4,0.2,1,2.4,1.2,2.6,2.2,2.8,0.4,0.6,2.8,3,1.2,2.6,3.2,1.4,0.6,2.4,2.8,0.8,1.6,1.4,0.8,0.6,0.844,0.958,0.95,0.948,0.96,0.872,0.902
Oregon,0,0.2,0.2,0.2,0.2,1,0.6,0.2,0.4,1.2,2.6,1.6,2,2,1.4,1.8,3,0.8,3.6,3.4,2.8,3.2,3,3,2.8,4.2,2.2,2.6,2.4,3,4.2,6.4,4.4,3.6,3.4,2.6,1.4,3.2,5.6,5,3.2,3,1.8,0.6,4.2,3,3,3,1.6,1.8,3,2.6,2.8,2,2.4,3.8,0.2,2.6,3,3.2,1.6,2.8,3,1.2,3.8,1.2,2.4,2,1.4,0.2,1.4,0,1.6,2.4,3,2.6,1.8,0.2,0.4,0.8,2,2,2,0.6,0.6,0.2,2.8,2.2,2.4,1.8,1.6,1,0.4,2.4,1.4,1.6,1.4,0.8,0.4,2,0.8,1.6,1,1.8,0.4,0.8,0.6,0.6,0.676,0.69,0.676,0.65,0.678,0.596
Pennsylvania,1.2,0.4,0,0.2,1,0.4,0.8,1.2,1.6,2.4,7.2,4.8,3.6,13.6,5.6,10.2,9.8,10.8,15.2,12.2,32,17.8,28.8,65.2,68.2,33.6,63.2,91.4,55,33.6,97.8,93.6,67.8,74.8,113,198.2,80.2,242,66.6,50.4,36.6,51.2,30,67.2,161.6,320.6,114.2,161.8,62.2,28.2,117.8,343.4,190.2,228.8,118.6,57.4,23.6,28.4,85,188.4,199,125,68,19.2,24.2,117.4,136,106.4,130,109.2,22.4,9.2,20.4,94,114.8,101.2,64,16,14.6,97.4,76.4,75.8,60.4,34.8,10.4,15.8,57.8,44.2,53.6,43,44.8,5.4,23,33.8,34.2,47.4,37.6,21.6,5.8,9,31.2,56.4,30.8,26.8,20.8,5,7.4,15.616,20.122,20.302,18.76,19.928,20.804,20.706
Rhode Island,0.4,0,0,0,0,0.2,0,0.2,0,0.2,0.4,0.4,1.2,2.4,3.6,1.8,4,2.4,1.2,3.8,2.4,3.6,6,2.8,5.4,7.4,7.8,7.2,5,2.2,7.6,6,3.6,15,11.8,11.4,7,11.2,15.4,10.2,11,14.4,12.2,8.4,12.4,19,16.4,17.2,16.8,17.6,12.8,17.4,14.8,16.6,11.4,19,8.6,8.2,18.4,13.8,17.8,15,7.6,8.2,5.2,16.8,15.4,16.8,15.6,9.8,12.2,5.4,12.4,18.2,19.8,12,14.8,9.2,5.6,8.8,11.4,12.6,14.6,5,7.8,7.4,13.2,13,10.6,9,5.2,5.4,6.4,13.4,11.2,10.2,11,4.8,5.4,6.2,11.2,8,11.2,5.4,5.6,5.6,10.4,6.816,6.266,6.022,5.556,5.614,4.968,4.894
South Carolina,0,0.2,0.2,1,0.2,0.4,0,0.4,1.8,1,2,2,2.2,1.6,2.4,2,2.2,3,3,3.8,2.4,6,5.6,4.4,6.4,7.6,4.4,5.6,4.8,3.4,9.2,7.8,7.2,9.6,11.4,5.4,5.2,7,12.6,10.2,9.2,8.6,7.8,3.4,9.2,14,13.8,10.8,8.6,10.2,9.4,12.4,8.8,10.2,13.6,10,7.4,8.8,12,9.4,13,10.2,7.2,5.6,5.8,10.6,9.6,12.6,7.6,6.4,9.4,5.2,6.8,13,10.8,8,10.4,4.8,3.2,9.4,8.8,8.2,14.6,7.2,3.4,6.2,7.8,9.4,11.2,8.6,6.2,4.2,3.2,9.4,7.2,12,8.8,5.8,4,4.4,7.2,9.4,8.6,7.8,5.4,4.6,5.2,5.308,4.91,4.622,4.09,3.88,3.658,3.32
South Dakota,0,0,0,0,0,0,0,0,0,0,0,0,0,0.2,0,0.2,0,0.4,0,0,0,1,0,0.6,0.4,0.6,0.8,0.4,0.4,0.6,0.6,0.8,0.8,1.2,0.6,0.8,0.2,1.4,1.4,1.6,1.4,0,0.2,0.8,0.2,1.8,1,0.2,0.2,0.8,0,1.8,1.8,1,1,1.4,0.2,0.2,1.4,1.6,1.6,0.8,1.2,0.8,0.8,3,1.2,1,0.6,2.2,0.6,0.4,0.6,1.6,0.4,1.8,1.6,0.6,0.4,1.8,1.6,1.4,1.8,1.2,0.6,0.4,1,1.2,1.6,1.4,0.6,0,0.2,2.2,0.6,1.2,0.6,1.2,0.6,0.4,1.4,3,2.4,0.6,1,0.6,0.4,0.708,0.674,0.526,0.436,0.388,0.382,0.378
Tennessee,0,0.2,0.2,0.4,0.6,0.4,1,1.4,0.4,0.8,2.6,1.2,1.8,2.6,4.4,2.4,3.8,5.2,7.2,7.2,6.6,5.4,6.8,7,10,7,7,8,5,7.4,7.2,5.6,9.6,7.2,3.6,2.6,4,5.8,5.2,8.2,3.2,5,4.8,4.4,4.4,9,5.6,5,2.8,6.4,4.6,8.6,12,9.6,10.2,3.2,1.8,5,8.8,7,8,6.6,4.6,0.8,2.8,10.2,6.8,8.4,3.8,7.6,3.4,1.2,2.6,7.4,6.8,6.8,5.8,3.8,3.8,7.8,4.2,7,7.8,7.8,2.2,3.2,10.6,9.6,4.8,8.4,8.2,1.2,4.6,10.2,8.4,14.2,7.2,9.6,2,2,10.8,12,7.2,7.2,7.4,3.6,5.6,3.75,3.232,2.862,2.424,2.22,1.818,1.86
Texas,0.6,0.6,0.6,2,1.4,1,2.4,0.8,2.2,1.8,5.2,6.4,5.6,7.2,6,7.4,14.8,9.4,18,14.8,14.4,18,12.2,19.2,26.4,17.4,20.6,21.4,16.6,17.2,31.6,24.4,28.4,27.4,20.8,22.2,14.2,23,33.2,40.4,31.6,22.8,18.2,11.4,35.4,37.8,36.6,32.2,29.4,27,19.2,33.2,41.4,41.2,42.2,31.2,16,24,28.8,33.4,38,37.4,27,15.2,21.8,36.4,37.4,29.8,29.8,19.4,21.6,13.6,20.2,31.6,28.2,25,22.2,14.6,11,30.2,25.4,26.6,36.2,24.4,13.4,12.2,33,35.4,30.2,26.8,22,10,14,33.2,28.6,36.6,33,23.6,9.6,14,30.8,31.8,46.6,26,23.2,14.8,15.2,16.128,14.564,13.42,12.036,11.636,10.646,10.08
Utah,0,0,0,0,0,0,0.2,0,0,0.4,0.2,0,0.6,0,0.2,0.4,0.8,0.8,0.8,0.8,1.2,0.4,2,2.6,1.6,1.2,1.8,1.2,1,2.4,1,0.8,2.4,5,2.4,0.8,2.6,1.8,4.6,1.2,1.4,2,1.4,2.8,3.2,3,2.6,1.2,2.2,1.6,1.6,4.2,6.6,3.2,3.2,3.2,0.6,1.6,2.8,1.6,3.6,2.6,2.2,1,1.6,3.4,2.4,2.6,1.8,1.6,0.4,0.8,2.6,1.8,1.8,2,3.6,1.8,1.8,3.4,2,0.8,3.2,1.2,0.4,2,2.2,2.6,2.8,1.8,1.8,0.4,1,2.8,1.8,1.8,1.4,1.8,0.6,0.6,2.6,2.6,1.6,1.8,1.8,0.4,1.2,0.798,0.792,0.834,0.69,0.612,0.588,0.57
Vermont,0.2,0,0.2,0,0.2,0.4,0,0,0,0.4,0.2,0.4,1.2,1,0,1,1.4,0.6,1,2.8,0.6,1.2,1.2,1.2,2.2,1,1,1.2,0.8,2,1.8,2,1.6,0.6,1.2,0.6,0.8,1,1.2,2.2,1,1,0,0.4,0.4,0.2,0.4,0.2,0.4,0.2,0.4,0.6,0.4,1.2,0.4,0.2,0.4,0.6,0.2,0.6,0.6,0,0.2,0.4,0.6,0.2,0,0,0.2,0.2,0,0,0.6,0,0.2,0,0,0,0.4,0.4,0.4,0,0,0.2,0,0.2,0,0,0.2,0,0,0,0.2,0.2,0,0,0.4,0.2,0,0.6,0,0,0.2,0.2,0.4,0,0,0.03,0.042,0.056,0.068,0.086,0.11,0.104
Virginia,0.4,0,0,0,0.2,0.4,0,0.8,0,0.6,1.2,1.8,1.2,3,4.2,3.6,5.6,5.8,4.2,8,5.6,10.2,10,10.2,12,16.8,13.6,12.2,9.6,7.8,11.6,28.4,13.4,32.6,27.4,20,17.8,30.2,31.2,28,24.2,23.4,28.4,18,25.8,27.2,29.4,22,29.6,23.8,14.8,27.8,26.4,36.2,34.4,28.8,16.2,17.6,32,34,26.6,29.2,28.2,16.6,11,24.2,36.2,20.2,29.6,19.6,16.8,10.2,17.8,33,32.6,29.4,15.4,16.8,16.2,17.4,27.6,21.8,15.6,13.8,11.6,12,18.6,24.8,15,13.4,10,7.4,5.8,23.8,16.4,10.4,11.2,6.2,5.4,21.6,26.4,17.8,13.6,17,11,3.2,11.4,9.048,8.666,8.374,8.434,7.78,7.356,7.01
Washington,0.2,1.6,3.4,4.4,4,3.4,3.2,1.8,6,8.8,9.8,9.2,10.4,15,7.6,11.6,19.8,15.6,22.6,18.4,18.6,29.2,21.2,26.2,27.4,26.4,21.8,17.6,17.8,23.4,29.8,32.4,30.2,24.8,16.6,10.6,10,23.4,26.2,39.8,20.6,18.8,9.4,7.6,22.2,17.6,13.2,16.2,9.6,6.6,13.2,19.8,12.4,13.4,12.6,9.8,5.8,11.4,15.8,8.4,14.4,8.2,8.8,4.8,15.4,13.8,7.8,8.4,8.2,6,8,3.2,6.6,10,10.4,8.6,7.8,3.4,5.8,11,10.6,7.6,18,6,3.2,3.6,10.2,6.2,6.4,6.2,6.4,3.8,2.8,10,6.8,8.6,8.8,8.4,3.2,6.6,9.2,11.8,8.4,12.8,5.4,4,1.6,3.244,3.368,3.282,3.16,3.26,3.518,3.176
West Virginia,0,0,0,0,0,0,0,0.2,0,0,0,0.4,0.2,0.6,0.2,0.2,0.4,0.4,0.6,0.6,0.8,0.6,0,0.8,0.2,0.6,1.2,0.8,1.2,1.8,1.2,2.8,1,2.8,1,1.6,2.6,0.8,3.4,0.8,2.6,1.6,1.6,1.8,2,3.2,2.4,0.8,3.4,0.2,2.2,1.6,1.6,2.2,1,2.2,0.4,0.6,2,2,2.2,2.4,0.4,0.8,0.2,1.4,1.4,0.4,1.4,1,0,0.4,0.8,1,1.6,1,0.8,0.8,0.2,0.8,0.8,0.4,0.4,0.8,0.6,0.4,0.4,0.2,1,0.4,1.2,0.4,0.2,1,0.6,0.2,0.6,0.4,0,0.6,0.4,0.8,0.2,0.8,0.2,0.4,0.4,0.304,0.344,0.326,0.312,0.322,0.312,0.312
Wisconsin,0.2,0.2,1.2,1.4,0.6,0.8,0.6,0,1.6,1,2,2.6,2.4,2.8,1.8,2.6,5.8,4.8,10,6.2,6.4,9.2,6,13,8.8,10,8.8,11.2,6.8,9.6,15.8,10.4,14.4,11.2,8.4,7.4,8,10,12.2,17.8,11.4,6.6,6.6,2.4,15,10,11.6,10.8,9.4,4.6,4.8,11.8,12,13.8,11.4,12.6,4.6,4.6,10,9.6,9.6,9,9.4,4,5.8,9,14,9.8,10,11.4,5.2,4.8,3.2,14,8.8,8.4,7.4,2.6,3.2,13,10,5.8,9.2,5,3.8,2.4,11.2,6.6,9.2,9,8.8,2.6,2,8,4,8.2,7,9,3.8,2.8,6.8,9.6,8.4,6,4.6,3,6.4,3.888,3.588,3.484,3.136,2.852,2.69,2.598
Wyoming,0,0,0.2,0,0,0,0,0,0,0,0,0,0,0,0.4,0.2,0,0,0,0,0.2,0,0.2,0,0,0,0,0.4,0.2,0,0.8,0.8,0.2,0.2,0.4,0.6,0.4,0,0.4,0.6,0.2,0.6,0.2,0,0.6,1,0.2,0.2,0.4,0.4,0.4,0,0.2,0.6,0.8,0,0,0.4,0.6,0.4,0.6,0.2,0.2,0,0.6,0.4,0.2,0.6,0.2,0.4,0.2,0.4,0.2,0.2,0.4,0,0.2,0,0.2,0.2,0.4,0.2,0.2,0,0.2,0.6,0.4,0.4,0.2,0.2,0.2,0,0.6,0,0.2,0,0,0.2,0,0,0,0,0,0.2,0.2,0,0.2,0.132,0.108,0.108,0.102,0.088,0.086,0.09
US,13,28,34,57,77,99,90,143,183,235,311,408,545,637,625,808,1213,1214,1561,1294,1263,1408,1661,2304,2078,2037,2065,2008,1741,1802,2400,2509,2082,2587,2345,1358,1769,2395,2336,2311,1771,2263,1145,1340,2128,2620,2033,2010,1485,1320,1248,2148,2388,2209,1508,1626,734,1159,1690,1742,1775,1628,1222,808,789,1569,1522,1244,1276,1109,640,500,698,1509,1191,1175,940,602,771,1029,981,1036,969,674,451,494,946,920,887,844,768,298,392,836,759,715,692,596,257,423,829,754,2423,629,499,264,337,713.368,721.008,725.068,713.32,711.776,702.856,689.016
