Province_State,3/15/20,3/16/20,3/17/20,3/18/20,3/19/20,3/20/20,3/21/20,3/22/20,3/23/20,3/24/20,3/25/20,3/26/20,3/27/20,3/28/20,3/29/20,3/30/20,3/31/20,4/1/20,4/2/20,4/3/20,4/4/20,4/5/20,4/6/20,4/7/20,4/8/20,4/9/20,4/10/20,4/11/20,4/12/20,4/13/20,4/14/20,4/15/20,4/16/20,4/17/20,4/18/20,4/19/20,4/20/20,4/21/20,4/22/20,4/23/20,4/24/20,4/25/20,4/26/20,4/27/20,4/28/20,4/29/20,4/30/20,5/1/20,5/2/20,5/3/20,5/4/20,5/5/20,5/6/20,5/7/20,5/8/20,5/9/20,5/10/20,5/11/20,5/12/20,5/13/20,5/14/20,5/15/20,5/16/20,5/17/20,5/18/20,5/19/20,5/20/20,5/21/20,5/22/20,5/23/20,5/24/20,5/25/20,5/26/20,5/27/20,5/28/20,5/29/20,5/30/20,5/31/20,6/1/20,6/2/20,6/3/20,6/4/20,6/5/20,6/6/20,6/7/20,6/8/20,6/9/20,6/10/20,6/11/20,6/12/20,6/13/20,6/14/20,6/15/20,6/16/20,6/17/20,6/18/20,6/19/20,6/20/20,6/21/20,6/22/20,6/23/20,6/24/20,6/25/20,6/26/20,6/27/20,6/28/20,6/29/20,6/30/20,7/1/20,7/2/20,7/3/20,7/4/20,7/5/20,7/6/20,7/7/20,7/8/20,7/9/20,7/10/20,7/11/20,7/12/20,7/13/20,7/14/20,7/15/20,07/16/20,07/17/20,07/18/20,07/19/20,07/20/20,07/21/20,07/22/20
Alabama,18.8,20.02,33.22,43.1,64.9,73.08,78.5,54.78,67.84,86.5,131.84,117.32,94.26,109.32,102.72,88.62,91.1,84.5,117.38,126.82,112.54,107.56,143.2,152.82,106.72,170.68,135.4,164.92,140.96,134.36,158.32,111.06,159.98,163.96,145.02,156.38,174.88,168.06,248.52,189.86,117.22,108.76,209.78,162.18,236.44,174.32,198.24,121.98,199.68,189.84,184.8,247.66,228.44,255.66,211.94,188.68,296.16,233.9,205.84,288.72,249.6,214.16,267.14,241.38,198.18,141.88,356.42,170.3,366.56,278.18,229.0,287.02,281.84,232.76,283.7,283.1,221.6,366.68,373.14,141.92,247.9,291.52,294.66,474.2,460.82,491.44,480.06,523.64,593.16,757.64,618.92,885.32,550.7,400.1,440.26,493.24,491.26,438.54,453.84,491.78,287.68,776.48,519.9,460.7,457.16,275.0,925.4,546.44,574.86,646.18,801.0,793.46,624.84,1088.78,943.38,1110.02,1634.18,1241.04,1627.16,1600.7,1783.82,1566.6,1679.68,1544.9222,1585.5006,1594.7186,1597.4724,1595.3136,1588.6452,1578.3346
Alaska,1.6,1.98,2.82,2.74,4.14,5.0,6.16,6.42,6.66,8.66,11.28,10.02,11.52,13.34,8.72,10.64,8.16,6.4,11.76,9.68,8.6,9.02,6.82,6.3,4.48,6.58,8.02,5.46,5.74,5.8,3.18,7.04,6.32,5.64,4.86,4.9,4.08,3.6,3.9,4.44,6.08,4.8,4.24,3.4,3.6,2.86,2.5,3.4,4.2,2.96,3.56,2.68,3.28,3.36,2.32,3.1,3.64,2.76,3.58,3.28,3.18,3.56,4.68,4.1,3.38,2.38,3.0,3.32,4.0,3.24,4.14,3.86,2.94,4.66,5.46,6.04,4.72,4.92,4.42,4.16,7.24,7.28,5.5,8.2,8.1,7.66,7.38,7.7,9.14,10.68,12.3,13.1,9.9,10.62,10.1,12.1,12.08,13.6,13.02,9.46,8.66,16.68,14.38,16.58,18.26,16.56,16.46,17.42,19.5,24.86,23.38,33.16,31.34,28.78,25.82,39.32,38.1,42.94,42.26,61.18,54.62,39.16,46.6,48.45399999999999,48.0026,47.481,47.1564,46.5936,46.2642,45.7886
Arizona,4.84,8.12,10.8,16.54,30.74,54.32,75.12,87.38,139.4,145.42,110.8,100.16,181.24,111.52,136.12,186.48,92.04,98.1,116.66,102.14,164.76,190.84,134.52,74.9,86.84,174.86,68.98,159.14,88.28,125.28,77.12,118.18,183.92,182.7,175.22,181.88,126.06,136.84,188.58,195.06,171.4,184.56,212.42,189.5,223.66,245.92,354.82,199.22,277.12,243.8,274.0,315.12,333.56,207.34,450.38,319.98,170.1,243.34,285.68,451.74,296.5,413.66,393.0,306.54,184.5,247.7,197.86,291.94,163.66,277.72,222.78,137.14,187.88,326.94,296.72,279.98,399.78,395.14,142.94,767.72,862.74,441.26,998.48,654.22,1290.4,765.92,652.54,1367.5,1237.6,1425.68,1289.0,1074.02,1176.34,1767.3,1319.5,1718.46,2187.42,2086.04,2080.5,1496.6,2161.38,1244.06,1735.18,1599.36,1664.38,2087.4,440.16,2778.2,2832.26,2034.14,2306.82,2126.64,2340.06,3162.32,2864.06,3155.72,3497.36,3552.5,3087.3,2435.22,1381.38,4032.78,3142.12,3484.8328,3541.9672,3558.2134,3545.2106,3534.2372,3505.4528,3480.3382
Arkansas,10.24,7.88,12.86,11.4,26.36,38.1,33.04,37.5,44.38,61.78,69.62,40.68,51.9,40.64,42.82,41.82,41.48,43.18,39.9,47.92,35.1,51.72,53.88,57.4,29.6,67.94,44.46,71.86,47.4,67.06,51.94,41.46,65.78,63.9,57.72,68.16,87.3,41.12,118.0,89.96,72.3,64.74,85.54,76.98,67.94,69.84,83.76,69.56,88.04,50.48,67.76,82.0,91.74,77.14,95.76,76.54,124.04,85.28,71.78,128.8,93.82,92.88,104.22,101.46,80.88,51.34,136.52,87.54,169.84,124.86,81.28,127.52,136.24,104.62,131.8,157.62,121.4,161.16,159.96,148.3,186.46,148.16,212.82,253.98,338.98,303.92,245.22,319.84,362.36,475.66,390.0,496.58,355.14,288.3,227.06,314.96,392.92,338.28,348.12,285.54,267.12,364.2,279.56,296.48,272.82,256.54,320.76,405.76,369.6,375.22,453.16,384.12,436.38,499.08,386.02,553.62,681.48,692.34,685.6,589.22,710.82,787.36,669.0,714.7056,742.1948,755.2184,759.5404,760.1684,758.4832,754.6234
California,18.5,382.78,358.94,306.78,276.66,458.2,327.66,436.66,731.66,749.66,737.26,972.34,844.84,443.56,746.56,1105.94,731.22,841.84,836.68,776.3,534.8,1620.58,715.16,854.12,1014.38,498.66,807.78,432.8,727.88,837.38,1034.82,933.5,676.06,1037.06,1122.66,811.46,1880.32,1556.74,1433.3,1397.58,1030.24,691.76,967.56,1469.04,1140.64,2166.38,1038.0,1172.08,917.24,1287.76,986.7,2371.26,1947.22,1217.28,1318.66,2065.94,973.74,1661.52,1400.56,1636.66,1487.28,1445.06,1539.14,1307.54,1014.06,1715.92,1479.68,1198.2,1369.7,1474.1,997.34,1793.42,2238.94,1202.7,1528.38,1523.34,1659.4,1224.58,1953.84,1653.8,1610.3,2050.82,2178.5,1884.34,1939.28,3152.74,2711.26,2652.92,3188.28,2656.14,2656.1,2332.24,3309.56,2615.76,2778.68,2964.92,2392.88,2744.88,2637.52,4164.18,4088.34,2902.98,2871.7,2705.38,1830.0,2598.0,4853.1,4864.26,4472.36,4595.46,2289.7,1649.66,8693.58,6088.12,10356.4,7790.3,8802.78,7136.16,7390.68,5785.4,9160.38,12059.16,8710.38,9954.4732,10014.9374,10049.8638,10012.5126,9923.6718,9881.0856,9802.565
Colorado,44.18,39.32,50.1,65.48,82.18,123.9,141.62,156.88,155.28,260.82,330.52,276.28,341.3,328.08,242.64,243.06,249.7,237.44,270.06,281.36,246.72,253.94,234.0,229.5,217.8,280.54,295.24,255.72,308.5,238.26,210.16,316.02,331.26,360.64,334.68,320.74,292.88,289.5,301.28,318.24,494.8,382.04,316.34,376.52,382.24,361.94,342.52,326.52,309.12,354.54,313.86,363.76,390.42,367.56,351.48,283.66,255.86,253.14,285.52,277.78,318.52,300.04,323.22,260.48,238.74,220.34,229.24,213.36,223.2,216.42,193.88,170.0,173.32,210.1,196.22,206.62,189.92,152.78,150.82,154.48,208.58,233.72,180.88,199.62,159.02,167.94,166.1,157.9,159.98,170.84,172.1,126.2,139.88,102.16,161.64,140.2,132.64,138.54,122.0,140.18,135.44,135.8,174.1,134.36,149.68,133.92,131.98,147.18,183.68,186.26,186.9,203.92,170.0,271.42,295.98,343.64,334.64,406.92,393.14,340.06,331.38,403.86,446.56,433.5584,438.4712,441.4272,445.7028,449.5822,454.61300000000006,458.2052
Connecticut,8.66,35.98,71.26,63.76,92.22,69.72,1.66,224.46,139.74,332.54,385.66,151.78,309.28,237.4,451.28,482.04,384.08,295.5,170.18,698.46,230.98,316.76,878.86,562.34,4.34,1174.0,467.5,628.78,357.5,1001.82,433.48,583.5,759.24,662.72,626.1,361.38,1551.62,453.64,1743.36,397.26,484.9,433.66,559.84,791.78,304.7,398.2,687.1,660.9,364.1,7.84,681.2,569.94,343.08,629.78,498.64,419.78,533.82,210.04,481.04,449.56,437.12,474.84,461.76,629.0,509.96,244.46,378.92,117.94,259.54,238.58,301.32,294.84,306.64,2.28,152.58,108.18,134.22,110.34,377.84,163.88,82.88,105.84,134.44,237.52,142.08,126.16,79.16,154.32,98.76,186.2,239.6,93.22,146.36,91.46,56.92,7.26,74.02,97.36,29.28,19.48,68.94,10.06,44.88,29.94,70.08,50.82,35.1,96.06,35.44,44.46,43.36,1.18,1.0,243.8,44.76,65.08,84.44,65.0,2.78,1.66,225.26,20.0,103.84,92.2754,114.1748,138.5504,154.0728,174.8008,190.6948,206.2924
Delaware,1.96,13.76,19.22,10.62,22.74,18.26,21.44,28.94,24.32,24.2,32.18,36.7,32.82,42.68,54.52,36.64,37.1,39.6,39.86,49.72,59.14,47.06,69.1,70.28,92.08,83.74,64.48,100.0,115.2,78.18,94.0,67.22,82.5,162.24,135.34,108.66,124.5,130.34,152.04,140.02,180.22,131.34,147.48,165.26,183.76,170.48,161.76,147.32,145.16,161.8,148.46,148.04,190.28,174.96,168.82,139.32,114.88,104.42,155.64,137.9,152.48,133.24,119.08,118.42,113.4,86.88,114.34,85.32,92.08,78.88,110.46,78.8,55.96,56.38,50.2,50.82,50.58,56.24,50.3,43.88,46.7,39.34,48.82,46.08,56.5,58.12,54.44,43.3,71.0,60.22,50.24,53.88,48.08,47.66,39.14,45.36,44.48,47.6,49.82,36.24,45.96,45.58,44.68,39.62,41.86,45.2,43.5,52.84,53.22,64.64,60.92,53.88,72.74,90.62,94.74,81.8,91.98,104.68,86.38,127.56,118.18,97.28,108.56,121.1832,124.7022,128.3452,130.6892,132.841,135.1508,137.525
District of Columbia,0.82,8.08,12.32,17.54,19.82,29.0,30.68,32.92,41.7,44.28,45.2,52.36,52.88,50.18,57.38,45.86,47.58,52.42,52.86,60.64,77.92,67.58,76.08,75.56,105.32,80.64,84.36,96.12,81.46,81.5,75.74,84.14,93.16,114.6,131.52,107.56,103.58,109.9,85.82,115.94,114.12,116.48,128.06,146.8,142.78,126.14,133.68,139.88,109.8,126.36,158.94,122.18,139.36,134.06,143.44,118.12,129.48,106.9,105.58,111.3,111.86,118.64,110.66,90.1,93.92,103.26,82.24,99.04,77.54,83.0,71.74,80.3,81.76,81.52,72.62,69.64,60.16,51.96,48.6,64.36,66.54,70.64,51.22,56.06,69.2,56.36,54.34,48.62,63.12,46.98,49.02,40.18,44.6,33.7,30.24,27.12,28.76,23.68,31.98,24.86,29.78,20.28,23.82,20.86,17.02,18.0,21.04,23.7,22.32,29.94,27.64,22.16,25.22,29.28,38.4,45.6,38.86,52.18,45.02,44.2,42.44,54.62,72.66,74.8512,79.3084,83.1286,86.915,90.8428,94.8076,98.4814000000001
Florida,124.54,15.44,231.72,248.7,194.62,276.52,371.3,427.0,360.7,305.6,431.28,652.4,628.94,865.6,518.8,998.18,834.8,202.38,1226.76,804.74,825.78,621.32,686.24,797.16,560.18,574.96,720.44,598.22,913.86,824.14,430.76,625.24,583.7,971.86,656.04,751.84,627.3,684.42,358.68,808.8,503.1,216.36,594.7,621.46,677.76,308.76,385.2,648.74,512.96,520.46,826.94,488.78,499.94,647.32,320.98,625.9,529.36,382.4,786.16,433.94,570.52,731.96,503.3,700.98,627.24,360.18,354.22,679.22,492.0,415.44,491.26,618.38,377.1,294.02,355.38,670.92,461.94,433.04,465.04,431.68,915.02,976.76,825.26,796.88,1133.26,1007.14,1037.02,1175.9,1474.82,1566.82,1991.46,2049.0,1755.5,2226.52,1809.48,2252.6,2460.12,2501.36,2651.02,2013.38,1968.0,3477.24,2888.46,4091.42,4540.3,4528.2,3255.18,3835.16,4047.74,5880.22,5488.84,8160.78,7628.6,5950.04,5709.74,8892.44,7949.64,9953.7,10037.14,14887.6,12902.62,8783.52,10346.96,11123.0662,10902.593,10688.2256,10514.803999999998,10359.687,10218.9282,10124.1774
Georgia,153.86,44.6,63.32,105.2,142.48,397.06,114.48,121.0,233.9,415.6,346.54,298.44,543.72,350.34,311.96,143.02,701.96,538.0,412.66,303.2,234.26,370.1,458.52,945.3,672.12,426.92,578.54,405.26,200.8,678.34,868.14,297.74,439.88,1066.94,396.72,575.64,918.48,422.3,1024.5,417.1,371.3,485.1,278.12,756.96,601.82,690.3,377.78,772.72,586.12,309.74,798.06,466.46,621.22,693.56,440.08,343.72,856.94,389.76,759.34,492.42,373.74,652.38,363.36,372.36,502.4,425.02,679.02,478.96,540.62,454.46,475.26,362.82,437.14,512.8,341.16,339.48,233.68,401.04,581.56,245.44,489.8,709.68,448.52,470.52,497.78,605.34,735.04,603.78,834.92,648.9,805.66,844.94,713.32,552.28,646.74,631.68,711.58,1098.96,720.66,798.94,1114.7,988.5,999.3,856.32,962.86,1193.44,1356.26,1179.78,1729.06,1971.74,1581.46,2002.24,1633.04,1468.46,2795.38,3081.98,2519.1,3895.86,3069.06,2457.46,3662.32,3414.2,4007.86,3739.6794,3535.4584,3463.7908,3418.6152,3378.7336,3348.053,3319.3332
Hawaii,2.16,2.16,3.12,4.64,6.48,8.68,9.62,11.0,10.82,15.98,19.5,18.06,19.6,20.44,13.48,15.44,14.36,12.5,16.9,16.36,12.96,14.02,11.58,8.74,7.46,10.58,12.72,8.3,7.86,8.8,4.98,13.9,11.24,6.38,6.78,6.86,4.4,4.36,3.66,5.36,9.3,7.92,4.84,4.24,2.86,2.9,3.3,3.04,3.6,2.68,3.36,2.72,3.06,3.26,1.7,2.58,2.44,1.76,2.14,2.4,2.28,3.0,5.38,4.44,1.66,1.5,1.4,2.36,3.18,3.38,1.96,1.82,1.48,4.24,5.16,4.86,4.3,3.28,1.5,3.82,5.76,6.68,5.46,6.84,5.04,3.22,3.46,3.86,4.08,5.16,6.7,5.76,4.1,5.74,5.54,7.36,7.04,8.52,6.7,4.38,4.8,7.58,8.2,9.56,11.6,11.3,7.36,9.24,11.82,12.56,12.64,19.48,17.04,13.64,12.56,21.72,21.24,23.38,24.32,31.66,26.82,23.54,24.4,26.8098,26.8736,26.6862,26.6208,26.5942,26.3126,26.4676
Idaho,7.52,7.7,8.96,14.92,14.62,24.46,25.5,19.3,20.62,42.62,61.84,49.58,61.18,65.32,39.96,42.68,51.6,43.52,57.38,53.3,45.28,44.64,44.24,44.64,27.38,52.88,48.32,31.48,29.04,32.56,26.42,47.54,46.54,33.28,26.06,22.74,13.24,26.16,21.1,34.16,31.88,13.56,20.84,9.58,33.98,18.46,29.68,15.54,28.72,24.48,23.52,29.36,23.02,27.86,19.06,22.02,26.42,37.1,25.88,37.42,31.06,27.02,49.1,25.88,18.6,31.44,26.82,22.78,17.52,27.92,27.4,9.3,16.18,43.1,41.52,15.46,32.08,40.92,28.86,29.76,30.68,51.88,34.46,46.82,18.14,32.6,65.72,63.9,45.12,53.62,50.08,60.5,54.72,85.18,105.42,86.56,77.56,83.9,73.16,116.6,93.04,146.28,151.32,106.82,117.72,75.62,207.54,147.18,208.04,175.44,191.2,243.98,131.38,310.9,346.3,363.5,454.84,321.1,422.4,432.24,425.92,405.84,506.1,428.3598,416.9986,407.6532,400.3512,395.30800000000005,390.5152,385.921
Illinois,18.56,67.3,156.92,237.44,243.64,320.9,344.4,555.56,489.6,542.54,560.2,574.72,597.3,612.06,811.72,532.66,574.88,686.9,474.2,721.58,821.56,688.2,792.92,816.8,949.66,870.74,759.42,952.68,1092.2,836.58,900.74,923.62,851.08,1388.18,1306.46,1119.68,1023.46,1203.66,1367.48,1265.02,1568.2,1417.98,1631.9,1894.04,2154.32,1990.52,1961.3,1904.6,1826.12,2181.9,2182.42,1993.68,2367.28,2353.5,2319.18,1813.04,1466.22,1502.16,2707.18,1678.6,2071.4,2013.1,1713.52,1677.22,1749.66,1234.96,1633.36,1265.24,1684.02,1466.4,1677.8,1273.64,906.98,986.26,815.66,880.98,792.08,799.2,650.62,965.14,760.56,704.48,796.42,658.12,755.24,648.82,695.98,610.08,700.62,567.4,510.78,605.18,482.44,459.1,438.26,455.14,460.12,390.9,559.88,313.04,313.54,413.62,523.92,409.14,369.54,386.76,438.44,445.68,518.58,545.8,526.64,474.46,474.0,601.76,1157.7,918.52,937.18,1138.44,1219.46,989.4,966.84,663.58,1241.68,1326.8596,1349.9788,1399.5128,1446.1926,1482.9296,1531.2718,1568.7236
Indiana,26.44,35.0,43.52,46.52,50.86,77.72,92.9,108.62,122.14,183.76,231.16,251.24,284.08,264.34,237.54,252.8,211.5,246.56,278.54,294.46,326.28,292.38,314.4,286.36,337.16,310.08,343.08,354.32,326.22,326.52,270.62,325.08,383.28,420.22,471.1,444.06,393.48,414.06,329.54,450.8,445.0,409.14,471.98,534.92,538.8,458.48,476.6,506.26,415.06,486.64,589.38,486.3,520.36,526.54,531.74,451.44,502.4,398.64,431.46,424.12,426.74,456.9,462.36,393.72,387.24,369.8,358.44,372.6,374.88,355.96,307.62,337.44,325.7,343.08,310.06,333.92,279.42,255.48,229.6,268.12,325.42,335.2,274.44,323.68,359.12,287.92,279.06,288.64,343.36,327.22,320.82,318.88,262.96,216.8,202.04,235.3,242.08,227.94,258.86,179.58,176.44,224.1,205.82,232.42,232.64,226.88,208.14,239.0,221.64,296.08,304.98,331.26,360.76,319.9,303.4,441.74,456.58,555.12,552.24,609.62,546.36,531.0,590.22,648.8784,673.6754,690.8454,705.2489999999999,716.4436,728.2218,738.7696
Iowa,7.02,10.14,17.88,19.66,12.7,19.5,29.08,36.76,30.56,28.36,28.36,51.2,52.26,50.06,59.48,57.42,46.58,40.42,51.08,53.6,63.2,72.9,62.46,67.2,99.26,87.8,87.86,121.7,117.0,98.26,110.62,94.04,119.08,197.0,220.26,230.44,232.82,215.26,184.22,193.28,192.4,267.5,259.12,345.5,319.92,300.0,313.7,374.02,326.04,392.16,407.54,352.08,396.24,393.02,390.76,321.8,301.74,347.38,373.26,338.88,340.0,362.52,341.92,306.84,280.48,337.78,269.48,305.86,257.64,286.48,256.34,298.68,250.34,267.66,233.4,243.98,213.1,203.26,168.12,230.24,249.2,267.18,218.16,199.36,289.38,225.5,203.0,230.98,244.88,213.36,226.24,206.36,191.6,208.86,201.48,189.94,200.48,204.72,229.7,201.44,205.52,176.92,230.92,201.6,213.14,244.64,149.78,248.34,264.24,289.04,275.64,341.98,314.94,309.26,382.92,431.04,431.16,535.78,513.14,573.28,437.48,489.7,565.04,594.3334,590.8694,589.0796,590.4466,591.919,594.8456,597.646
Kansas,8.76,5.0,10.92,11.44,16.8,21.76,26.3,24.88,32.18,36.4,37.26,37.84,38.32,46.36,44.92,36.56,57.88,39.36,40.48,27.72,61.28,38.92,47.28,81.12,65.34,86.8,86.28,78.92,131.58,62.64,73.3,72.22,105.08,130.94,142.92,143.72,110.94,132.94,122.9,154.04,180.02,130.76,154.68,151.74,186.08,160.28,179.26,165.22,136.38,184.5,154.68,218.88,172.96,174.96,171.34,137.18,95.96,149.8,154.6,118.28,175.24,141.92,134.32,89.34,146.5,97.94,96.34,103.32,102.48,93.26,90.36,69.48,101.04,75.9,62.42,84.1,74.9,45.38,97.22,119.5,95.42,98.74,84.14,86.68,52.48,120.94,120.38,102.0,80.74,125.04,99.32,92.26,137.5,96.04,129.58,101.9,127.68,78.22,95.3,123.74,117.58,150.96,144.68,133.6,120.28,79.06,184.6,156.46,190.78,189.58,214.58,212.94,145.98,340.02,305.22,395.88,354.78,371.9,377.72,371.48,478.24,386.12,478.44,412.9296,410.275,403.6204,400.3688,397.7096,396.0422,393.9394
Kentucky,34.94,5.82,14.84,4.5,31.48,27.02,36.78,26.7,31.62,65.58,55.04,52.94,50.68,87.54,54.28,40.3,93.54,3.08,82.9,1.2,90.26,30.44,2.68,112.92,0.96,92.0,184.34,1.58,151.86,36.98,19.98,109.2,128.12,52.84,148.48,211.74,81.66,121.58,140.9,78.56,167.42,92.44,129.1,85.52,204.3,149.82,206.34,100.02,1.4,207.22,130.84,506.62,125.26,195.36,147.9,115.4,2.88,221.66,117.36,3.24,233.96,168.98,169.92,1.84,213.28,80.02,64.52,62.08,114.58,79.46,1.56,1.0,231.26,94.08,54.7,182.26,102.16,1.22,297.48,83.1,190.22,220.76,170.4,179.52,1.64,194.2,187.78,156.7,52.58,168.26,183.2,3.02,253.28,2.96,258.58,145.02,182.12,105.3,92.66,69.0,160.76,164.84,133.86,128.52,131.34,41.08,74.78,157.3,132.74,123.78,186.64,2.28,1.34,778.82,277.5,397.86,305.02,393.96,392.82,236.0,285.48,524.0,477.02,330.5518,384.8968,387.12199999999996,388.8898,390.0632,391.7858,387.2052
Louisiana,72.76,55.0,204.46,136.02,213.56,279.98,416.18,142.1,543.22,358.6,638.5,585.46,489.16,563.6,224.2,442.62,821.02,839.14,1636.98,713.9,1418.82,384.5,1345.68,926.62,491.08,760.16,601.68,502.8,392.98,325.18,354.88,311.06,406.5,406.42,374.34,311.58,490.5,294.06,316.02,305.8,237.7,249.72,215.92,309.76,209.86,314.28,260.36,441.82,297.38,172.7,330.72,294.52,367.02,209.46,160.94,416.3,170.04,205.72,196.6,552.72,591.74,266.88,211.3,285.94,201.38,248.14,181.32,694.38,262.44,2.84,163.5,479.86,181.3,325.78,175.16,1.98,374.64,199.9,310.38,275.68,290.54,316.66,254.2,331.6,304.86,244.72,538.78,367.08,377.1,422.94,1015.06,327.1,561.24,434.98,640.82,6.14,3.7,536.72,314.26,307.3,826.28,560.88,524.7,639.34,4.1,774.92,509.14,643.56,1241.0,799.6,984.48,8.24,1405.82,1039.4,1569.3,1710.74,1667.86,2217.66,1999.84,1283.14,1748.54,2144.22,2119.98,1707.2082,1624.391,1585.5688,1562.4284,1553.6516,1540.3998,1536.8572
Maine,3.18,5.98,8.42,6.54,10.82,12.52,15.14,19.8,16.08,24.04,30.94,27.76,31.28,33.74,27.28,24.3,22.72,23.08,25.28,29.48,21.68,26.5,22.66,18.88,15.12,19.2,21.66,15.96,14.46,18.1,12.28,24.52,18.98,18.94,18.18,17.96,14.4,14.06,19.94,15.84,23.88,21.74,22.04,26.34,28.3,27.0,26.08,26.84,26.52,29.1,32.36,29.66,34.86,32.3,33.42,25.46,24.84,25.12,38.28,27.4,32.22,30.12,31.42,30.36,26.76,21.76,27.06,20.4,32.66,27.1,26.88,27.06,21.32,25.82,24.88,30.52,20.88,23.64,18.4,19.9,25.74,25.9,23.18,27.22,27.34,22.86,21.02,19.64,25.34,25.96,26.3,29.52,17.86,14.44,15.9,18.86,18.94,19.68,19.78,10.4,9.94,18.26,15.92,13.72,14.6,13.06,14.12,16.14,13.66,16.46,18.16,16.52,20.28,25.7,19.68,23.52,31.26,34.54,34.52,40.54,33.76,31.08,37.4,40.9176,43.3508,45.1538,46.3912,47.2128,48.095,48.8976
Maryland,7.4,37.02,43.26,56.86,52.14,84.3,92.98,109.62,116.44,146.66,164.54,187.02,208.94,185.52,204.72,188.06,187.94,213.26,216.68,260.9,322.64,322.6,331.26,313.12,492.24,364.34,412.68,463.14,303.82,431.6,363.4,388.3,457.3,552.0,735.42,655.08,653.18,613.72,462.3,635.96,521.32,705.96,695.16,900.58,799.3,710.2,802.44,969.48,727.98,825.34,1039.2,793.3,871.28,862.34,896.54,765.14,907.1,876.06,623.5,822.62,764.26,796.9,838.62,648.56,636.5,912.06,559.14,796.86,518.62,641.72,459.3,697.28,704.0,706.1,637.02,605.56,522.36,462.38,429.62,537.04,591.72,692.68,452.9,491.28,620.24,468.64,457.96,454.94,513.9,382.42,430.82,374.52,364.12,309.2,327.4,256.24,239.28,235.92,287.74,246.76,245.9,199.52,248.04,177.42,175.36,153.44,242.6,208.56,221.52,255.58,249.16,287.06,213.68,310.9,384.28,449.36,503.22,485.48,541.56,556.5,485.62,608.86,804.1,753.6469999999999,765.4826,779.0110000000001,797.1032,816.9392,838.0066,856.8294
Massachusetts,125.3,105.22,99.98,109.26,147.62,231.86,273.82,312.2,291.44,655.14,933.16,702.76,941.3,962.64,717.96,697.36,645.76,749.74,771.8,898.82,851.94,688.8,929.74,834.94,1037.74,1211.58,1062.16,1333.5,1612.02,1020.84,1019.12,1137.88,1426.14,1946.16,1657.64,1358.5,1412.46,1508.5,1509.8,1810.36,2687.34,1751.64,1563.78,1776.52,1879.94,1672.92,1577.96,1338.74,1392.22,1532.56,1047.04,1202.32,1776.3,1497.76,1416.08,1163.16,1039.86,753.44,843.88,1229.24,1242.66,1019.88,1127.74,995.68,777.42,671.62,839.74,709.24,600.36,557.62,665.3,404.8,322.74,432.52,450.8,389.58,485.28,382.88,242.88,255.5,342.32,361.5,288.06,350.38,256.7,241.02,241.64,232.64,412.58,311.72,238.36,185.72,139.06,166.56,185.56,196.08,160.5,160.28,102.04,108.76,134.2,121.46,145.62,109.68,157.9,115.32,72.66,76.36,152.38,124.18,157.46,147.74,109.6,137.78,190.36,242.2,263.5,214.44,274.5,176.78,244.18,303.44,229.22,299.2602,337.531,371.9368,402.6154,428.9476,455.2214,480.5826
Michigan,52.5,56.16,47.94,148.18,247.28,276.34,297.1,808.06,473.0,753.46,772.46,660.32,879.92,986.54,918.88,830.26,807.64,1211.78,902.8,1278.62,1083.72,1127.42,1053.76,1261.74,945.34,744.2,656.14,795.54,477.9,1143.88,1049.62,789.2,570.86,865.94,630.72,529.38,493.28,652.14,1139.12,899.88,844.28,323.88,655.94,552.36,1136.24,1009.0,801.86,647.68,609.76,555.94,308.54,534.3,698.26,518.52,570.1,384.64,398.36,508.8,574.06,509.68,985.76,499.64,387.66,576.64,664.56,453.04,553.42,395.64,349.96,313.78,226.2,184.84,273.28,441.88,297.14,382.92,204.28,289.62,162.78,228.74,306.02,231.22,468.66,73.68,62.38,127.94,69.62,43.04,212.28,184.16,134.68,223.08,49.52,149.72,162.16,187.64,187.92,282.26,125.74,172.7,161.46,229.72,235.48,157.42,176.44,142.32,167.22,319.08,221.28,332.08,278.3,322.18,264.08,319.34,533.8,498.9,452.88,530.74,608.42,411.04,449.82,621.24,947.4,824.32,767.7942,758.05,765.4770000000011,777.9488,796.6112,812.7374
Minnesota,7.3,30.32,50.3,39.26,36.38,42.84,36.62,51.0,49.86,34.3,44.9,77.6,45.72,35.52,110.74,45.28,42.34,33.52,42.28,41.14,49.7,66.66,40.68,47.98,54.74,37.42,65.08,48.72,100.54,34.84,49.88,83.36,30.02,143.06,135.0,131.3,114.0,140.3,182.0,107.08,146.06,202.68,265.6,369.44,410.3,404.56,385.7,412.52,396.18,509.36,588.64,552.9,586.54,609.5,592.22,493.52,371.42,399.12,826.08,420.26,518.74,554.5,482.28,473.82,470.74,326.42,492.82,338.32,580.98,490.12,532.56,459.26,336.14,323.58,297.48,334.3,281.74,306.76,290.94,282.18,295.78,291.66,311.54,325.5,368.58,325.94,324.28,301.16,349.26,328.88,317.04,357.62,279.36,200.5,216.9,253.46,227.82,231.68,291.02,203.22,168.12,243.14,234.8,211.92,186.64,217.64,264.7,252.06,225.38,273.48,222.82,164.26,398.24,362.18,533.42,391.08,511.94,555.18,593.12,547.88,500.98,500.5,530.96,636.9016,667.0552,690.4689999999999,703.7214,712.289,722.1442,727.5918
Mississippi,2.24,13.54,22.42,31.74,26.68,66.7,121.92,137.84,65.9,121.44,100.86,109.72,107.52,87.92,91.28,73.56,60.6,93.88,63.32,117.94,62.54,145.26,69.72,109.38,57.76,151.58,112.38,108.94,86.84,117.44,99.82,200.12,176.72,115.88,171.72,298.54,245.5,180.84,140.64,163.44,165.52,184.06,155.52,186.34,235.24,192.76,201.32,234.42,160.66,94.14,328.08,297.66,204.28,212.98,334.98,212.78,119.34,173.64,197.42,168.0,276.68,243.94,229.84,155.34,106.4,191.14,170.58,162.2,252.58,247.64,166.02,137.46,197.38,240.04,176.56,231.32,203.1,171.18,169.5,184.76,206.4,176.96,125.88,166.84,207.72,541.08,326.46,299.7,5.96,488.18,187.02,165.46,305.9,279.48,329.32,5.2,1.7,1.16,2.74,1139.04,344.64,344.98,632.82,256.72,204.5,192.8,409.66,404.58,415.32,531.18,510.46,667.08,165.24,337.0,751.94,633.7,642.7,916.28,734.46,818.38,418.78,777.28,1017.9,903.066199999999,788.8798,711.6512,670.2706,650.6802,638.364,629.7732
Missouri,19.9,19.78,29.06,31.7,43.38,60.54,69.54,60.48,102.58,121.72,143.38,158.28,169.28,166.94,130.2,144.44,153.76,162.46,188.26,151.34,192.64,148.48,178.7,171.08,130.16,169.48,175.34,136.3,142.1,126.32,134.1,130.04,185.7,152.44,168.74,195.34,162.54,160.86,148.6,166.56,131.22,140.28,166.08,158.1,177.22,159.36,164.06,173.32,146.86,173.24,192.14,212.16,158.68,169.86,164.36,144.14,135.54,152.72,154.24,131.24,152.16,154.76,151.42,114.14,146.26,118.2,107.14,124.0,120.6,101.94,102.18,96.0,110.36,131.9,104.04,104.96,106.24,86.96,107.8,153.68,141.96,146.68,138.28,147.32,121.16,139.88,170.62,176.9,153.96,176.82,187.82,148.08,183.6,174.76,199.34,174.08,196.88,194.22,182.92,175.32,230.58,207.66,227.5,198.38,170.4,171.48,246.62,276.0,355.72,287.46,318.66,282.82,260.1,470.38,509.3,579.68,589.48,585.24,585.34,456.54,569.54,641.94,716.12,631.6752,624.379,621.0212,618.7736,617.9312,616.3426,614.4652
Montana,2.72,1.66,2.1,2.78,3.16,5.34,5.28,5.98,5.84,10.74,14.7,12.5,16.08,14.86,9.88,11.08,12.0,10.18,14.42,13.82,10.36,10.98,8.86,8.62,5.32,9.2,10.98,5.5,6.22,7.64,4.58,9.9,9.54,7.14,4.1,5.14,3.64,3.7,3.88,6.04,6.9,3.76,2.74,2.5,4.62,2.72,3.24,3.02,3.96,3.38,4.38,3.5,3.68,3.78,2.26,2.88,4.02,3.68,4.54,4.18,3.58,4.48,6.92,5.18,3.14,3.48,3.78,3.68,4.0,4.1,3.9,2.16,2.3,6.92,7.0,4.6,5.78,5.78,3.74,5.46,7.22,10.12,7.0,8.38,5.88,5.52,9.2,9.24,8.54,9.44,10.86,10.6,8.6,12.78,14.0,14.56,13.86,15.6,13.44,15.7,14.2,20.72,22.76,19.98,22.72,17.98,27.06,22.88,31.28,31.24,30.3,42.92,29.84,41.7,46.92,58.26,61.9,57.0,65.44,70.8,70.36,60.76,71.12,67.6508,66.2788,64.7648,63.8058,63.1312,62.4662,61.9108
Nebraska,4.28,7.24,9.72,8.48,7.22,10.32,12.76,16.4,18.46,17.46,15.78,16.16,20.92,20.72,27.56,17.86,24.8,19.08,13.16,13.5,28.3,35.34,23.42,33.84,58.18,46.18,59.88,69.5,67.3,54.26,60.18,53.0,73.68,113.68,154.66,161.4,149.16,141.32,117.84,136.84,137.88,202.0,182.92,248.38,222.02,216.18,231.84,289.9,231.94,296.04,296.32,272.5,284.36,276.64,284.58,231.1,218.94,284.22,254.16,245.86,255.34,256.48,259.22,201.8,214.0,269.28,182.44,236.48,183.04,208.22,171.56,226.08,209.2,210.78,181.98,190.74,160.04,133.26,134.0,198.42,189.68,211.16,158.4,151.94,190.14,158.0,148.22,145.38,154.86,129.58,135.84,119.18,133.54,99.7,120.1,100.82,107.84,88.36,110.76,70.2,93.88,78.08,95.98,77.4,71.6,63.02,84.34,92.82,102.78,96.74,108.4,101.66,88.62,142.12,159.68,199.7,173.42,210.9,208.32,187.82,219.18,209.08,277.28,258.4682,261.96299999999997,264.4568,268.5514,272.3878,276.4054,280.0292
Nevada,16.34,54.4,71.88,36.2,87.16,87.32,79.98,70.84,86.46,70.52,92.62,125.54,111.2,134.08,116.24,94.3,132.2,68.06,132.36,81.32,85.02,111.34,97.74,139.16,124.56,80.24,109.12,78.64,76.3,78.38,105.66,54.12,61.98,173.38,79.48,93.62,102.76,92.22,124.4,78.72,80.0,81.32,75.74,101.5,105.32,108.24,76.64,105.92,108.86,73.66,127.7,77.52,120.04,119.78,72.94,88.76,103.22,65.92,135.22,88.02,80.96,109.3,83.64,80.42,83.74,54.8,96.16,70.68,80.8,55.8,128.68,64.32,50.02,70.68,58.04,67.44,57.4,82.72,85.94,65.42,117.24,112.84,114.56,119.28,144.24,146.58,151.52,130.34,208.42,192.94,208.54,213.48,194.7,222.02,180.62,223.86,257.16,304.06,269.0,206.9,279.64,286.94,282.5,291.84,330.94,357.3,285.16,380.8,441.9,495.22,456.28,569.22,543.5,576.96,600.3,739.26,683.02,864.22,710.88,969.74,955.06,798.1,893.54,911.695,892.0962,880.8508,870.966,860.4262,850.7026,844.8484
New Hampshire,3.9,6.34,9.14,12.2,12.16,16.42,18.8,27.76,23.06,35.94,45.3,36.62,45.06,42.08,38.94,36.12,33.42,32.9,33.08,43.28,31.6,36.7,38.8,28.14,25.32,47.3,39.26,38.22,34.04,41.0,27.4,46.32,44.52,45.74,52.16,46.44,58.66,40.38,55.24,40.48,54.98,63.06,54.74,72.88,58.82,59.68,65.5,72.82,61.74,66.14,79.02,68.46,74.42,77.7,76.9,61.76,61.44,59.98,77.6,64.02,66.78,68.26,70.26,65.26,54.54,56.72,55.26,52.62,55.16,56.84,52.1,55.82,45.96,48.76,49.46,47.04,40.04,37.32,33.46,40.4,44.56,49.08,37.38,42.12,45.72,32.3,30.8,31.22,33.56,29.52,31.52,27.06,21.76,18.32,21.52,20.08,18.04,18.8,22.5,10.68,12.3,11.94,20.14,12.66,14.38,15.02,10.64,12.34,11.72,12.12,12.5,14.6,14.42,17.34,21.78,22.78,28.76,32.88,38.14,31.6,22.12,24.88,38.86,42.2602,45.008,47.2906,49.3162,51.1782,53.2792,54.8156
New Jersey,45.72,212.54,193.54,339.06,518.46,319.76,823.64,1116.68,1450.6,1434.66,1245.0,2606.9,2221.24,2314.16,2230.28,2778.82,1417.42,2481.16,2023.68,2678.38,2695.62,2503.66,2589.8,2138.82,1951.24,2134.2,2085.98,2348.52,2412.92,2039.94,2887.66,1606.26,3017.12,2265.9,2632.22,3755.18,3138.06,3336.62,2666.66,2506.78,1268.44,2095.56,2854.68,2218.62,2503.9,2120.6,1713.12,1567.1,1734.9,2482.84,1545.58,2110.9,1223.58,1663.54,1493.98,1185.46,1235.62,1409.74,626.86,585.1,856.7,1007.06,827.46,1273.12,1286.74,840.2,937.06,490.68,608.9,376.86,671.28,686.8,500.98,644.62,316.02,874.58,379.88,500.32,341.62,417.86,387.12,336.4,483.62,357.64,250.06,343.02,279.44,468.96,415.04,280.1,334.96,279.26,244.3,269.0,196.82,303.44,254.96,208.24,234.78,187.42,188.74,108.16,172.3,182.86,132.64,156.34,56.98,240.44,163.5,253.72,220.32,196.5,267.68,191.86,225.62,179.86,211.86,302.46,302.1,321.8,232.92,366.38,422.92,472.875,529.5498,604.8442,688.6528,757.3694,827.9164,891.8898
New Mexico,6.26,13.62,20.8,12.26,25.02,22.8,26.56,28.66,31.72,31.66,35.88,38.34,37.08,43.7,51.02,40.82,47.92,25.58,38.38,37.1,40.4,41.02,46.64,54.34,35.62,65.18,62.14,49.36,61.0,51.68,42.56,48.68,60.14,83.92,90.94,87.96,96.56,77.1,104.32,75.9,84.8,91.42,102.4,118.76,118.1,112.66,127.7,135.24,108.74,132.6,150.12,158.76,137.7,147.44,141.44,120.24,96.86,123.16,152.98,104.18,131.18,133.46,126.58,102.76,123.58,95.82,96.64,92.0,102.26,95.82,100.62,94.48,91.9,82.48,74.14,86.62,72.32,61.68,84.76,96.32,95.7,95.88,88.52,89.64,93.2,99.74,95.44,88.68,91.66,104.28,100.22,88.56,103.76,85.06,89.8,87.12,105.44,92.18,101.82,76.56,92.9,96.94,101.0,100.44,101.8,92.44,92.06,121.84,132.82,142.08,143.54,143.82,140.96,227.0,188.1,237.88,220.08,266.3,237.08,277.5,277.64,251.04,295.52,283.726,287.078,286.987,286.986,287.3544,287.5636,287.7176
New York,43.4,738.04,1646.16,3299.04,4204.04,5288.22,6313.16,7184.86,7877.22,8018.18,8019.54,7822.48,7713.02,7585.56,7207.54,6017.84,6254.3,5705.04,5260.18,6714.38,6988.78,7052.78,6120.62,5247.24,7354.68,6572.86,6437.58,5698.08,5430.4,5114.56,5204.08,8164.02,6440.44,4866.16,5659.3,5173.34,4220.4,4373.0,3704.56,3299.04,4673.0,7066.4,4941.04,4191.88,2975.24,3867.26,3463.52,2497.1,3254.78,2894.42,2511.32,2086.3,2503.92,2773.5,2325.72,2058.0,2139.3,1580.72,1237.18,1930.36,1727.46,2159.52,1832.16,1694.02,945.86,1131.1,1011.48,1247.08,1035.1,1155.28,1047.22,915.72,771.88,837.0,1001.44,846.52,699.16,658.78,668.72,890.5,790.88,762.4,644.5,747.44,731.52,714.58,654.16,588.72,629.0,661.44,727.54,704.72,610.48,517.58,413.98,417.96,504.4,448.66,500.76,381.34,368.1,375.22,424.22,376.22,331.42,327.72,234.8,327.8,386.34,507.96,524.72,519.72,405.94,490.42,475.3,618.28,531.0,666.28,682.06,673.84,586.36,845.82,842.56,1225.6588,1493.1526,1693.7442,1859.2076,2019.6584,2169.1802,2312.3538
North Carolina,47.22,26.98,48.8,46.24,87.7,121.3,111.66,116.76,116.98,182.52,233.08,147.66,180.24,158.2,160.54,127.58,125.48,113.38,170.8,177.82,147.2,149.48,171.58,200.84,112.3,198.34,178.54,228.62,207.72,209.66,172.66,173.36,207.5,252.28,197.32,215.86,234.86,164.62,409.52,259.5,296.06,222.96,312.42,300.16,366.42,318.08,346.14,214.52,305.86,283.14,285.26,429.36,433.62,416.32,418.24,326.98,461.22,314.46,395.52,461.32,436.56,408.16,433.92,427.46,350.32,170.92,593.58,293.84,700.32,490.6,363.02,484.46,491.82,372.04,456.02,551.6,404.78,587.18,615.14,312.02,570.1,494.52,662.22,863.0,1020.64,931.9,760.64,960.48,1137.84,1450.62,1216.72,1567.26,1025.76,704.3,673.18,922.28,1069.92,944.28,967.18,717.6,603.8,1100.0,729.34,801.74,768.94,704.88,924.02,1016.0,815.22,965.36,1206.3,965.0,1175.02,1440.34,948.38,1332.2,1890.44,1853.32,2003.62,1818.26,1937.64,2133.12,1779.08,1947.7074,2082.431,2140.2746,2166.2124,2178.0448,2177.2014,2171.1094
North Dakota,1.42,1.9,3.38,5.3,4.82,6.58,8.98,8.72,8.54,10.0,10.54,12.26,11.56,11.8,12.38,10.42,9.92,8.64,10.6,12.68,12.82,12.74,12.9,12.84,15.36,16.12,14.9,18.9,17.24,15.64,16.46,16.76,17.76,25.54,28.26,28.78,27.04,24.88,26.18,23.26,25.82,33.46,34.06,41.86,40.42,36.12,37.82,43.46,38.62,45.26,49.32,42.58,46.5,48.1,46.3,40.56,39.14,41.02,44.18,41.18,41.32,43.64,42.92,38.4,35.1,36.54,35.88,33.3,36.54,35.4,32.68,37.4,29.2,30.48,28.76,29.0,26.26,26.62,24.52,23.72,27.66,31.8,24.78,27.68,33.9,27.96,29.22,29.7,30.9,28.8,30.06,35.02,24.88,22.22,21.96,22.78,22.32,21.9,23.74,18.88,16.48,25.86,25.64,23.38,23.54,20.38,30.26,24.44,25.74,31.5,33.96,38.32,33.92,40.6,45.1,51.06,60.96,61.88,68.82,78.62,69.72,60.8,76.88,73.984,74.921,75.5272,76.1482,76.7204,77.2454,77.4258
Ohio,19.6,34.86,49.28,58.7,63.66,65.06,118.86,128.88,170.02,163.98,141.28,302.26,259.68,264.78,244.28,321.22,192.4,228.3,256.88,278.38,287.32,299.92,278.62,254.42,261.68,287.34,307.84,322.22,351.08,285.02,359.2,252.76,420.86,408.26,478.86,629.26,574.02,546.42,415.34,425.7,294.88,458.0,507.78,551.86,519.52,470.14,447.02,526.46,458.94,594.28,573.62,589.28,489.1,536.28,521.16,450.6,417.56,505.58,399.18,390.86,411.42,464.06,436.0,414.92,388.48,434.26,349.56,369.52,323.94,336.98,316.46,392.3,354.78,355.86,301.48,379.16,287.64,273.8,266.86,303.24,355.16,388.54,309.4,309.02,377.48,400.54,351.16,391.78,357.5,383.22,392.66,348.82,375.82,373.86,379.7,333.46,334.54,339.52,367.96,496.28,390.9,420.48,471.16,442.06,452.14,469.36,451.04,518.6,554.58,666.7,609.5,797.8,746.06,738.32,886.64,1033.0,1009.86,1172.7,1166.7,1411.64,1235.22,1180.66,1329.4,1352.1372,1326.911,1308.8496,1301.397,1296.8356,1294.2864,1293.9189999999999
Oklahoma,10.06,6.58,11.3,16.68,22.4,35.68,31.38,24.76,43.98,54.66,57.44,62.5,70.6,67.1,55.62,53.4,77.28,74.4,85.4,59.88,83.16,63.64,83.62,96.46,68.46,82.94,76.62,61.98,56.7,62.0,79.84,55.8,78.56,89.6,65.06,77.78,70.18,71.58,84.94,72.5,54.44,49.32,63.82,59.8,90.0,82.42,82.22,70.9,74.0,79.1,82.56,102.44,81.08,82.92,76.74,66.52,65.68,74.36,83.48,82.02,84.0,85.84,77.06,56.0,68.56,57.4,70.36,62.62,57.38,55.46,60.78,36.12,52.0,73.56,52.98,41.82,58.14,67.7,68.8,84.58,91.26,88.28,101.12,93.2,90.7,100.66,127.68,155.12,131.6,150.5,146.72,134.0,149.32,177.84,188.12,177.98,204.26,212.98,191.36,199.48,240.38,215.82,251.8,196.88,196.42,194.04,237.2,304.92,382.48,307.92,334.62,334.1,262.92,500.9,556.56,573.5,648.46,586.4,611.44,509.6,529.76,680.82,727.2,648.3882,636.2068,627.8306,621.5186,616.9626,611.1976,605.9234
Oregon,3.04,20.76,26.14,18.3,39.28,33.5,44.46,46.42,51.18,42.46,52.96,62.72,52.32,59.4,56.54,51.82,45.58,32.4,51.0,44.94,46.7,55.44,45.64,42.98,48.12,48.72,45.5,45.46,45.08,33.76,37.3,40.0,45.26,59.62,50.32,51.26,46.54,46.98,46.78,47.86,46.52,51.68,53.4,46.42,46.9,46.66,47.92,43.6,49.72,39.94,49.06,41.04,52.04,47.24,45.86,46.2,38.74,38.4,41.68,48.4,43.42,45.4,46.22,41.36,33.46,27.34,38.14,33.44,41.16,29.88,45.48,38.1,31.82,34.28,36.58,42.96,38.3,44.98,38.72,52.56,63.56,47.4,63.38,68.32,93.58,90.02,73.7,84.68,99.54,124.92,107.4,122.5,104.96,112.56,84.46,106.04,129.56,122.9,122.72,110.5,113.12,126.6,119.04,123.98,125.22,126.34,107.86,165.98,165.64,174.32,177.94,194.54,199.18,229.54,194.82,251.3,262.06,290.92,257.06,333.26,301.48,299.56,291.22,315.1782,317.2298,316.6294,314.7174,313.277,310.9942,309.9348
Pennsylvania,6.06,60.08,73.98,84.6,73.48,188.26,155.4,185.78,263.26,369.84,450.44,571.34,612.88,510.98,601.24,598.14,565.3,726.92,758.4,804.26,1138.86,896.24,1099.42,1093.6,1340.28,988.92,1121.46,1124.6,862.98,1098.66,796.7,976.78,1135.2,1152.18,1369.82,1071.72,865.5,1085.26,652.74,1378.26,1020.38,660.94,1203.62,1130.54,1397.12,974.84,1155.34,1027.22,641.1,642.44,1472.72,960.04,900.52,959.02,1110.36,945.68,1266.92,516.38,691.48,655.86,732.62,816.68,765.1,488.18,722.82,549.76,539.32,650.52,601.42,514.04,400.88,265.4,555.72,528.92,403.86,398.82,375.78,252.92,344.14,384.78,440.54,394.26,293.96,464.3,366.96,413.5,527.78,401.86,471.22,489.78,393.54,277.86,421.36,323.42,235.9,270.82,305.7,247.32,265.94,407.5,372.68,301.64,281.0,323.72,268.92,216.8,365.28,403.3,391.12,473.86,462.78,390.04,379.58,634.62,605.6,734.48,752.22,760.66,695.1,579.08,562.6,909.8,1018.38,1031.6636,1082.7666,1124.6948,1161.9289999999999,1201.6876,1239.297,1274.9664
Rhode Island,1.14,6.12,5.12,7.78,10.68,8.3,19.42,19.54,31.2,28.5,27.46,52.78,44.82,52.92,60.4,59.46,40.0,68.74,40.86,68.44,97.22,62.86,109.4,105.36,155.9,151.54,115.7,196.4,231.92,132.14,182.64,112.76,196.78,286.0,270.36,257.0,266.62,277.98,249.62,279.94,323.24,267.26,276.6,300.1,306.58,280.12,262.78,244.32,241.54,284.26,206.06,224.28,285.36,251.42,244.84,204.66,191.5,166.46,141.72,201.54,205.56,176.3,167.54,156.46,150.86,150.2,140.14,136.88,92.68,94.28,111.22,101.92,85.72,74.8,64.18,68.68,70.02,62.88,55.32,65.64,53.44,53.82,38.96,42.0,58.48,70.6,57.96,59.58,76.42,61.88,41.12,47.36,49.9,46.8,35.56,25.12,29.72,14.24,22.54,48.6,39.46,31.14,28.66,20.14,13.52,11.62,39.12,26.58,34.82,40.52,45.82,38.64,22.9,23.86,57.54,57.06,44.5,54.7,45.78,44.48,92.22,64.0,77.5,72.7078,72.6518,74.5844,78.462,81.7224,85.9776,89.6496
South Carolina,16.8,10.52,30.04,38.84,51.72,65.64,74.6,78.24,90.96,106.18,121.24,103.9,118.84,120.04,104.88,128.08,115.9,72.98,135.42,120.34,114.26,112.08,126.74,125.22,78.14,143.08,102.76,125.02,115.26,128.62,98.16,105.24,128.94,145.3,106.98,116.02,130.6,98.84,164.8,138.06,103.82,78.96,131.58,104.28,121.46,100.78,135.18,93.5,133.46,94.0,117.5,134.04,132.32,125.12,130.08,127.34,140.92,117.28,130.28,188.08,143.94,158.2,164.82,158.82,118.68,84.44,159.9,125.24,177.14,154.62,122.14,139.54,146.5,134.68,162.1,175.48,167.04,214.94,185.36,223.88,289.66,225.92,339.3,336.98,470.34,387.16,356.52,508.3,529.04,663.12,591.3,671.34,538.66,602.96,500.62,635.42,745.4,688.22,701.06,573.62,629.16,725.68,678.88,708.72,729.9,741.82,627.34,950.1,977.46,956.76,1048.18,1147.82,1105.9,1316.0,1187.14,1514.8,1700.06,1700.38,1727.9,1839.14,1701.62,1847.06,1783.66,1844.3112,1858.0468,1853.4824,1841.6854,1829.78,1813.0926,1798.16
South Dakota,1.46,2.56,3.96,3.74,3.6,7.48,6.14,7.42,10.28,13.5,17.36,17.66,18.66,16.36,24.6,19.74,19.44,22.82,22.42,30.26,40.38,28.64,42.54,41.2,54.14,47.6,45.8,57.58,51.62,52.38,41.58,43.76,53.34,70.5,72.98,62.66,64.16,62.72,62.02,74.84,75.4,61.06,74.66,83.66,93.1,74.4,84.74,77.22,63.58,70.06,86.14,77.5,85.3,80.9,86.02,69.72,78.06,54.9,67.06,67.02,68.96,70.88,67.82,57.82,58.3,48.1,59.48,52.74,58.46,52.14,46.06,45.86,49.44,42.12,39.62,43.16,37.16,36.8,39.68,33.96,42.64,39.3,37.6,46.48,54.48,47.98,44.18,47.32,58.18,60.98,54.56,56.16,47.96,34.12,30.68,36.02,41.12,36.84,40.64,31.0,31.12,36.32,28.72,30.6,27.88,27.94,30.48,39.02,33.36,38.64,42.92,32.62,42.5,53.4,42.02,51.1,64.46,69.66,69.96,57.4,58.42,77.06,71.62,79.47399999999999,85.59899999999999,89.2888,92.05799999999999,94.4434,96.303,97.8376
Tennessee,1.88,36.18,58.6,58.88,93.88,143.78,138.12,159.52,331.72,249.12,228.92,199.48,235.88,187.48,203.54,173.02,318.08,384.68,50.9,40.04,161.98,237.02,123.62,214.94,148.84,156.48,150.62,163.26,239.76,75.7,150.4,4.04,222.94,66.94,258.74,387.74,145.1,126.78,4.38,592.44,269.12,310.76,386.02,272.2,126.62,271.6,298.54,701.46,531.84,455.32,407.48,111.4,224.84,141.5,274.18,229.06,205.52,509.36,480.32,247.8,233.16,205.18,218.52,81.98,483.52,286.12,3.02,342.54,269.38,239.02,212.4,300.38,252.8,283.96,218.36,212.42,235.24,2.88,2.84,1198.64,369.4,261.9,284.04,324.64,295.28,546.2,536.3,309.22,356.64,616.6,327.2,782.3,748.14,614.88,263.26,443.78,801.48,260.72,482.64,330.0,462.76,619.68,450.14,673.76,337.64,5.02,1302.44,752.26,1069.06,892.74,1048.34,1064.56,840.6,680.16,1167.48,2230.04,1449.66,1634.62,1339.74,891.88,3445.28,1472.66,2246.96,1899.944,1781.489,1740.1048,1716.8846,1697.3202,1686.9414,1674.1496
Texas,20.96,58.62,72.44,172.04,177.02,237.96,268.54,114.7,193.34,321.56,464.04,389.28,424.38,506.32,354.88,307.02,454.2,389.1,462.58,443.68,543.58,488.5,572.78,554.94,540.84,881.92,566.02,604.04,446.6,432.58,527.58,598.72,718.4,647.34,689.86,485.78,414.38,748.56,602.9,820.38,559.12,394.3,702.62,442.98,977.12,706.86,1075.28,613.76,889.72,909.42,833.18,1016.96,912.6,889.58,957.36,854.8,776.48,1185.72,742.16,1341.88,1061.86,932.12,1299.5,752.68,601.68,1034.42,760.96,782.64,353.3,779.96,729.36,414.12,610.7,1040.86,997.52,363.38,824.3,1074.4,675.28,1156.22,1034.62,1113.64,1213.26,1174.44,1092.72,1088.94,1609.32,2115.58,1592.96,1851.42,1555.24,1626.52,1691.8,2708.62,2820.78,2577.18,2659.28,2562.94,2499.92,3159.86,3085.24,3242.56,3804.14,2557.06,2729.52,2129.5,4009.84,4157.94,5480.3,3915.92,4591.0,5038.5,2816.78,7642.08,8175.44,8042.5,10471.78,7057.24,8997.86,8062.62,7413.8,9550.32,10798.8,9202.89820000001,9029.1786,8874.9418,8765.8258,8678.8008,8584.4192,8493.5172
Utah,13.14,32.46,39.66,21.42,54.98,50.9,64.2,61.64,69.46,77.48,102.96,102.6,95.6,108.5,90.64,89.5,74.9,55.94,100.12,84.56,79.06,96.22,76.98,71.42,62.26,84.26,88.02,80.02,68.42,66.74,60.36,73.2,93.0,96.32,99.34,116.88,103.78,91.18,106.42,92.92,90.54,105.94,109.56,110.8,110.68,102.24,118.98,106.04,108.38,110.86,119.24,144.0,132.36,124.94,126.6,118.58,127.58,131.6,87.26,141.08,126.3,132.1,145.76,118.72,100.8,106.28,127.12,108.86,140.68,121.22,99.2,131.3,141.22,136.26,143.5,163.82,135.6,153.94,148.36,139.2,203.78,179.3,210.88,238.3,295.38,253.06,212.98,271.16,307.32,367.86,328.66,353.34,291.66,264.7,232.88,291.68,340.72,318.56,318.66,249.96,269.8,302.16,275.96,271.68,281.14,275.4,223.08,378.1,356.26,347.74,399.84,366.18,410.16,547.8,395.88,516.46,613.42,640.4,603.02,645.34,571.78,715.22,637.68,674.0712,700.0772,709.3846,711.8556,712.4172,709.7764,708.4616
Vermont,1.96,3.32,4.76,7.78,9.16,12.78,15.88,17.5,17.24,23.48,27.78,25.04,28.66,26.78,21.48,19.5,18.8,18.56,21.88,23.42,18.8,21.3,16.36,12.88,13.64,17.8,18.64,13.48,11.14,12.72,9.52,21.48,18.34,10.3,10.54,11.3,8.02,7.1,7.5,7.36,14.5,15.64,9.06,7.6,5.5,6.82,6.48,4.74,6.22,5.24,4.54,4.08,5.18,5.66,3.94,3.94,4.5,3.62,2.42,4.16,4.02,4.24,6.9,5.68,2.02,2.04,3.02,2.9,6.04,4.68,3.24,2.82,2.52,5.82,6.66,6.54,5.62,4.52,2.8,3.52,6.08,7.34,5.84,8.72,6.32,4.46,4.54,4.26,5.52,7.12,7.16,6.72,3.9,2.92,3.22,4.94,4.46,5.68,4.76,2.54,1.7,4.52,4.1,4.12,4.08,2.74,4.16,3.32,3.18,3.94,4.4,4.64,5.3,5.12,2.16,6.76,9.42,9.1,9.54,8.92,8.58,9.48,8.06,10.0794,11.2884,12.092,12.4646,12.9652,13.2036,13.545
Virginia,19.96,31.04,32.44,37.66,47.94,62.6,72.94,129.58,82.24,113.98,129.02,114.24,149.54,160.88,141.86,143.84,144.06,166.72,170.96,211.18,182.12,243.6,194.92,217.24,282.02,197.74,229.12,306.7,140.06,326.96,295.62,223.36,256.1,393.8,500.2,496.34,542.44,455.4,440.18,453.62,370.64,574.1,519.38,722.64,619.0,603.9,628.06,836.54,661.9,744.18,780.76,654.2,756.62,704.5,724.38,623.74,741.12,859.42,513.84,765.8,736.72,697.26,735.98,634.72,580.58,875.34,557.22,754.0,489.38,616.38,392.24,745.0,704.48,714.08,656.82,668.3,525.82,517.88,461.06,523.32,635.1,737.8,538.64,524.6,733.22,549.9,472.06,505.66,620.1,520.96,564.92,581.96,445.46,353.8,386.72,355.34,335.68,360.14,389.78,281.72,270.88,332.88,311.74,286.34,287.74,284.24,329.72,308.46,267.24,391.0,393.22,475.94,471.06,378.46,410.52,600.42,625.54,748.0,796.34,925.3,868.74,840.9,1013.68,997.7874,1004.835,1009.452,1021.0738,1031.6848,1043.9464,1052.9474
Washington,5.68,368.04,430.44,147.0,495.24,316.32,422.56,351.9,393.94,184.68,391.86,608.42,328.88,569.48,528.24,369.3,323.46,132.86,463.54,281.7,285.4,463.38,313.9,238.6,369.52,225.76,312.56,178.8,131.84,22.46,118.7,102.66,71.0,319.66,220.04,169.88,111.14,235.18,164.72,97.24,132.36,227.1,215.24,146.88,160.82,191.28,198.74,194.52,244.76,152.14,283.92,118.26,265.68,250.42,121.6,254.42,175.96,219.22,176.78,185.84,169.06,157.44,245.28,143.26,141.46,147.46,127.74,79.2,86.64,2.02,426.84,165.62,91.88,161.44,194.24,163.36,147.74,196.28,178.74,130.54,226.08,189.54,167.1,298.58,283.58,342.1,297.6,5.32,376.74,319.18,284.72,305.98,314.86,326.58,168.56,264.94,258.78,387.92,333.68,133.4,310.28,298.44,281.28,211.92,279.76,202.46,339.6,347.2,355.32,424.1,374.06,338.08,500.08,1004.86,364.88,444.68,547.3,522.68,16.12,1336.44,1109.66,533.64,716.38,728.0766,759.6576,772.6492,775.98,778.763,776.5010000000001,782.4974
West Virginia,4.96,3.06,3.64,5.4,6.16,12.52,8.9,8.44,10.6,19.32,23.1,20.8,28.38,25.78,19.52,16.86,24.62,22.84,24.68,20.34,22.32,20.82,23.08,30.82,23.22,21.9,29.48,16.86,16.4,22.16,21.9,22.54,24.5,28.68,20.92,22.78,18.44,18.1,23.3,21.08,22.62,16.06,17.06,22.22,29.08,24.56,20.38,22.02,18.2,17.86,29.0,29.48,25.26,27.22,23.94,18.8,24.48,18.44,28.6,16.92,21.08,25.66,21.86,14.66,20.46,13.92,21.66,15.52,21.58,18.32,16.72,8.92,15.6,20.58,15.4,15.14,13.02,14.92,19.38,13.0,18.48,22.82,19.16,20.88,12.78,18.72,25.94,22.68,22.22,22.92,23.12,21.2,23.5,19.4,28.76,23.72,23.92,29.76,22.3,29.4,31.96,36.56,37.2,29.16,29.32,27.62,47.3,37.9,53.5,52.44,49.82,55.38,37.48,73.8,93.2,96.44,98.36,105.38,104.14,87.74,102.5,109.92,126.4,114.3472,112.0166,110.6768,109.7682,109.1046,108.2708,107.8088
Wisconsin,27.02,27.94,33.82,35.1,41.06,61.02,69.6,75.8,67.56,119.82,163.36,137.52,175.46,172.28,122.84,129.32,123.48,108.12,148.56,139.58,110.24,138.9,100.3,87.38,81.78,109.16,135.62,100.98,83.72,110.98,73.3,137.52,130.06,140.92,150.84,165.28,148.68,130.74,130.76,134.08,164.02,204.54,173.56,242.14,219.64,207.62,223.64,278.96,249.54,285.74,316.08,266.92,298.7,299.26,293.32,250.0,256.0,290.24,302.58,275.56,273.44,287.6,313.58,271.94,230.2,276.32,234.72,254.08,249.46,264.52,226.88,266.04,224.4,267.54,260.72,251.18,216.9,218.4,169.78,220.76,270.82,302.06,245.0,258.62,295.9,221.06,225.82,247.78,266.78,256.42,271.2,273.6,215.1,223.62,232.24,248.06,243.46,255.94,267.8,203.38,209.32,251.78,276.42,248.38,268.18,258.58,250.56,292.42,325.32,338.1,347.68,430.46,367.78,439.96,476.88,574.5,636.94,659.9,702.44,755.08,653.56,664.8,766.24,767.8226,769.5816,769.6244,769.9684,769.633,769.672,769.6236
Wyoming,0.14,3.96,5.26,3.08,6.2,4.34,6.82,5.48,8.18,6.54,7.56,14.2,9.1,10.88,10.36,10.3,8.0,7.24,10.94,9.56,10.52,12.12,10.64,9.62,10.96,10.12,10.0,9.66,9.58,5.82,9.54,7.46,10.68,13.74,12.84,12.66,12.82,15.58,11.66,11.68,9.36,10.04,12.96,11.18,12.86,12.88,10.58,8.96,10.9,11.88,10.14,12.06,11.68,10.8,9.84,10.76,7.96,10.76,6.8,8.78,7.74,8.26,9.7,8.08,6.84,7.48,7.32,5.4,5.26,5.04,9.26,6.88,6.18,7.5,6.72,5.68,5.82,6.6,7.24,7.46,7.8,7.34,8.54,9.06,10.2,11.76,10.58,10.34,13.38,11.82,12.08,11.32,13.22,13.48,11.86,12.56,13.58,13.68,13.08,14.46,16.22,13.9,15.32,11.9,11.72,10.94,18.76,19.66,22.1,19.36,18.38,18.62,25.0,36.08,35.44,31.96,39.76,31.16,31.32,38.9,38.38,44.16,41.88,41.766000000000005,42.0586,42.3674,42.466,42.263999999999996,42.0608,41.9272
US,151.0,1363.0,1732.0,2774.0,5231.0,5308.0,6335.0,7915.0,10080.0,10241.0,11926.0,18015.0,18162.0,19690.0,19107.0,21446.0,25939.0,25422.0,30370.0,31926.0,33004.0,27830.0,29602.0,30709.0,31642.0,34686.0,33452.0,29979.0,28444.0,25285.0,27108.0,29041.0,31229.0,32698.0,28288.0,25943.0,27302.0,25473.0,28239.0,34028.0,36429.0,32889.0,27623.0,22390.0,24615.0,27375.0,29622.0,34126.0,29016.0,25536.0,22440.0,24105.0,25211.0,27819.0,27049.0,25715.0,19789.0,18818.0,21910.0,21164.0,27520.0,25183.0,25052.0,18990.0,21705.0,20354.0,23560.0,25482.0,24029.0,21753.0,20723.0,18920.0,18853.0,18221.0,22725.0,24342.0,24160.0,20071.0,17254.0,20832.0,19867.0,20861.0,25112.0,22438.0,17660.0,17353.0,17985.0,20649.0,22924.0,25146.0,25402.0,19703.0,19579.0,23643.0,25505.0,27697.0,31507.0,32459.0,26374.0,30497.0,35066.0,34799.0,39807.0,45193.0,42561.0,38912.0,41307.0,45527.0,51083.0,54374.0,53231.0,45763.0,49754.0,44262.0,59886.0,58560.0,63106.0,66342.0,61107.0,58715.0,58832.0,67301.0,65979.0,65962.3982,65921.8146,65911.7376,65905.4918,65886.9718,65904.2586,65909.0402
