Province_State,3/15/20,3/16/20,3/17/20,3/18/20,3/19/20,3/20/20,3/21/20,3/22/20,3/23/20,3/24/20,3/25/20,3/26/20,3/27/20,3/28/20,3/29/20,3/30/20,3/31/20,4/1/20,4/2/20,4/3/20,4/4/20,4/5/20,4/6/20,4/7/20,4/8/20,4/9/20,4/10/20,4/11/20,4/12/20,4/13/20,4/14/20,4/15/20,4/16/20,4/17/20,4/18/20,4/19/20,4/20/20,4/21/20,4/22/20,4/23/20,4/24/20,4/25/20,4/26/20,4/27/20,4/28/20,4/29/20,4/30/20,5/1/20,5/2/20,5/3/20,5/4/20,5/5/20,5/6/20,5/7/20,5/8/20,5/9/20,5/10/20,5/11/20,5/12/20,5/13/20,5/14/20,5/15/20,5/16/20,5/17/20,5/18/20,5/19/20,5/20/20,5/21/20,5/22/20,5/23/20,5/24/20,5/25/20,5/26/20,5/27/20,5/28/20,5/29/20,5/30/20,5/31/20,6/1/20,6/2/20,6/3/20,6/4/20,6/5/20,6/6/20,6/7/20,6/8/20,6/9/20,6/10/20,6/11/20,6/12/20,6/13/20,6/14/20,6/15/20,6/16/20,6/17/20,6/18/20,6/19/20,6/20/20,6/21/20,6/22/20,6/23/20,6/24/20,6/25/20,6/26/20,6/27/20,6/28/20,6/29/20,6/30/20,7/1/20,7/2/20,7/3/20
Alabama,3.69655624315781,16.5688605672135,14.1592387677107,18.2831731765446,27.203352224482497,30.9452760849095,36.93801330525029,44.508618977743104,53.7037792645516,59.966944664176395,76.05607100703159,87.54949497684059,100.85570106994801,110.69649563200001,121.86444663289801,122.88962240236799,141.863955592624,145.933515307851,168.470006318325,177.151033612856,185.409072946498,183.217748633621,191.963043218166,196.057099882397,195.73668222270803,211.043247958825,213.279589085849,203.649011636802,206.66557553183603,183.942681029107,193.44349731401903,190.185469588097,204.98832895509202,222.80643723324903,222.690510449902,219.822959533218,219.34072219763198,204.298172305288,233.500091141946,243.60498296042095,249.770592773819,235.530636204697,251.08652141206295,219.1027693524,237.27825852630696,232.764449499897,264.83655799541697,279.424022530168,282.448644098819,267.360564651245,256.05855714678603,256.632391708436,274.10852799237597,299.022541301922,295.743415014086,295.214242812588,266.869272204124,277.911972126452,284.166121510074,300.142634894535,331.445503535749,319.928700294988,346.343151192662,300.646183752471,333.984711637924,303.964567797892,375.427587296232,351.850584668523,399.2676057375089,358.82602435434995,422.149897739671,358.872456986556,386.951816085392,363.2329518066391,422.26999738405294,461.0737752140631,462.753483795455,448.96292676349196,465.27532779628405,436.092494793966,454.703024188011,507.728778561756,515.113486581595,572.570662807749,534.989207265363,495.358477386643,510.58285837889196,567.306487442845,600.1405769904139,658.8461112395299,653.826009441314,618.4878642004402,595.289573656412,590.98600984117,622.030551357534,652.334242058573,728.4036752711211,765.306302157446,764.878073119794,756.094465971756,822.414362959288,879.07210614567,1001.1510581461,1083.7598965726,1159.335,1175.3322,1366.8926,1468.5752,1585.5396,1724.489,1903.6326
Alaska,0.593971668782136,1.22181084389218,1.9803707635004,2.41349753155781,3.5650016079167206,4.38913947150142,5.21629041349444,5.57466860640343,6.816177891821259,7.89887304793297,8.3975213530151,10.537874515528001,11.2440450952807,12.783753734585302,11.992933456423,12.5465447171304,13.514218101812501,13.146105969928401,15.4660944293337,13.8772163326405,15.3734816045898,14.274430446335401,11.161954458335302,13.265488917513402,11.0565263793174,12.4555189655554,12.514907094556598,9.81618327268989,9.7172880288626,7.917099852548809,7.331907507964899,7.431764517325639,7.26843660270797,6.7586122459312,6.58628927990509,5.343882728732178,3.8726281450930697,4.1054200744923,3.86833909261525,4.09508878817946,3.86116494205036,3.5157236234362,2.96178343625392,2.5598671685187004,2.65589194080767,2.61266403250931,2.72034746282812,3.44063746768318,2.7708273860962302,2.61463904463609,2.6138934972087,2.8279159532126497,2.6972662466165205,2.88940276662767,2.8264134449909704,2.6390262498193,2.3795538163846497,2.49616671019618,2.78938415105613,2.25332044326493,2.96442561945189,2.9500332162061205,3.07633076250038,2.2513061155310803,2.53526636833511,2.9893122176324,2.99599243441511,3.2970482738632,3.61124723849921,3.7642746053061895,3.0471341761088,3.0175982614663304,3.31265149450522,4.62096488688101,5.9403072453088495,5.90592236115634,6.93975448836437,7.401765780121701,6.381020810084009,9.14603060825838,9.244994419156573,10.529049476753599,12.6037470766993,12.765007360573199,8.97256822223661,11.180792468152498,12.669060580915898,13.2971734553104,13.1841041966576,15.8805056222242,15.9961832491819,11.8821540732357,12.1390947006654,12.0495595199686,16.533249878756198,17.2664802249633,18.932846916724998,18.626377072264603,16.233130837813402,16.565195073170198,16.5863617955152,19.5745791587855,22.828623091102,21.134058237188306,21.9766,26.024,25.5494,28.0272,31.1358,32.9372,34.6334
Arizona,0.411326944316776,7.5602550890533,6.48537230478045,11.1226234246886,24.2954919466828,28.6622525683508,35.1190022276037,39.2752537089871,50.019935434428604,61.6634546045494,77.49846005513041,96.7459120466903,125.601930763013,138.31585560620502,141.13933528905,149.612272856906,175.14389459388698,185.158130429666,216.987873439417,220.334030576489,233.555770879555,225.25625316417901,197.540762941626,203.11029267091203,208.52276186869202,231.93527628469,232.22723853185798,213.31744862428695,191.23730002827202,170.19277545565,168.255620219849,183.702971525476,208.754547095953,243.066299195574,235.426460764768,216.56983634015202,197.940497892666,204.86249600412498,255.94536591046798,302.481887388434,295.993412517285,282.527595896405,244.528663266755,208.37335177861,226.097494177481,257.798521076105,307.373768723508,364.5857228263951,343.015625583481,294.033969554685,273.936752203424,298.996003654586,347.069744622391,363.621475511623,348.62682500281,317.89205064796,288.3236991368201,296.255283221175,333.39795887121,342.397254471884,373.106524505109,417.357859246669,413.844999271559,323.303817878159,318.46403010782797,344.23982151434,411.488164546438,461.274524899613,488.169070436086,448.312830489997,441.9016968551329,351.136635987188,351.96268230256106,486.680996011425,698.885754654044,725.7359110970401,710.065854053031,685.210703818654,617.193883067569,748.45248521284,809.912352169895,959.6848510518448,1161.84475643937,1144.56756591551,866.7139893691092,844.6473018516908,1068.42979844915,1267.437872072,1393.1658000091595,1584.18245736483,1636.88333559475,1341.3049519202,1341.5879655091196,1542.0546271845901,2016.06561561034,2388.55325119134,2804.2097862025207,2710.95700883625,2416.67678396859,2366.70707424474,2877.20124193015,3375.7729245342603,4429.4109155470005,4664.82482148465,4629.7836,5532.1182,6275.3746,6963.7358,7864.43420000001,9049.1208,10347.6248
Arkansas,0.258534577027887,7.0247913621242,6.63416808314375,9.61790582233181,20.967474506396503,20.9369637694465,22.7475453170189,27.5296934868235,28.421955430483894,34.7141102218976,41.2900247688276,45.9318546768392,53.53755192721261,58.7572259681947,56.26146602953671,61.2189261901499,65.1616155314316,71.3120340484809,72.5033022898405,79.8218463868345,78.7687210397042,79.0429699669458,75.6691460437822,75.8189775475502,76.0035886617707,88.3401175214064,81.7315441444983,82.4998434198115,73.7175345507405,71.70368947763741,69.7609546486688,73.4084734339166,74.8821902245047,87.85615431476108,84.9077812989493,77.63155713761859,85.1973673645767,73.78855574238091,102.061660899655,110.64730139036,105.034087254475,99.04915874555279,89.5008253427198,81.4778664232564,78.43666066819709,94.61470326759279,103.75295893341699,116.32219287480801,106.260344714943,103.67969210802201,92.0302126172184,103.488391728765,109.717413378467,115.211439264008,119.844925684345,104.219869085068,113.55964710218099,104.27284127777901,113.116154197026,125.12828701734699,123.091619937819,145.78283864981302,129.96678989963002,135.554516076014,113.787885691739,135.718215028811,136.728855950617,191.102295195993,160.244949975816,176.27416211632,155.5021248068,151.592948243085,157.561789441587,168.665841358957,221.734085740121,242.10637479710098,223.18427088009201,214.90935813822202,225.098863738181,235.547760365549,263.556455697723,288.21005688172403,315.967950457552,319.177300337507,295.18307087644,268.99079277038896,323.277831498136,358.494999707376,388.276861359196,406.918020705184,454.07594781902196,376.24172669902,394.09060256984003,408.99739948355597,477.805541435667,534.806651416535,618.6598545558402,569.907461894706,585.657493765102,531.569474639524,650.22710133903,723.983569459131,791.4763968229671,936.446371245049,893.1098,979.4054,1120.267,1201.5156,1342.6186,1454.6542,1636.8608
California,1.96190313616191,161.20710406567198,103.65595688863199,119.542657901702,225.25994352456402,250.913793268649,276.556137653501,360.023141966277,410.660300595291,474.87324686308403,609.720502791841,694.3179402298849,817.8267724868359,882.330783333363,932.689089428705,999.453884296826,1094.54279028923,1121.47591673809,1254.20804948487,1238.8375079039502,1326.7522703214302,1307.18658521916,1221.41556522734,1280.84160743636,1263.80845708726,1385.6120034554401,1343.51164992603,1172.60005034828,1277.1988075746601,1105.6775485695,1121.42123335475,1263.99934570604,1220.08653894204,1445.9135868176404,1423.62716314574,1325.57190164058,1555.41899891066,1388.4169848302201,1593.53836151187,1776.8706673647305,1745.57277351511,1698.8629404164499,1629.07065721269,1530.7818061287198,1492.77829805977,1831.0391527089002,1941.48405190883,2039.38762445776,1757.60503860584,1887.9968468338,1635.557149981,1817.81134227166,1859.50971915817,1972.6073335555802,1976.9419217468105,1829.22746680442,1527.0397730111704,1724.11572984857,1773.85519890025,1937.91551382875,2031.6931334836304,2326.2123409829896,2021.4949047618202,1857.89038102388,1921.15011971765,2111.22383294235,2053.41250521064,2485.44896930567,2253.566795922,2330.97165288922,2017.0804738558304,1950.0128747049,2337.60988248809,2015.75648620121,2424.26794887762,2851.81121153249,2645.28657746158,2205.48946607593,2589.97703005875,2396.53627280912,2656.211059748,2739.55431079167,2882.85195171023,2853.14738447848,2613.43006455138,2565.15585679895,2639.45828888043,2990.247468292981,3280.0820718320892,3309.4374681687,3739.29438524791,2855.20539206627,3305.16616760969,3115.5449711734996,3545.1625755164205,3835.40626209966,4315.63975605768,4316.86084964422,4678.5972153207595,4316.69480390294,5474.89970213816,5778.66053709614,6285.206042423721,7936.8480691757095,7909.8319999999985,8491.7646,10030.8974,11036.087,12403.6974,13908.6088,15924.7082
Colorado,32.9973663561912,25.979695129405798,31.7886573197156,51.072331256320496,75.19424145036,88.5667944453194,106.029519361341,125.8222500908,131.99686257524098,169.879389731794,191.20249309337,234.916140465792,263.882263655882,295.234812366494,288.315680543329,312.167115708068,362.140063695604,332.45385555105497,418.846129304952,371.4333757849269,436.405749235416,404.028237886122,342.398996290948,411.379222629753,325.45919767425204,464.650197824158,448.3724080489061,353.95901466258795,401.994105915989,344.65961640723,334.560000478697,381.5619067540129,426.435620359828,427.45336622538,449.248753375546,414.971058228191,379.535454465808,390.788700656427,462.00977500024806,474.673231802897,541.507477183431,487.751246372966,439.399677759032,393.290554542998,420.824516028849,463.245104056168,511.412598239238,535.920654368377,417.705615619664,460.434756448051,392.000303417592,471.485617398378,450.196051025622,469.578733815832,434.146079142602,387.457747582997,284.919889168281,358.274946703074,375.868016624946,308.622473416137,402.9108350256269,413.70874577947,393.779998431754,273.704125169557,326.131523344446,333.508629681092,350.562376798896,364.242254910047,346.887149734265,355.309298934646,239.807054460367,210.588106628373,263.559874207137,276.201036789064,326.06289531613,346.017690866353,306.70800845636103,226.664704573873,251.647075912439,240.278640087808,260.61525268074,268.639193750725,281.780494027505,258.684552469195,160.707275156098,179.154599473808,200.35815250973,207.647378105425,196.106794109286,220.428471629804,212.097410179748,138.936396789471,173.44586185991798,146.346416495673,208.471263041291,231.428070295408,242.485014416634,227.71040870539798,195.596261328872,195.31214250049197,222.553203298671,231.31017996368698,276.5730201209,284.965081071073,275.6316,287.7818,301.711,317.4552,333.9516,355.7226,376.3804
Connecticut,1.22835555762751,28.1100585351547,22.4436354890344,26.2484561015828,51.0421161048437,56.103303725180204,72.3886366504699,104.65772408802299,116.60382206785499,147.687653769187,200.619890899076,218.583783521192,282.04299589807005,339.237535411051,387.65601078396,404.844798685347,457.618126247443,494.212858602743,564.922358892969,649.2181442409681,705.2213515696629,713.631743413418,797.373828207056,812.396982815816,773.023072921969,983.0747436258072,917.4305580769341,916.539023912808,969.231448952296,939.326207119041,852.020108648866,900.3525980182941,864.899507841215,965.0782590740899,983.072906016743,919.922450053163,1016.84641029729,722.3039348804939,875.638633095126,826.8419296062401,878.4368277574409,871.403916548044,857.315803159781,760.6152971743469,694.4194262140089,731.608042141523,784.7255617582449,764.922492360275,739.4673788664592,774.8110768440359,614.8276512485489,600.767447699469,623.1378842331479,678.239940172438,675.440043774719,610.252539849462,517.782028056099,499.127368140973,483.34839952595496,527.550108970021,520.4787396751069,552.161703796681,513.504732897443,495.2648474550071,479.50506138665395,427.680249683219,460.44106546474296,450.57767985400994,431.929751373825,404.14062704890404,396.604701836667,336.536422838042,351.395249825543,232.231491142795,279.363697073889,332.020198790871,281.072667058566,236.44789533540904,274.597287147644,199.87742886917198,208.21551316666802,204.479592150862,181.801225274627,211.63018418759603,192.43202562928295,140.65454493926902,127.81877310912,143.040447698712,138.675021634027,136.689475362705,152.01323868239402,109.878790331959,113.778642589683,88.6007787229306,91.58807606415873,89.3554984626758,101.62865002358801,96.660549622469,105.425915277253,80.2221255563752,96.4658838311388,82.1359257641507,86.2823145426371,101.623130335114,98.1658,89.9982,102.9352,99.8352,103.2338,104.9572,110.7306
Delaware,0.4299364951833521,4.03875610942501,5.0004194788129,4.323363164012609,8.8766483986917,9.31927086005118,10.7904827565385,13.0134924165239,17.062628020713902,18.465640627190695,24.805134184283,27.174036541463998,34.869792416954304,39.1467261960519,44.509276189750395,46.3642260971526,57.8558146470691,61.8509490353209,69.7822569909976,76.5657529643433,89.20078208182409,86.8392831757035,97.8767165737388,105.10708769634,117.023424946807,114.855182629949,121.012056946204,130.43637952937598,130.049141814181,127.798967496966,142.130161895326,135.601621604508,144.166073185819,166.228030268449,179.026669282177,161.508235755354,183.330089247419,174.237045013625,191.39461658505297,202.693913056668,195.904952060825,195.45215028575905,214.55450063530103,166.647675764484,201.47326010041598,167.55077129727502,200.17115784013905,196.734825889847,212.987995618399,175.20159808967202,187.003221973162,159.75291386414,196.49726038718003,192.38213630832,177.01509857971698,189.05777263476003,168.209088414624,167.196041320532,156.260076027597,171.528297546543,171.02220722829398,148.537912591126,177.403354074649,140.974053298867,171.429028443959,116.505159353909,169.606220731736,129.087078557137,162.471032235886,99.68270494160048,169.988032372148,107.24579482773399,103.253682361934,96.54638138227509,100.409528468484,94.97622285878721,100.62554159319599,89.86086940426891,79.36372529820859,81.0534016292665,67.06834543743089,75.01771040952958,70.6201558933806,70.2189645692725,68.6283312196349,63.601996013399,55.333917109888404,63.77432948970222,62.550642681374704,66.8510360570592,58.187433940206496,64.3156777610133,53.7094102103635,59.0897169930036,55.564192010601,53.87676387494929,60.27575911508311,57.0855626361885,54.074760046613996,56.797855135622996,50.2081547706709,54.0975745118223,59.5348384052645,53.3187248544894,64.2574,52.7946,62.31100000000001,58.4654,62.2408,59.5732,64.4872
District of Columbia,0.33973602993998303,13.925657770559,5.55143916626771,8.817328820418368,14.347421005665,16.063961067299303,19.0196662628364,20.8134609153471,25.571913712574602,28.871551257540894,37.1944330351276,40.2000582590312,50.77505200700401,55.51565816262361,60.596169240919295,63.516747672425005,71.19160558578541,80.22281168501,86.42018204640881,99.39230862638,99.1155318113059,105.37448558065,105.937119483141,104.125241020774,121.09737113333,122.881166736301,127.768212565224,131.486853024263,127.400740296029,118.720614998592,123.036373662903,136.335989099231,132.72523874196,159.159759066068,154.956363455589,143.883229110405,143.30374861997402,124.862033277143,154.176854131352,167.95237020979602,173.567236186053,170.56555204915801,164.42427024891,144.7424309876,144.695272647072,160.13146836623199,178.146964542077,198.851890732067,190.35131789808102,173.68405151762403,153.061948897725,158.48800575652,172.129770623578,184.36613614742,179.149771659802,160.1545125116,142.50870287618798,137.545259142724,137.276463150752,152.23136813627,142.218184833536,156.44260481960399,153.568778631297,138.510525129923,130.02662819350098,129.567576282975,137.365705600222,151.023789417962,143.735248700127,126.78521835677601,131.51154661383498,107.712777482085,101.454873480275,96.34457492511272,123.361986372672,119.102128256524,109.144447135409,96.62524739322849,85.158064772488,78.0673371995301,85.845037979444,81.03286877501358,80.00352058218141,81.7417323755444,65.1265135133016,51.00240899503,53.210373432912206,57.293315767196106,57.5384915934094,54.4300655525419,55.2198448615858,43.5163429335911,39.3678557994206,37.631194199217,41.923877067332896,44.02054721612621,45.803647387028704,40.894349151575,39.3284623797852,32.3163194925464,36.2894162946254,36.258714689352395,39.0446795780245,39.8065336260383,36.905,37.035,39.6586,37.5768,39.2516,38.8056,39.9684
Florida,25.3877570731426,18.068499338279107,60.017145965964296,71.2448486275282,115.819097433293,161.258020330187,189.448505942513,230.590444701725,300.416967464278,368.676942558259,430.482222850625,606.43075196764,671.952595033379,763.630595130028,795.22145211202,877.738154787515,1032.89712835879,993.583815240422,1259.8236568698899,1179.3725981371401,1268.5340631213198,1210.29167571138,1044.10762966713,1202.41262269574,1020.23599922515,1130.32037128555,1131.14807645877,954.022627990823,926.818256316089,805.5159633562648,793.2417258469341,784.380437105267,892.258314302744,916.7407245274719,884.719463829073,856.834335740199,729.830143471436,830.5559218956412,813.961121733822,946.4647754664908,900.429799956123,781.148346689248,732.44970018146,634.329630782628,681.0505709076609,664.398207994391,774.234901680741,872.1429108965282,762.6123735189342,652.831147570658,681.165798342031,664.436490399101,716.7303293978308,748.284570129035,683.905455001831,670.477977538204,593.808624106914,613.617870047295,694.230122783685,619.049777818865,796.0440449481689,693.1551092452789,784.0936170448862,589.550298460274,663.975314202261,633.744057800325,732.9286645978128,755.552377802682,804.125513646413,738.762130879019,709.5233193862608,630.3987535298098,605.7605005369049,802.321388967857,899.030539551463,947.284990003194,1009.25926888871,983.434319053045,907.9805492675599,1105.71799602714,1071.9587484083502,1303.46292453799,1521.1884489758402,1490.62218105726,1184.1688469665598,1350.65653693627,1477.0508309450595,1689.24285931191,1759.51104281945,2175.08351820374,2102.6625908236897,1983.8409092171896,2008.1864729564106,2205.18845187458,2724.7586828327107,2924.66742071953,3521.10184342302,3770.9778028816,3165.48230958406,3846.3484556253297,3761.046172070901,4940.46121148575,6019.422640264761,6144.5631873151515,7196.4476,7885.7956,8668.8886,10436.1646,11355.1678,13333.1828,15202.1248
Georgia,25.9568726891487,22.043518537610503,34.1487942178868,57.0250536883876,78.7223449139577,101.106298520705,116.308860827041,144.546929991087,176.821642590925,219.58530019621398,264.96563436045,341.70986679193,406.111587227035,433.88200072949996,469.484830595751,519.67834060394,610.507910182749,659.8334024257409,719.456947523586,789.93498713922,758.163032433543,772.0080024136031,767.7859123503848,800.1833923450148,844.098874607589,777.685694995233,815.668043240028,791.6999656796429,675.559880254625,691.8322713785568,728.6621124295889,664.07936418304,785.1661007162379,811.2991099902721,773.616322636608,748.610846063198,732.8368285325902,786.7130868897169,848.537066002204,870.394287103723,840.984268708322,784.716907715801,706.547609013242,653.322078988394,711.822510732872,721.7657353918988,765.546763718988,836.192152451796,814.182096615449,622.2094964522599,678.633312832736,663.4711220736519,725.037261307142,741.442736482511,658.365772986103,657.235933908976,656.375017075065,601.4116679307,679.990602801058,659.697114659281,733.1968398302921,674.7988749154662,696.089580837935,627.749885676108,620.4841831358619,594.099942693517,701.6385130304242,704.919906930586,680.665168253586,648.128841340864,671.099708741751,575.470359520127,506.1284164955191,641.1182557339711,691.769280924924,660.920994908851,684.104201237144,700.064605678304,606.70340708209,657.4973992599549,655.864680861616,724.5740245183348,790.8628307782111,762.113015294043,670.830259986359,686.6074177516281,750.9960138172099,812.147916778828,835.140273586129,944.022062679199,867.0964411343941,899.182517419772,857.4440073635692,955.5165773814972,1028.12292543969,1111.62809202982,1187.9173096688198,1251.43009478086,1089.49975992289,1280.8227018796601,1315.21612262751,1507.4537335361401,1824.107973291,1710.2576574662198,1965.1812,2105.0662,2286.5608,2556.6402,2777.3556,3115.4962,3459.8916
Hawaii,2.59542795859931,2.76527113665203,2.6273973038883,3.7990336282964,6.58676295178478,8.18269167241278,9.525448532335133,11.6246418712077,11.0788331770396,16.9409996552494,16.6826837556106,19.375708103449,21.746789234324602,28.4417986781211,21.972891448383304,24.793168069748894,28.172329693951202,24.2050968980758,29.398775395581303,25.112920925079603,30.0831764825156,26.4288274200915,17.065810339498903,22.514562196719798,13.493621081463301,22.9316829774381,19.849409588683105,13.536569848428199,18.1243742397755,11.4530511726036,9.07202103049175,10.723307909568,9.97311062441842,8.672154419044599,10.0196364603822,7.80869304649711,5.75960545555719,4.50939727729358,4.79432849354185,4.36486596152133,4.76233416081303,4.00740703148902,3.1989976034764505,2.62660100867063,2.17242518434112,2.51138415607873,2.1731051516809,2.38105721516394,1.62738692660866,2.27978548486181,1.64125835033997,2.17954000405131,1.73180685896709,1.9086094718907,1.89340824195972,1.5758876687986,1.11367865313986,1.4935229354179098,1.52551612257608,1.1128908317905302,1.55481144171024,1.78161796324261,1.5110735644196298,1.04073981273736,1.17139598724087,1.4708836090685902,1.10240495461436,1.70804755759031,1.25286385726517,1.79830827439187,0.8568938818513709,0.972479783798046,1.31671781444746,1.3801869095192798,1.89262096929616,2.5523249005227204,2.33821934764606,1.87933499910227,2.9300034194966,2.81450949005073,3.757725172683549,3.8409862221223903,4.80187589060678,5.91405728805705,3.45771729545097,4.3670490578465095,5.774687476558159,6.026332379069362,6.19063364460056,7.555333501089491,9.845881356349189,4.70684942865471,7.89112051447575,4.8912355378539,9.41526045402559,11.2538318619391,13.5919820521202,12.2031401133183,13.0251252082771,9.772199133020301,12.604908657973098,12.8999485219206,15.6873408250502,18.3321175722355,15.6426,18.6664,18.841,20.8214,22.2194,24.6858,26.0786
Idaho,2.3493684937546,0.0100594912723831,5.776266056941402,2.7528172884230697,8.67572783500723,10.454900671912,9.176773723205,3.64476415453626,25.307266667167106,15.380582913604801,18.168790230760397,61.3497909715551,67.6724377575751,36.494015551340794,47.2113363501887,49.057727551006096,138.30484299479798,62.180692953802996,232.971965977076,80.9848868982005,122.11961134749201,75.64534187075279,33.3845709302662,112.102363568946,71.79530942949009,59.63219530917461,100.33188272211599,43.99631209062061,25.14494266064811,20.842505177228894,54.20121263910911,22.833505359379306,95.8468296862852,44.759196353057796,35.5087927506765,21.567555054355307,4.49651350186681,63.5620087051562,32.4399506346947,71.97925787951101,39.8383684436093,15.578804184151,16.354561312964,2.9623311805543,50.7729270683671,7.01966988774867,39.712003893953295,43.022692894664296,46.9381105675809,2.49098320989922,33.0160585487497,13.874113358083699,29.822933208146,30.1123989338343,6.258374354401409,20.3176870362113,11.826180913152301,16.482167268255697,24.3934870155458,5.2518127846131,61.047923827968205,3.53116467971231,61.0130320146,1.18503066477669,32.6738161029058,1.8805696089407,90.6169027277887,2.62919170627158,85.90669416581561,1.7246162560283702,41.045444139994295,1.6886155128685802,2.50595158798313,87.9137755229878,53.9655710258391,6.379866238531831,36.335635210451706,29.9765344113348,3.1162723202197897,77.93768383551429,8.57511769314553,50.46574620104,84.0026250997898,21.6450120119017,2.51813998617632,40.7278903046289,26.6375381745055,43.295725116497,18.9622329287656,114.82283586758801,7.05551171518113,51.3958023683579,9.40392316524055,67.3919858017084,125.737315954316,95.17188343737352,100.55294149681801,109.15883443198099,5.84407602652596,191.30472207691002,14.840713617079802,141.154123741988,395.206293498464,16.1763198711685,349.0384,134.6862,235.8006,214.1486,282.2982,253.856,307.7206
Illinois,3.40804198637066,47.772200711987495,69.7364126685703,81.71621171375742,144.242005446584,166.019623714741,189.452951202153,222.17185994186696,285.556102945303,313.217584479536,402.371128624909,492.1279388417049,568.7721527145391,620.140671514932,692.463391518258,731.582870609369,859.6508461600798,872.34721839851,1014.20480132937,1080.9570902539,1137.92708557619,1108.67522078496,1151.78072124953,1218.76665671563,1323.8024375323,1312.10526432703,1387.7908338695902,1362.28411661144,1285.65047895532,1224.07767582271,1350.73934769275,1352.49187185883,1462.1782059355496,1743.0887022047198,1674.1273764079501,1653.1772059332502,1579.00020753567,1712.91885912785,2058.0679902974302,2377.5520895204604,2384.15517552698,2294.20903978544,2219.16713178941,1955.5192418442605,2179.87352612676,2282.63715206669,2802.72333024503,3036.19029094737,2873.38682691856,2347.28700236529,2376.36006302709,2259.93598575152,2571.65888857662,2737.88829214302,2443.51747984833,2358.14562751114,2155.73320234048,1991.2746125220199,2224.1708431224897,2161.81079999887,2462.66425869423,2305.37476106409,2428.41044749012,1992.3324656792306,2184.24084365512,1845.35619141704,2257.08195429564,2159.7417223939,2386.58562912542,1883.34469973593,2059.19667117315,1585.3332318480802,1489.74424196379,1629.3131480475595,1751.38781041275,1641.5112943750698,1531.87266889996,1368.23008954996,1122.49685842807,1216.54854062764,1078.09660433739,1145.90941615157,1132.64539223064,1025.63598559868,800.287167064508,729.2129220132912,711.343879696687,797.4510781144791,773.718625753481,811.121156582262,723.943373274447,656.890382676103,573.0630839454969,639.744809685022,647.141002021492,671.67749151798,699.452511202021,699.26319458097,594.071276009469,614.064866963352,622.417863994957,692.388190357256,824.1411074281799,746.408688130291,825.1336,823.4482,886.6784,923.6416,967.3892,1013.0482,1094.5556
Indiana,2.89817822506207,8.40269829306872,10.218424242365499,16.715506637549602,29.044040116031297,36.2665758861474,48.559778063569,61.9340804698343,72.95450096454259,99.0677555739438,124.414500415129,155.400062274709,205.002859364281,233.209687046694,250.617766250283,279.096703116358,340.46131722525,349.9006773088591,429.233886463271,455.635535417125,491.917106430981,497.736604165061,479.630751179541,529.188150190288,524.922038309333,570.798498582191,591.188273404294,563.470518136714,539.936220519257,499.243835654406,486.064114583986,528.171463059452,574.916926548633,635.5815105915821,628.902198123022,591.83246773899,549.71357917056,520.144309118444,610.540056767736,653.959734346491,703.151534618887,659.73066722991,613.593051917275,541.361182526551,549.860463657752,579.772300421957,648.202135127683,735.498276699737,687.2577386800481,616.126273830602,549.808554065503,584.6934809767109,639.4423979853531,676.084396206655,647.582719697765,582.611977170345,481.61830124388604,496.87306825131293,521.252606708662,508.931771041856,565.703094641381,577.666388570206,590.7121723325521,474.778654689423,478.498032574395,470.868263613071,543.670840851671,576.797674723448,548.791676637855,539.473126395348,465.289504604385,380.87327770100995,376.44853600625396,410.173837934853,500.117264821574,530.714354931973,492.049666664382,432.839429675157,407.217804877743,392.612046513057,418.52765296869904,443.4867704014901,473.61494346980993,465.35910089081597,356.913677408342,311.787130854766,343.410070844796,388.099178135091,380.53408984402,410.616772558304,398.200361765157,313.33650748507597,320.20292584435697,294.489105090611,343.027655228451,402.873844504535,422.741071538667,411.80946842726195,366.306113441404,344.893292678332,370.260200041393,396.811008230093,478.978867347199,513.5676389265809,491.4722,520.5164,561.0424,578.9706,617.8616,663.2610000000002,714.1478
Iowa,1.17665985718637,5.8022737055796805,3.99084553835432,7.929577700258402,10.593253756859,11.9417953333573,15.527040795683696,16.5820922104464,19.7035111872889,25.026214145647998,29.158529356289602,36.1311611605195,44.6470500754145,50.314105262714,51.5575065536944,58.101362757169596,68.5437547275125,71.79621176380209,83.7909395189523,90.3679815971237,95.8691616511059,99.2045519753665,100.511039389806,111.72001250947201,114.74855152168,129.664407064867,144.510589492236,137.04228989633802,139.18590266806402,135.08115497318198,149.40208109911,168.20193964157,189.02547784837898,228.48198267964,231.671443477971,251.09520177013002,227.64976661960495,258.509320584565,308.833238825569,342.570812185927,373.84664287235705,372.283430070182,350.776315683636,310.55023362992296,351.9047922075261,403.622505819937,419.260247618282,486.158924055967,464.44463926125394,414.675880077567,395.4916479705549,447.96136550537904,458.979918078299,511.3365800199881,473.005462644933,424.356017667182,385.80572493962404,409.099544480681,457.4456381515471,412.337255967103,460.13417037170996,460.221518163771,474.2290677437581,383.75402155759696,389.36923653319,406.891536041241,455.826712443029,483.4376416534069,475.4267427539151,448.500693489059,379.517750696382,317.030303518386,301.849145574923,365.54244326937896,434.52866050276003,425.545109289115,366.950428935724,340.76448594371004,293.047434014556,314.32276510738603,329.304449580956,326.286573486345,354.25534124305,346.78522175286696,236.35897778197003,235.375943880052,271.561214709998,304.310632587798,290.268539746411,311.836178253526,309.31639311575003,244.36636937868198,250.860381611843,244.89665417470601,313.307256213325,350.360800541009,352.299012019786,343.691457805609,312.006131136901,288.60117894662005,336.79658767448797,339.21317337016603,441.609765919071,409.449096971418,398.4828,430.8358,438.8814,456.3334,481.9604,499.8696,535.23
Kansas,0.42151088434380896,4.5868874975539295,5.5365323463729,5.9472184564959,12.8593983400423,12.705057990938,13.555084499374301,15.2546478607118,20.315673291720298,21.9244567853797,28.411184572849002,33.667469208140396,40.835840749387,44.04956582408849,47.61588232176521,50.2905506633815,63.091737959223614,59.82100182177871,75.9609434912702,66.04464615750999,81.6243292578917,71.6729186887302,70.79408551792291,82.3318973161814,77.1173049476767,98.4287985944611,99.0138922069359,85.9327293131423,97.1623940177513,82.7566895539175,95.78908016852509,106.028845478678,125.97956475778099,135.763710430468,145.950006270718,133.548333828482,141.402561965858,158.45391638862,187.192674160565,226.840297906924,216.27321938601398,191.394831304917,182.27318504731,155.570895926367,192.184483558478,182.326144089411,250.249797455621,227.32100845331505,200.137604151403,186.37266802821603,195.591010177687,204.208118484933,223.22602078258203,218.45972754822603,194.38873808715698,190.28193915708096,149.810692030571,192.10823931722598,170.849373230438,168.672747020019,202.201125190861,181.676691366673,191.95619212319198,112.84626995551201,184.437799476076,129.508433903212,187.682308392273,154.881772822228,192.573087197503,115.583915967361,132.441987221841,82.757709973739,121.362286512711,134.585299218883,136.257061479529,140.824584598132,127.721389818122,88.8822126769138,111.48294488170099,113.075443816378,108.146564131967,130.935764852257,128.530034610846,104.31454687789301,78.0088242957428,107.643602456595,103.461478210404,118.59757495646002,119.251892909676,131.35958809249598,108.156065922857,107.28234000938801,115.687544833793,131.051973676958,175.126602724677,174.255654272799,190.079973512867,162.25278244928498,146.234149443146,171.398542279245,161.534725780468,222.45959187513802,220.518489474039,212.5321510782,244.3672,209.7944,258.3214,248.1524,272.4294,283.6054,301.8376
Kentucky,3.0222072113166805,2.0459967545960103,6.899555609430809,4.7208629784409,21.7955097780082,16.577378361313,20.8783174024394,28.3986679422228,23.601393563218302,47.729102754837506,40.5304495459067,52.8391980565578,59.03900439039129,97.33542807186541,57.2563978682986,49.1870244489194,150.934539831916,14.224066209089198,143.980895831194,9.577282164873221,149.657444311292,52.3390810425032,8.08185036587841,182.642200810261,5.98817962006538,248.21580011108003,268.691067619708,9.94518976278,306.642315482907,56.6405646522933,41.221169163460296,157.068813984379,227.98943745386902,101.15900472889,268.643454449606,245.154884009147,116.117236707268,150.762180642829,183.077689837822,143.360332455245,346.93736669805605,151.08612779347402,182.498393646693,81.09664597933521,209.658758381816,180.816728648339,232.91329854467202,219.707911156652,13.5114961427717,251.96237855686402,122.770573038737,574.039767910082,127.980366299365,236.91317072556703,181.01690867808202,154.568915413104,5.3760666126832,217.601415801111,149.978708235793,11.1354830414993,336.722506829425,237.26083734366298,232.700010438006,3.60590477538907,244.511420724107,134.850075692577,127.194275553558,145.063956190459,176.93284077327095,182.689988492747,7.539165943190651,5.10937561143832,351.202203419596,136.967653059567,123.65919338461799,352.607060556511,211.08815018102,7.9957254990542985,264.882251110532,194.088240235904,230.506802693958,300.741970177581,270.512636670577,263.87517951894796,7.85757526743096,170.576874643402,240.99235645793098,215.588104554506,87.401398276156,264.360170342098,283.854274961707,7.54708894543588,207.155982110743,12.412355898252802,386.361222042004,264.374157284691,283.961783527156,180.058220398298,116.463233238757,122.29013002109501,245.164558724267,253.097574025966,319.97989488576303,281.950533986747,607.2714,444.4454,534.9654,520.0454,567.7596,683.1292,640.3148
Louisiana,9.107081323886911,36.15577436518,66.3515515419501,70.0710345477977,124.847344341906,158.32473465335,182.238177811661,232.00236878693696,297.52641894237,341.583106661302,425.9765352885871,536.451605319747,610.075146143072,681.689541418105,704.472791998017,780.121560481963,875.062348817946,909.922347488031,1093.6981761953,1064.73909790642,1091.90757040114,1000.9239044346699,998.0070966997772,965.8187562173981,931.090442580438,942.972987496735,886.3305779945979,820.9410240981239,717.848003443421,642.20126040509,617.670567145313,587.4841863930391,611.447414657922,666.332997945196,592.285195577281,526.7307953347911,483.447488087898,480.86595957832196,507.153563282331,543.2776562907401,492.426603379161,467.5280630703631,423.49761295689797,367.353683214068,366.551943993495,388.443329421193,418.2856358459581,471.463204770035,433.790978100955,361.28252018706803,362.998629072268,341.163900534778,375.721118538996,382.8815831064009,351.35189269527604,356.626657675752,325.66336427602,310.192647349058,322.57993030262,341.294074813564,375.4672312433929,348.927488200304,356.738268231425,323.11727266156896,316.92521753611,313.54148484038103,344.26144286172007,394.611120786726,373.649159068777,323.847884467578,355.502129768089,325.119677296838,299.039893972605,349.585274837832,396.094959145838,405.195136535921,450.377339942895,438.579298110153,400.9293237978449,435.476473437225,432.80886625531195,483.12981814244006,535.8130274921799,513.115653650029,471.338250215068,446.55953160787993,463.6433235428289,506.781827110454,557.949431124236,592.2939962266661,596.8626427390401,536.9171694338348,517.606625520766,556.515758139255,603.069645379526,619.3876065916639,700.198771106985,753.49103263474,686.781877764544,698.590678445179,761.063141480524,888.161141920469,1017.76835340069,1075.01626511271,1172.2754,1250.9738,1387.1112,1565.6586,1697.8554,1883.5886,2110.9368
Maine,0.8104968460559209,14.679663596545101,8.00763564566096,9.6641256481316,15.204914533819199,14.2938861390725,15.860499511603901,15.9768877981494,18.451323192634,18.0876852929471,20.644637615313695,21.3877415335087,24.5240547296188,24.7334787367706,25.874150705679398,23.807715346359807,26.7391110187072,25.4473489412822,30.807995027494602,29.2394017837268,30.5248764725281,29.6614719446871,28.237570508450304,27.993530922655395,29.062453233928494,29.554232684555107,30.499383133787198,30.187719866241498,27.3299222371007,26.455540654658197,25.4047390313344,26.6949480953535,26.2206972213758,30.230881299249397,28.3171760118645,27.5572921707398,24.487288988962398,21.7697979906145,27.6849685415453,30.676913661178602,32.0031711993324,30.8127252094271,31.587124487346802,24.933541013262,28.2477562632995,28.891920930514196,34.1784234580117,37.2679335607409,38.454551244249295,32.977103264389704,31.503228920026693,31.261372331919894,34.8940088725392,39.0217326284183,37.2816252754579,35.141862336740196,30.9702647678724,31.100614610401696,32.6251860313645,33.0400804332071,36.117810072032,36.26224886609821,40.9724392374766,32.743879679601804,34.6504999262895,31.6691665857485,42.231528461903295,37.49760574884429,46.4525412582949,37.614411586649,44.2616302500949,33.9974604064762,33.4771904351605,34.4020440506391,46.7047010810379,44.798017089218,44.5201572405844,40.8817747689643,36.3546293903273,37.63370351228279,37.4726814730245,40.15379545481721,41.6355038401354,42.7908715969386,34.2762455106503,29.013910666006602,29.029157367418104,34.2880084225659,31.174894577091603,35.60655339894979,32.0851078718952,28.402174366883997,24.3036426025556,24.259768723667,27.0082916960667,29.015067927154497,30.1417978797322,30.3887453837633,26.279174743308506,23.992579061547197,25.4096265406669,26.185669057875,31.329611340373503,28.8569468256292,30.6372,28.503,31.9374,30.5802,33.0084,32.6364,34.1086
Maryland,0.300170619515651,16.9102069476554,12.489585865590199,17.981254571761394,33.085612239217504,40.323578614189294,49.1099594022326,60.714669696250404,75.913606055112,90.7451413341539,119.074879325169,149.09509954079599,186.983775410606,212.052688052519,228.941817162494,257.896309988596,289.834748738668,341.562170707283,374.872476276231,436.1544253318729,440.28678373784203,468.464069751036,506.462941085243,473.792067403627,612.4676641584322,569.528147143015,614.007399092635,634.594265539933,580.812072598128,567.771165348389,586.6353104746061,639.843270925406,641.879754404064,797.204181273391,771.9408422228702,699.368187413985,737.0662063946719,659.747838195412,838.859165499426,943.945750841619,960.3345755053439,951.246954165191,896.960801942417,825.681979553197,799.7354617311438,965.864791419437,1067.84571923311,1255.09837214419,1230.6438088222599,1035.28814901148,960.240590079486,966.961828782652,1100.13749879262,1184.88410725512,1146.60024274609,1022.4056969723199,995.068505239581,877.714636861642,912.077458696187,1094.6079308842402,972.646222963622,1114.8272913358999,1010.65197025891,1048.83785617444,857.802221435121,1019.5543222621401,988.616454293229,1163.3516877173,1061.1561239589,1012.33162730125,993.633135836161,875.18537956688,772.875672381485,792.837356858964,982.32932999401,996.336135654461,874.5992144319998,835.967642841727,695.8449870708771,681.7369883146072,718.5007970755188,718.378528722688,715.7923793696831,679.590972491284,606.058771903478,451.660962536528,476.20625546095,520.6312381334179,561.371644090694,515.3082315199009,523.252800617468,417.249515671624,377.860032172037,392.62303006914004,404.25733996667196,429.340451598559,448.688471508022,420.720812168094,418.760761738283,350.5813726585289,409.605974411414,411.052324914445,462.431268471717,505.43656061388606,485.797,508.2412,541.6178,556.9356,578.8272,598.9112,653.3128
Massachusetts,0.4728118998718021,41.4307417936102,27.127771990524696,42.2703959882747,98.32749028440071,109.678805861378,140.014116742972,174.80731261121701,227.913280692142,292.49170346681,398.229230453582,481.278620604083,649.689878711833,745.337256407902,814.60985434167,863.2685610425708,1060.29019889531,1137.7951815410902,1366.65612480852,1481.4733289754902,1627.14674461419,1560.86945821733,1545.6463988689002,1612.01572620926,1719.65873939023,1959.75924779621,1959.18657925719,1859.95860991543,1863.4891164398496,1589.33393803999,1632.96136414765,1801.1659322449102,1841.7231977529,2256.01513630126,2188.3511323028697,1933.30768391908,1711.5557463682599,1633.1042125051804,2066.76563652532,2337.3232308915,2422.20425821103,2297.37338780742,1982.47972517927,1586.64005934191,1693.93109566961,1870.1313524620002,2131.93980074755,2318.3969778355104,2200.3090880334603,1820.6848186200202,1554.92833031975,1601.3805339507,1848.20162229296,1924.8388693056304,1742.01521551899,1562.0418119459198,1263.0021728733198,1243.38505469927,1259.1240869018,1285.8900648589502,1363.87436529331,1420.86790336045,1392.69649963058,1066.70321224284,1081.64909173866,989.354429842189,1168.81014554251,1159.2910590119,1186.61005238955,922.6882695890172,950.367644351409,656.266900603425,625.1952360848841,638.75080621884,841.9733067810699,832.21500706683,726.77108224938,603.678805928911,507.56822513725194,487.9081493776381,503.13475777929,510.23584118592987,525.770735600147,501.539500231438,331.6109443519,272.447365152431,282.420355170238,323.01825795171004,318.972729112525,331.142782949898,297.67442235539,223.506866506185,206.825077644655,202.397154665098,236.14252925684502,259.963312620578,269.424009184118,253.628005133503,216.169520744532,187.95577973278702,212.82841817022597,220.27403481729698,261.171585041431,267.600722002893,254.5112,244.41,279.5166,274.9424,295.0268,301.8392,322.0264
Michigan,10.1738124224939,30.2487889987656,47.6402123616815,86.01158173516458,159.067072742311,187.406482616513,226.757447800841,274.619827865794,353.566283583318,432.116339003067,529.320589512992,721.132957450409,858.824813694755,918.785041116003,939.582117422994,1054.43342720923,1294.53912741662,1283.0201324638,1618.66985000569,1512.43869909226,1621.97690527857,1469.2889688161401,1302.44593062735,1509.00153879186,1394.56634489843,1526.6979002140802,1511.9676826984805,1310.60652810954,1142.04746936116,1007.37994724852,1091.38723440693,1061.99794938583,1288.80045541554,1302.2748688623599,1152.65820815256,1032.60322184291,801.902072290206,1017.3060545038197,1164.41284168678,1292.68414988611,1230.49840149207,1074.65783979441,908.065233531142,701.97205647148,915.8813657717868,878.4333748866492,1083.68968016654,1175.94895411533,1018.78182562663,720.627721729595,748.270122094202,797.123722259921,887.828069000074,874.110676282753,720.9344219864108,675.1201853221589,572.287634472908,589.6657822939479,657.693947112771,554.311971388193,748.400236439359,615.019974652229,697.127019995061,450.737807344056,546.160919380224,444.355669296559,658.291959123972,548.225194734919,591.7337915926349,450.062334681037,444.533426853639,297.1144973182,300.55109701394,454.461522517497,519.208273804812,456.390090900389,443.91261160777196,373.65512865308403,289.915834835192,355.169479914646,320.142170851094,372.6302060154689,421.523459552849,325.901173054124,194.525881488252,223.79635692645198,238.054633450287,266.094111495106,245.81825097489602,292.346559540769,219.04925116244598,191.74065089028,175.158946502356,199.06756653554,250.938681487945,285.201260184639,291.851076642403,281.696533198917,186.177493837293,238.938746123844,219.802082892056,282.984649125737,351.0445221584581,288.665094211918,331.0152,325.7296,368.8664,376.7938,392.7626,428.5584,448.666
Minnesota,0.6522485169960339,32.6832163665089,12.375866638457,17.6833312966907,24.980163719925,26.1798594120767,28.103072511626,29.3260753245785,32.8198307685986,32.9262566450456,38.300362741994796,40.7341618182489,47.838869013614996,49.6959765299706,52.7212391340566,51.744725597230214,57.8094893909468,58.0722024757644,65.88821737724,66.3674040425662,70.84646842407929,74.1395661876504,72.3064725056741,74.8369520300069,82.4446568461661,88.0806005454043,94.3999135052734,92.5965920715689,98.8167402726375,87.20166466751249,100.526430641847,118.292724335978,113.65183597520901,162.237351034899,161.022347777843,168.026670665406,174.868672038287,163.624978421506,230.182286367841,270.23000965271,310.22547850592497,309.751836492152,331.98249562502,307.372054609391,326.7750084769,404.70120004672896,461.415396381155,520.725567622189,517.72858423921,486.810091351184,451.67254769137,474.321507779391,547.791695506746,615.643317653413,605.4176607861621,565.1366636861151,493.51210968263496,515.7577151023639,546.922237259876,600.387288089423,589.552641114685,694.451580183957,666.027443480711,586.082584907782,595.8532348234011,618.9959528054341,672.371669678294,758.772702383672,750.0626762251469,702.118871066304,705.0207740333591,616.387733917537,598.394888741282,554.000496534187,726.004009161158,755.888945956456,631.464182112123,552.855232734109,514.554699983665,469.90866118245987,517.6392939691481,479.255120594031,497.646849534342,519.339913128782,412.87061142470395,330.73792953691503,350.98196482480904,394.97420749559194,404.97328676015997,396.85791872967695,413.545358938722,326.024355127344,321.384847848155,306.380128294483,343.98211660112196,377.94655962307803,380.739310200024,385.601888521457,380.30302916217005,315.188844723992,384.65426275783204,371.52133936562797,428.414634250988,485.468894268655,441.7236,462.4726,495.377,493.7388,529.4006,533.8,577.7238
Mississippi,1.1348408486248998,7.62372986958304,13.6887906033442,16.09882100775,28.225683063090703,31.0114669118323,36.4912887085493,40.417907607451895,51.550924605050405,58.9152332764161,66.61736548943361,87.7223611131871,96.84412285307958,103.80972594153299,112.06547051525801,115.537681041091,141.65367999680402,123.21572134321899,166.71061077363,139.54812158276698,169.9901714775,161.417354144676,133.135171598912,189.766283559174,148.334940678245,199.35358785620602,204.94104289803101,157.99281638886998,179.339686306987,155.04658649296601,171.657015555385,179.66819670477298,215.082519830468,208.25553778485198,222.701540135691,213.916907233198,192.42920904273103,236.967325551404,244.093883414482,271.932157708975,275.363171651505,255.133850728798,242.16493436036097,191.913291203209,259.145042473564,237.738628744105,296.551795763945,312.18480595988996,252.237329308464,236.331756859342,264.668163653129,276.958738585241,279.821313106376,302.293304920218,268.101539742128,273.979408190603,201.372803797352,260.501584000612,276.03701722511903,216.990751122636,336.08728989836203,273.828326360183,335.77818343248504,183.61918315870602,297.006557686173,242.171384704554,332.0055656557691,276.940125807053,349.315364584483,269.443308195276,262.437238649795,192.607885376269,263.108486675886,311.9593497389081,344.63971843668503,316.356474135698,346.657171734915,261.568634883904,265.910803507489,331.934074827713,286.162385865759,334.669877288303,354.305650850683,327.737634073737,211.179893535504,312.049425252544,318.831284356391,342.825496409407,302.47540872407296,404.72890245083,331.562844008917,291.950735491567,306.686315324569,307.67181917941,422.15977054722396,402.356046969729,438.063584870165,430.897697663415,332.440358315647,473.942233586618,422.2929622672409,516.503993777294,630.939474595205,526.203817760019,628.4442,607.3472,695.3714,711.9328,796.66,842.0592,909.3044
Missouri,0.897038701923092,5.780524285652518,9.74672488623067,11.7431337046951,24.0712640044198,30.137585579807702,35.8706343747813,43.80177448593179,58.730825448004104,68.3097870234764,87.5485685248979,112.26637972370001,134.262462279422,149.978522623875,159.765707509921,175.038277267658,210.445822761435,203.915632193566,257.761722024879,236.98597459442504,279.453850562683,246.952365033684,240.973433716643,261.243467043591,238.84429413613097,279.069152754086,289.460399753979,233.234447477781,241.129051524151,207.94912816841,206.564635832711,214.03685278024898,231.969993801315,246.037449300306,237.433259374126,215.287450980243,194.788673493159,201.81360368697705,220.481851354421,245.773160769121,244.99846037534198,214.79069231882198,199.73793208006,163.560412073593,180.375369717104,181.55015311744,219.18454735760704,230.1610742682,206.76430265062,185.242427057892,183.38605913556702,187.270484099405,197.124474573211,205.659952777032,188.950596389477,182.810308146507,148.598819772469,165.47125848049498,165.465931027835,160.002448544229,189.425855419109,188.130505426305,189.945444522735,139.511883614036,165.39197138755,146.860489188271,181.406399960266,173.24328129251703,202.632132129156,158.243029708357,167.67505187336099,121.198355439948,144.698089764762,169.456515164659,196.89593421854,201.612429641517,216.10591683596803,174.148463219672,184.34520144453097,200.68960051498902,197.873338438275,233.80880968195095,252.05092790843497,237.64994256268199,176.79971205536,197.053250561416,206.72402917042,224.938501101901,231.68050307506599,260.593042073258,255.79066182548095,203.686943330952,219.163713912197,220.41147827090802,272.74522169116904,301.330203894793,328.923092234567,323.070396111337,290.037261387378,279.583513818677,313.19951401921503,350.3213229077079,422.9498936850569,418.714988972795,455.8468,459.9908,522.7664,540.393,595.8872,645.86,706.0814
Montana,1.7560983096855802,0.660111588695504,2.7971217140631097,2.53440978953075,5.14238860217512,6.480283575583991,7.47162083585878,7.175361379427531,10.1390330363723,11.8099973498966,12.313420668144401,17.1578603077202,18.8458701387901,18.4324174925352,18.364936324785106,17.598568444487604,23.5160207917932,17.4176482426192,27.0506023041886,17.6477452785296,23.846495980521997,19.2686300232846,12.159565182481,17.807536153485803,11.3242437204058,14.756859755597599,14.9465078534803,9.44523142365251,9.770296626498027,7.21526442186553,6.61868266744509,5.83060398090783,7.569309647831808,5.81421346929145,5.5534975799344,4.48678577785198,2.56861161447866,3.39551962873508,2.85025188972663,3.26843679545448,2.96604462848975,2.26046672295008,2.06848483654129,1.2324162484191998,1.85804762076356,1.36888441232173,1.7558418109580902,1.8545133200286696,1.63045642967367,1.2263401559691798,1.52301841554129,1.52103219446062,1.54086240453386,1.63218744849904,1.3420022035069,1.41947027628724,1.01036322852557,1.34661622964646,1.4997337500818,0.931628300154397,1.73187484028337,1.26716069213975,1.93566240925178,0.749080595184926,1.52879964794626,1.01309040297219,1.8871650050143105,1.2038097001384098,2.1904011170812603,1.3161454563210602,1.54972922283588,0.9652543194963,1.3039893968578,2.5682654441956805,3.1785651190039106,2.92865511403531,4.180861807287299,3.57863757587826,3.1402435079641897,5.52834231222072,4.48639429748088,7.149113625059099,8.93799980527634,8.28522309040647,4.32858224696643,7.89736534710304,8.55293705931958,10.2392499048126,8.82821093683852,14.0688439385255,10.539498368871401,9.78753615012599,9.06871359004078,9.79916921776502,16.0250475142645,17.8451996822902,21.2742041985516,21.860606676482398,12.9425339173852,20.2517302881126,15.0450138096644,22.333582175702706,32.4770894010518,20.5154295070281,30.466,28.1872,34.44,35.3616,40.1258,43.7756,47.3526
Nebraska,0.1759227016766,2.14222267585366,2.26362763143303,2.424382825627,4.598767602842741,5.141407988203491,5.538567916538639,6.46876181696678,7.87572328910738,8.963161380799699,11.2014814963523,13.375552119244402,16.6597130081706,18.7063531533739,19.8048938030518,22.6364833634971,26.7710043861451,26.5903646422266,34.4636140920028,31.343915756456,41.699970365637895,41.0726637238227,38.6899010267638,48.572643447753,49.067615790628004,61.6383128295926,73.71937321505558,59.80406674559861,77.0668171442253,66.7088441173275,80.0321934110167,91.54975550983679,108.517854407989,123.763637627624,141.251567924586,135.64905945421899,141.73667515147199,153.801945625742,196.90431052160702,242.17754986211798,252.58682623646095,245.12838856195202,244.929854832307,211.32464575760102,257.48420847488603,279.250820756689,348.80519390047095,381.04526942371695,319.811533281111,323.38677774828,320.869431013029,356.983804537078,387.828735757125,410.60157791084,375.495341659233,362.563262524017,263.010056670603,337.835921492161,330.274617973861,308.901347329864,383.89053502108595,371.892459413201,406.54407556083,237.797088103007,360.15610595706704,311.37943960308496,375.533311626075,358.134597095843,416.7918127307289,311.225980858528,292.317102084568,208.899280375371,283.508054114709,291.065602987679,323.43752247618596,320.97612171052504,294.352937888839,198.83090242934398,220.92941784447004,229.776561391816,218.55057319778095,234.46395684513698,231.86605016127498,201.078927019089,131.71742285495702,155.579680504723,159.844929710327,171.214368025095,165.703025819268,177.499428213079,156.209866565294,122.474425767554,131.432476623854,128.924941919435,166.703596149213,172.01653898670898,175.56107386584,152.922507421649,137.807749546185,135.54073215799602,144.565798571534,158.617012307388,174.65708976416698,169.496048016791,170.8494,159.053,172.6764,167.0126,175.9546,174.3908,186.9406
Nevada,0.15184414074528602,17.5068981710204,12.9638986192135,10.8801260309435,31.304974735678,32.8151982238102,33.0959778686928,37.5893304107741,55.0182127387331,49.424555613188495,72.31762423911199,80.228119864157,103.315240167693,101.560435415168,123.47582229979099,111.910538592615,134.341414076668,143.072205619746,167.712526083736,152.97074643069598,177.60662797800202,151.023958696204,151.40839328904102,148.262781531123,158.540802028279,148.166299023634,164.911147049067,141.967995794812,133.723858941877,114.290483256198,120.87135722283001,114.332597326457,115.695890717402,150.776460552211,135.946775159618,116.77102023396499,108.30833598316,115.994973808982,123.663880101472,153.360778895014,135.834056675702,126.05284958691901,130.06330994753,81.1820782636663,114.187525370314,96.8004211620587,127.531651647335,136.257124758626,148.490515424615,99.7400317767202,114.568302385478,95.08810879927208,122.999060987913,124.56979139941099,108.188673411929,124.449807516607,101.966130228669,100.29438072154899,106.51998962618099,115.300581810048,120.632059026509,107.24194987059799,135.35385185153498,91.9331715823782,122.049642999053,75.75873308144742,146.70278379156701,95.2195453694638,160.530335562435,79.6694755930999,177.269681569579,85.8211443872076,91.8363012793341,107.593226090408,141.836975576587,131.337911202299,154.953712369745,145.653830917129,119.73332534388099,157.174285807477,130.190887090984,177.275093402359,188.51043563119202,185.241487991174,164.90529193237,161.14249572468398,158.71499227367,202.197121458455,202.786389578349,241.709594616012,217.693763646605,248.955667698199,180.778135676447,270.254687435578,259.65658532398203,283.68116906566297,346.395222455817,350.532889145396,284.691304654365,331.526142530062,309.132525738839,390.50345071163696,478.50934440886397,414.66494554677695,561.5768,475.2062,616.0982,610.7244,678.0022,737.177,827.45
New Hampshire,0.5073518656814611,8.55584320021853,6.10053797071297,7.496549683478451,11.976490257854099,12.5895668079166,14.4105170712232,14.8433259921344,18.409880424193197,19.0131649158976,22.8543759446742,26.3699776821409,31.4583009855895,33.5698236337561,35.0019748437461,36.874628852229,41.0117321984758,39.360351181881,52.690994322455104,47.14452541961951,52.99813568140061,52.393503092300215,52.259333447693,49.8582469476871,55.0152015339774,60.5190112318847,58.9461433106567,59.6738698562885,56.4894857881065,52.596200576028096,54.8474988143845,66.4291999010556,59.9182285883904,78.422541831798,70.2121122443914,65.4024402582973,59.1280017493155,60.2176594663334,76.1063348708496,85.51362445929291,87.43922586981091,84.678491146916,79.2234476538122,66.5176905999683,77.3475347277371,79.72254438874751,96.19514063494628,106.474175691337,103.585085658718,83.25068938077291,82.5234443713465,84.9659934609749,95.05232287971658,100.19051674226101,93.61103651870899,86.5817285659766,74.8966651542314,78.0861666957168,78.176718388152,76.70452675214091,84.0098623073053,84.09505741567921,89.1601223637375,66.06240590910289,74.5532947076288,68.0011357694817,88.37532067796059,77.1707260346078,94.5750577558649,68.3704959488219,77.61882005450009,56.1858452804387,57.515953455841704,64.5730175985528,82.96553377561621,74.4655988491814,66.9059175146062,67.5182739436294,50.7757046391004,56.1319536211348,56.4606327655843,59.33502850485829,62.01251554125871,56.851156065914296,37.2278468313773,36.839375950755795,36.6176970485214,43.1660388426818,39.1643093558128,41.594758430583795,37.8044045940431,31.1807365509994,28.3473822233559,28.4020719510638,35.3441960739479,34.441240518133505,36.2924155930801,33.3100724167557,28.266021163015598,26.733083840472304,27.862001554928106,29.582972182701997,34.091710278118,31.386908587582504,31.6864,30.3948,33.5544,30.4704,33.0588,32.2318,33.1414
New Jersey,3.8664946096225297,99.5621869151713,100.141554487098,146.211824413406,319.011627069937,350.02624949361604,449.352134645399,597.479602090827,746.0469319708002,897.213270461497,1188.1872090759698,1471.15997826178,1868.8136701323199,2114.10073439534,2301.09810135223,2477.9632827440696,2893.7748707997,2978.56098474612,3595.923315867,3839.0113166157507,4024.7196920693104,3749.5601355713293,3723.865412248661,3886.46133810536,3805.9601823545695,4164.659942721722,4078.27814529235,3771.6375583846702,3517.99115244995,3152.7932373703197,3146.23695673489,3112.173675089811,3249.8784516374394,3598.2768879468604,3343.77231788998,3147.8197200927,2853.77084354577,2647.96424403251,3007.5538833256896,3296.80338814403,3133.0208403928805,3048.55240986876,2735.97789767962,2145.85316281675,2307.01598251897,2371.8784602819896,2614.58160521142,2775.2727976673305,2604.18738914817,2157.76774003108,1871.05105777328,1847.00081269914,1972.44223443883,2061.7243261496,1901.23278699764,1710.86657184739,1450.78702747299,1370.29903539783,1428.26303281392,1439.34787862982,1547.1467438851098,1491.9829245304502,1481.64029170427,1210.6877182498802,1292.26641913373,1072.8012061039,1287.8222175672302,1188.48578847206,1218.00910916108,986.656267809666,1077.15116752094,787.69399780505,741.878572069581,737.2872691382091,860.2702896587131,906.24633908951,772.498895589406,708.6471801141098,616.155391303262,579.758102465265,563.942215693544,588.91238906055,584.3612483905359,567.685569415352,434.222827950271,372.95572885620203,361.91720811669995,410.9727669055111,401.1703055437649,413.395222041118,389.18252359482,318.905708175327,288.182462437757,288.145230048027,309.517537554445,333.654123796477,366.2088716514071,349.669416273305,306.641129933933,297.33301549155203,315.003453870299,318.31179659759897,382.706608439562,396.74329377920196,402.5564,394.899,453.6672,455.3218,488.951,511.7032,554.7436
New Mexico,0.145667951192863,5.66586236207394,3.43255224892896,4.1373719615991,8.697916168953151,9.182351531291939,10.499118167502301,11.1031983689112,15.3689409242806,16.2441706592483,21.535443198513693,24.5230694722898,32.1870232598694,35.5493849967923,37.2984372029982,37.241543093983495,50.231695254467,45.3433706998641,60.3881255603005,57.07530618549301,67.6171097278979,65.836976975266,58.267520274890614,72.4472107450303,66.78354139204251,81.9004479741104,94.1575036219295,72.34185638291059,90.3252007589739,70.7575223657257,77.5178537830007,90.943743887731,92.8978256972765,108.93156333436501,120.00127791738998,103.861433773605,101.406119103532,96.09529630436941,125.68320361387501,144.021182092257,151.0477878832,137.27026192796,132.285609787027,102.401035473648,128.88507750973102,125.32818507414,158.633292716276,163.49869356688498,157.74736075126,136.470371921831,142.993629240292,141.423564591877,160.74054368375,174.069750714906,157.63142395532302,158.365914432624,115.337474883276,146.49139624654498,138.519395001373,134.556437968038,161.981051788895,151.11394195565398,181.15932945497602,103.38111039311899,154.650671514523,114.231656974609,170.317368460203,142.806178555242,192.683549065186,119.25607941731,159.385368416714,97.22750967065821,121.428706111686,131.538247910473,161.565425333846,166.25367535208798,160.088124283718,118.16759826881399,129.770690411483,138.888941137795,130.827623714818,157.94735784187202,163.973841475555,161.179141650951,105.82553081806299,116.013756495721,120.07908719507601,141.944268320075,132.631122846563,153.633920864052,138.7448220978,113.813533957783,113.255743876738,110.178439051201,144.041876262426,149.869595135257,165.815145196647,158.631816697217,135.52573440798702,134.840530849591,138.877217585205,159.657735318276,183.781814292556,174.884131373331,196.785,167.9134,204.0516,195.5776,214.9828,216.324,233.7806
New York,5.91016634569728,666.068890805833,655.192207633564,921.95162130111,1925.5256076150501,2159.96825171257,2541.05860770501,3248.6124131348492,3942.638090190461,4491.65013131644,5754.63320194682,7025.15627555063,8175.38816291808,8989.38669740847,9120.163315042779,9420.188970459309,10571.037694714201,10861.213406205501,12320.7855134457,12565.920183427601,12431.1894034696,11348.905241447399,10573.9068587684,10318.5595389683,10124.591311526601,10683.2619117755,9915.98913029506,8793.49285788021,7958.336817314399,6876.4112134530105,6707.09109190292,6873.002534439771,6632.535226071801,7284.11416132935,6548.7482609890185,5675.500100437671,5375.07092475016,4877.72839238755,5612.688788431129,6072.411138340601,5674.01477229865,5366.54504921414,4575.79374130768,3750.04686697645,3769.2728241567797,4111.49881752291,4653.82446813227,4882.60873054438,4150.34471173859,3554.4387154151286,3112.2740546013597,2924.24505240875,3161.3212818762395,3323.77390682662,2929.94624122497,2687.13608960897,2225.12050924204,2152.01317697762,2225.5298254996,2366.9345620532604,2429.91390517355,2552.1135144961104,2398.77314672122,2019.9320089802,1923.5443042731602,1859.0243767243694,1986.9168397920605,2100.2482699134,1958.3178128055106,1700.32748142639,1648.63965033716,1319.45387329505,1269.11883255813,1301.8484564856,1565.1441390378302,1598.57814740844,1435.72243660546,1193.50005578699,1077.78297134457,1076.6079283986,1076.11920488093,1097.78080997894,1093.66470656505,1040.2408973034,801.7505191918028,676.006714018135,695.8874830953349,763.995719700681,754.317217980416,797.421079377089,769.819518435369,588.319337001203,563.131315289691,567.130049943211,627.7684881733551,672.910154391588,751.08495131249,697.8015213178661,643.9441387328341,599.498352324538,673.643822616777,721.777864093499,824.405415318829,889.814813994984,907.6656,953.4974,1075.9422,1128.4782,1226.2144,1331.4544,1474.8382
North Carolina,6.471330784874152,12.405795962234096,20.7164762965415,27.045067782930197,42.2172922935122,48.4700170681145,59.0391717092618,60.473702315996896,79.7391720582919,91.3139157405036,105.498426049603,133.398191836098,159.442996355664,158.094258406322,178.13718003740897,177.858467555398,220.314963082781,213.628704458755,265.015794704021,262.297157197699,273.630120093761,269.240236632781,269.599066762401,275.573184195563,286.90813976614,276.00959974103296,293.087174586892,290.94121548454,241.29854061585098,239.514562890799,252.06336891195,250.669185343249,285.76580155916804,323.14386994119803,313.37105942594,298.723397835152,262.139686104207,297.424823619758,351.194493810435,404.22961445292,404.97327708502405,377.276430542884,362.943652618104,312.234301462001,374.392446078807,378.328793430466,470.786766071885,518.423604387543,567.838398125994,378.486201701387,438.172315977577,434.489776780719,509.806605062197,550.111238332102,486.292594549629,497.22198686318,475.23675502743,464.476075812637,527.186623328435,515.366915613791,603.28653441295,528.951249212701,680.16915219943,493.490291833858,571.347385849911,461.490145973646,743.375576568306,584.531727508103,855.839052439328,611.9433886050141,782.815372560043,582.363317545476,528.104421119345,729.88148994045,904.869420014235,836.5720106256531,886.494732459551,946.0948295761392,690.404958579496,869.8354856171339,824.806730086843,975.187999341084,1082.1126106034,1048.37271745675,826.1093087715192,811.697042443894,858.002865103486,1062.80661226261,1015.3855011839,1233.638295135,1025.2081550298599,1127.89199574956,907.903467867401,1086.62076838098,1175.79440367615,1315.01491754305,1393.90632455833,1500.7306088062198,1189.3781007820098,1474.1929722914401,1304.88280186002,1689.6768216996802,2187.02853429927,1867.1875445805606,2304.5324,2366.1574,2692.89,2868.5402,3205.4498,3469.5606,3910.4658
North Dakota,0.344323217799344,3.4878421001172697,2.18026371843882,2.75114697767136,4.5331022093330295,4.65565356199292,5.16326126747079,5.3266881425178605,5.910296484661349,6.7992482136831915,7.77390013009212,8.1741449065758,10.2237342709413,11.3998222790559,11.070355175565199,11.4881647073543,13.5770493533006,13.4030497580026,15.1562381881269,15.721850644446,17.673364855115,17.757464531150802,16.85077470086,18.4823770405836,18.5985357096941,22.084690913095105,23.167266805092893,22.249605343061198,24.8662799907939,23.3492131984793,23.039659796931897,27.2675927658177,28.618306528588,32.0394083553772,39.368492707895,37.2601662574855,35.2495108104157,30.653431400641495,41.412869439169,44.3586557978831,49.2732611812481,49.22768126269871,47.454007137588604,44.1826270443754,42.50126649014771,48.8998944921196,51.2689996557043,56.106501675818215,55.1987250922164,56.8302465373244,47.9879174517493,55.4590347838768,55.4333909243972,61.757988324368895,60.6302053007329,53.5500002002422,46.4149291496496,48.894769411932494,50.72663717248179,50.88569831930101,52.17605181099171,57.7638417175702,57.2246265266712,47.159268838066396,47.56848400479321,49.74130875403629,52.677737884125996,58.6857169721502,57.9355210653858,53.40724312014781,45.3886873918944,40.6595892253695,39.2319719783691,37.443685951303394,49.87733268450189,51.111765214893296,42.9517342107479,37.4660306075286,39.7424614854035,33.961947627362,38.956482432617705,37.3951827007761,38.5392667017512,42.5427149312627,31.4491097553591,26.766081544938803,30.365727116073604,33.9901853990099,32.5469575477799,33.2016275871306,34.9384168111679,25.9417103548927,27.750233108805,23.756511368628892,30.1497375552564,33.4740528527648,34.9541058349485,32.610965381539394,31.6995899511951,26.0402044631462,28.8204227988832,29.2446812124447,32.7586636670593,34.777737898648404,30.6136,30.6396,31.8022,31.3344,32.4228,32.1112,33.2706
Ohio,4.69070743115724,22.0205635704985,21.634523359728604,27.2666620003894,46.70006966967879,54.2942639272273,65.63314832947411,85.43218334557359,95.82424403891943,119.677967342964,146.704761517007,173.51449247438597,210.841192404416,245.41891143587398,258.62465410305697,282.217647745027,320.102136981711,331.284291978007,380.4750101843669,387.161886224509,449.72597291592,434.865668388499,417.4707254382,467.82882570060997,420.989557703748,525.0120714577,528.85930807916,454.81682727664804,523.8024002882689,461.988986151061,454.4692107092231,498.81915703292395,545.3037672794339,591.992501782496,620.30385111206,639.649540891151,641.0460564997979,580.448692964233,651.953340707233,644.288915424303,691.546644154455,673.8113124413901,646.689562858325,582.5229474946881,589.152335154194,643.950621743543,677.184691010766,675.633712619088,600.350513657094,667.747845568134,579.800852660483,630.44314799454,623.088322197729,658.404485579642,663.887097708511,605.143120084777,481.824648212625,563.828499325911,552.33722125686,534.567056692854,609.390957727457,639.681126121936,590.434486687241,495.263919249436,540.312562627914,530.737959172993,531.380233350254,618.66513834337,554.380472067817,573.519045961113,457.203036985484,436.696005477154,494.670472150718,424.277206561568,473.1799652011129,573.716210262444,496.97782182448304,409.670003586868,492.70175678304497,434.98861152619,455.7535485464669,471.801151298507,483.969570142277,494.512410172833,418.0218592021431,411.757416525765,428.278185472558,464.1358633981129,477.410410916126,489.447610632678,540.138224299508,412.75009198327103,486.002998425362,420.65913995742795,502.13549063972,544.47298848245,580.660321425694,578.634797138263,598.20051336874,552.472207392443,639.545969596869,637.829410959925,726.376898181329,861.852053986839,824.1736,835.1762,933.865,988.1276,1055.3148,1125.4146,1229.4292
Oklahoma,0.393249552111134,4.97122830136733,5.3910875242965695,6.02560091960776,14.283813668250199,14.6255743393133,17.218016379709802,21.0043578518018,26.3124958848071,30.700165502315503,41.4435645511644,50.117549454936196,59.8301745124441,66.38751346793529,72.0432955077894,74.5443909663203,90.98517975152158,91.52360927377373,110.177212637577,98.3526691157864,120.854520270628,105.35389531643601,94.1739444374345,114.967555056868,94.64783805860607,123.184480910681,125.06047825600001,99.92707988654007,108.003332552734,91.5263112991558,93.44050773640758,97.9449452254509,108.71280826991502,115.736424882801,115.86654532551701,108.768561732832,101.963097220991,106.46296180785102,116.39811155179599,128.628235821934,121.142165822619,110.25053087278299,102.070748142225,80.1262421678818,96.57703748178272,92.49750225525841,109.831046014153,113.474115374543,98.22108740058808,94.6743286930379,91.05389707382471,96.0489932766415,100.42955125491501,101.89769302048599,95.31962251315028,90.42342387523769,74.714684278187,84.2401250342737,88.8159986698164,83.60716256507071,98.562551894924,97.37677351193892,99.261733710398,66.7751193468183,87.0231908242627,76.97530005426371,90.5159610732542,93.28512735613579,102.45472388445299,78.6800048447099,78.4650192798236,58.663969792079,75.88621780248491,87.2297606653126,97.6413205139083,106.733020578347,107.97840951643101,85.0474926548105,104.449970966287,112.98738021628401,113.517946586309,135.565161375089,148.00670823577101,139.148182094635,109.071326900136,131.123295965679,146.591872952823,167.417869568248,172.836148574477,202.888899276568,200.116438556824,169.50583589072,189.436420330022,196.36789337022896,257.309026658544,283.213813931762,326.73582545242,301.29635677136,292.55382661809,293.975989199831,324.796416388287,385.051383817029,427.20960705959396,438.680122835519,490.5682,473.3326,559.114,582.604,647.2494,695.6982,784.3654
Oregon,0.93457756042594,5.46377897483716,15.2511490489625,10.1728666010583,19.9691775239196,22.923947449987196,22.357580302794695,24.151506306722602,35.119649173662,33.0487046905792,41.6084119589663,50.893447278846295,55.6359633802736,57.471782163078096,61.383417967231395,63.649653957658,73.3145732691182,70.5680480050687,84.7499140506447,76.2415070132065,80.2522604179095,77.30647992776741,68.2633050437507,77.32355533417359,70.2983367634523,78.3159202967055,75.6527654408335,68.19506781322791,67.9366444460409,57.9212025559865,64.624608750886,57.9690238796548,66.7295555528775,65.3793838032057,66.09201192582721,58.0380496265191,55.713493932656796,67.77345148889461,63.43609617494351,73.4529243758492,64.6058932239433,58.5071777011306,57.2578284546171,45.062022703686104,58.3572371663524,48.7922539530793,63.9904262045829,61.4801551933361,61.1224048035414,47.0102356465885,58.237869987261,51.138991481218795,58.418983914864796,56.3986255451485,51.46009681978379,56.4750754238667,52.3337243228623,51.5537965793559,52.4256833566352,49.8303098103481,61.71095044583421,48.905698391534,63.1178916445781,38.9917278823601,60.11364590306989,41.4705556594982,64.8315602778823,46.5469549191502,68.1686024221399,41.3690720923336,62.8105440047197,41.7216260057864,48.6890108762107,65.00573230959911,62.3892300951305,59.9310427196083,70.8389929203055,64.9401378401396,59.7824791758578,83.48382671830359,64.053765265128,88.3066924029475,94.49720425915659,79.9678515715086,72.8571764131018,106.646915854686,86.9645326444533,104.64332322392299,108.33548473948,131.32712677973998,103.67204449002399,135.946234598967,115.387571976313,150.772345029763,160.653096937549,156.625368307983,183.78840462581002,180.164356830508,150.99184515607,214.38873594913397,172.423620237541,243.444561079147,253.661851932783,225.84854114876097,306.121,269.7184,325.4142,341.415,373.8818,399.0896,450.0572
Pennsylvania,0.922968400884722,26.803024460100303,29.691430566331896,36.394170684303496,82.17747807240751,97.7663098414719,121.654831082393,162.31106414233201,208.70443161567002,258.19700075456103,359.9715525367521,453.071900781596,572.509104425737,658.807382032807,718.961121881337,796.3359208031288,977.2374191713119,967.366795933243,1256.54097250982,1218.08974911711,1459.2469044027405,1358.15200725452,1326.99742475744,1463.5282889162695,1376.86973018569,1653.7481541917905,1660.1543851464999,1431.5529403898404,1508.0735478530896,1284.36612874819,1287.88628355513,1376.6826192965698,1431.0155703862604,1610.61970247752,1588.87532799115,1432.65071963633,1330.16573837645,1292.61391670627,1443.09515555259,1636.6425187525501,1583.6712549195001,1434.97306222039,1374.52861807075,1103.94615216216,1184.06161624345,1215.02514884626,1422.9242004353698,1495.4103306042498,1275.18413610741,1183.39811058498,1117.04855089049,1143.66821695152,1211.9957212277302,1265.02570000453,1156.57043750837,1105.5649449218402,848.096714167336,931.74910940999,914.146764520773,887.35699704589,1044.6824888650199,1017.70236166797,1017.96248129619,719.477934049268,883.993448569926,763.2900835017571,923.13512638431,893.15258267666,974.5748192379319,717.55622730638,728.6237806719562,528.137697795671,628.190582579805,615.1268019200061,719.082541429563,774.2963646679,723.701322560687,562.2318181556479,593.986378824431,570.52493737566,575.1202001910041,633.5945361943869,651.036737525386,597.650255263713,444.69938812583604,454.85870584417603,445.625671772536,513.106018152949,499.767775239264,541.056456717167,489.947443446187,392.621337156113,396.396056159949,378.225833393358,463.798642638178,486.479021775442,531.920044428301,509.639996219689,459.73346433330596,449.27455785150704,481.38003347903503,524.380098357229,600.2740729010401,626.196708846501,663.7416,624.9036,723.2222,739.3855999999989,795.1922,837.3839999999999,927.238
Rhode Island,0.488807740715335,2.15776512657046,4.389725173386791,5.70113042421016,9.29697689703343,9.671653966610851,12.1099484286275,14.7915653550769,20.5600870436948,23.6377043628021,30.862744731527,42.8835353569419,48.711788953729716,53.762772391741294,61.83756373691961,76.7438934701502,90.76362130217942,95.9300055498921,118.97877752737699,120.34797676304301,137.019715284057,132.702719421139,152.662248512855,173.52827766957802,187.849596894181,211.03161271175705,206.186052168226,227.875804455717,215.562050600056,206.568285199383,269.618695103081,254.301458158391,300.365850655807,318.135829140545,286.100668285001,280.572266141237,281.073215222434,354.79763845982905,350.753594072537,386.54944163205,352.036788693964,311.262207162541,299.890917173726,260.130997058685,338.613096063704,293.440338639028,375.765968343372,359.75472301936094,316.91839326680804,249.85468727484601,305.653685852406,295.947471732052,320.380089364929,300.626567951693,267.12533240859,265.89907281954703,244.17922919937,253.272584674108,236.339512531992,227.78285043101897,265.072592418882,213.154136622696,238.04255316552602,165.680655226848,235.41853415215698,173.525063737252,259.19746020709,181.044591223829,227.943697450067,142.902415092752,173.899511006398,107.91272004415501,139.707754720633,169.243850975376,147.998662084284,119.392993274818,122.79009817159701,102.051041260774,88.28407151502701,105.288312718958,86.04052711645849,98.2019818913271,96.1534942437643,69.03739455560411,53.8112632294116,76.56533138419441,66.02238612966799,69.4892975259875,64.5719803534985,72.5196720296608,51.228204962458,54.065385717551,53.13879478810001,59.668355791988,63.1520742565588,58.106190142139596,58.063147762121886,47.56910934767,38.44374751495079,54.92291268351229,45.4668888287022,55.505287022751396,55.2030096253704,43.05316069259421,54.1296,46.1088,52.5088,49.3376,51.8124,51.5698,53.8894
South Carolina,0.40348692890532895,11.7411274797457,13.769752942404999,14.4194404322871,29.81233909078789,36.454514892858796,40.219920741786105,45.73561270551341,61.72990567434921,63.91253246420821,82.0165631650913,96.1761063053867,116.891684836878,130.56183814868,137.472072011533,140.64024660166598,159.523773710458,164.059438572763,193.143123600495,186.82725719005902,200.948013559421,188.117681323442,174.011421136417,176.246333846763,166.950440203934,189.505734940482,188.16215582006,167.697454149191,158.362227255801,137.812625264465,137.691930465232,137.199722346792,153.36836105197702,165.52048097093,167.98789802555902,151.90500551156902,138.431320359767,133.244221827733,162.902937128849,178.431874640011,173.154062608806,163.538968792038,153.387298854244,123.49583793509899,130.635525025005,135.742505052571,166.84226939821002,176.992463102218,175.212430315546,150.063810443159,148.455976974347,146.67127175715,162.350704117097,171.040763652723,165.667740071479,166.52802186886,144.995201189492,147.28698254726,153.686422021435,164.068056275499,179.02133832345902,182.20828692876802,198.01584881031,152.163923333724,172.30858731053002,155.101154211943,193.639094622365,195.74399893025003,231.692376735022,190.794826855471,220.557033880472,177.24675962816897,188.472242059523,213.59948427826302,273.864277858877,303.94234801893396,321.73493815416,303.759903090203,290.959171502685,333.494189312708,328.327372097149,403.068129937354,473.670122665646,462.698858477529,416.7108026227529,421.361479542639,438.84629397548105,533.939531298343,584.253248024404,674.958995369059,665.6069460394,637.525815226576,599.4738184843341,656.114150828557,785.4749216995558,858.3402535789751,1030.1731614355,1019.27826179814,966.827601416075,999.494804514965,1028.31833506893,1260.83200939494,1455.3482819241299,1595.97729404626,1854.5484,1800.823,2196.0926,2370.9134,2663.2538,2957.4032,3410.792
South Dakota,0.0607058243225816,0.9408699981748871,0.6602800160493421,0.79725126536313,1.85464375514432,1.979693445061,2.6251267876207303,3.43712735965941,4.55359782630731,5.4620669878317205,7.88799718023543,9.27190471349394,12.987426280368199,15.0286380907246,18.2012342006778,19.315899632162,24.9383205672197,26.417793309671804,34.2414794555273,35.1835538008135,43.84317162150301,45.0365684631342,46.5373722768229,53.8328604511804,57.8112791261894,69.1757306398226,74.6998922786765,71.8204010303658,78.5941474177446,73.29017949377909,74.9164119791207,84.9748129927509,86.4535161637885,95.5965009438785,105.58559686831998,93.7925383371476,89.97685223537691,80.90681238693679,97.28763742375759,100.327696547982,102.07499816580099,95.0019767454521,95.5129224976707,73.0245216701617,87.4183025223836,80.5912552280364,95.69678860938907,97.5307879188939,97.24798781851179,88.91912234957441,86.9854607230249,90.1498379588036,95.08981927707909,105.33199228002701,102.29779293086,101.244569493374,78.1432486525732,84.20560411175259,81.12087180092959,79.8025956059593,87.0320501540106,84.70506188123409,93.38405979186209,64.24434864517879,83.82141568867121,65.7508806141228,92.5011289046121,73.6013194862609,100.984081562234,69.175674658977,78.65321166652909,52.76649398623611,66.8692232547744,63.4195611029124,78.309242612951,78.1869674495118,77.92941938988629,63.248628851180285,67.2996475194792,65.11185083704329,67.9167010666565,73.2832445891034,71.4307711474495,76.97471592725459,58.11401616976229,56.611742020318296,57.523875624986104,67.8943668769306,63.1322512122082,69.76903205095121,67.3983234488457,54.4028157112601,51.913101838176786,48.8961922207394,58.881975049251004,59.784523478126104,62.740779084636095,58.7440191432337,56.1115897302335,51.3059478984854,51.9166264716386,55.441390370114405,62.53922581041229,58.5517755210658,62.4886,56.6284,65.0602,60.4458,65.753,64.7726,69.116
Tennessee,0.459019266574691,22.274288815267802,29.328179626199606,30.283813522017397,66.1293459529851,76.2418144804212,83.19042939611491,86.54024768557221,118.903449265348,125.399225068297,146.999845223933,189.93012268345902,207.443257658661,224.74244429297298,229.50177423958598,233.537980698811,284.31681449028,265.902536733582,325.214432881781,281.314099247218,328.99978629973,311.997952150489,244.03103599233398,304.55869389410196,266.987893703711,307.749617016409,318.749917198071,253.74099680962502,267.676489147128,215.52498415495097,236.198302394285,234.496166187917,278.909254950986,297.988930235486,301.470306399263,288.799631762927,237.904960619206,286.633982311917,303.914411352913,413.35791208179,386.292126672118,365.004929529222,340.1419383162101,261.069142035491,322.956682544707,323.422446693115,410.217498401195,468.2895812632621,406.561272180447,340.04692869071204,360.2914987596061,351.42888151611,395.088434712368,430.017592999663,377.01363076651,378.43717835752295,292.590696554994,346.07607483968,375.083644840104,318.45065703434,443.998293581037,403.910155081175,470.5092989605,271.66185491157,404.314003802724,339.459340758692,419.675159412608,414.586291347402,514.025569581308,360.757010595651,408.7566321730009,301.59949764411596,327.266378149328,434.075168869884,514.0563989154219,485.783295392576,539.726895941174,407.24097225602094,381.309910706519,543.9559720986621,444.676713662894,552.027422074579,599.021415885024,563.710765199519,370.438989964056,460.482130247609,473.70696806434006,548.157734868785,539.244823536101,660.4840743968,571.726937591555,521.625552945919,496.260536895515,560.489835362523,711.181670943585,741.2892221244182,858.5047383903461,855.811140700445,686.829568065637,797.9199426997791,785.9992745342239,995.662984498835,1228.64867950434,1117.13031594976,1359.7792,1300.1298,1502.506,1616.1002,1772.4822,1924.6502,2149.0642
Texas,3.2290729674174203,22.2376742455759,32.0699048663245,55.6879421912461,93.8433720235803,108.623356638244,128.110682419692,141.729188105857,189.321751360779,230.218560938046,282.46308748141496,377.9930583706349,454.7711442439169,476.972735632313,495.11958916518097,538.715193606371,675.100921119645,682.688356968369,802.88045987045,812.356518552937,822.411890340107,787.1654404300232,753.911676260986,808.0101291765152,817.800454644184,847.4561381060249,861.61247367697,768.504800133085,658.484041880198,620.358625376742,688.445617620771,691.897584849445,825.704290909657,903.486695826311,840.538454588169,802.6456432439439,704.6557721986778,918.884658541994,1011.24588636562,1176.82906887655,1142.97915500642,982.902200957557,894.8837920194321,734.726634924283,942.7692415024112,975.630939336302,1173.3399955884402,1312.50187272782,1224.71026042581,898.579112717786,982.3856857992032,1030.85345469879,1196.5469052648,1227.5951203669804,1070.51505159845,1025.8781671953,981.584344169765,990.968073251555,1127.53136639451,1078.22004513301,1308.55109835015,1177.9873457652802,1305.1560580091,946.0000878406261,1055.9478865743902,996.499690329761,1411.4444614470901,1235.19226562301,1420.62878942027,1144.37636917101,1304.84779262499,936.999264979514,937.701121455735,1369.1061657569,1691.29118599555,1427.31784845606,1560.14930987282,1577.61354348641,1225.6030617249698,1598.8460984649405,1544.10314103024,1831.1270229443694,2146.73597747502,1931.2456734982895,1406.96700944256,1635.71975185384,1854.6854883674105,2174.2071559781507,2230.8934891599697,2678.46075194403,2318.673758540689,2314.85166779624,2126.35134486998,2752.8920276678496,3168.44613118291,3578.9162770586204,3875.87595512802,4090.22552148253,3185.6865951923805,4001.7170995339893,4051.4524326368,5289.29009913407,6820.13030467231,6075.1844765115,7091.1698,7762.5276,8741.0712,9900.231,11221.4258,12547.496,14215.8666
Utah,7.329126524951709,12.423056375404999,12.182426160306301,16.1528535387948,23.8603312842556,29.7247740007756,34.072530620527395,38.3257554022312,44.9391756657187,51.976904867963896,57.61614025051539,69.4051382333907,81.27829992454541,88.7317760171772,91.9419810314032,92.71786203275309,108.49472625681999,100.331567216088,128.428657412594,114.48723430818701,130.91565423086,134.034919139664,110.963885783836,120.826191361652,112.97279648548599,123.166085484815,136.452858646198,112.357297153265,118.40760960666701,100.996494840921,100.46914452655899,108.620916549881,119.97850360052401,128.471004499148,130.231857865958,131.07668385914602,111.377017501789,113.01883971229601,132.38795174899,145.05754444856,158.181898556337,145.61507855368401,140.75138666163602,117.444981851527,126.07936805473301,140.54350570627898,150.68915009286604,171.014925656222,161.428100093193,151.363571590617,137.150793093777,151.690144240214,153.176868174469,173.761153272474,163.805363455707,157.38079473875402,128.151045298492,141.63371926783302,156.889447832326,140.589351949959,174.659426143746,176.16176057906898,186.91151749893902,142.470189439377,157.244943255499,154.01081387651698,172.8993359154,184.636835499745,191.919111597502,199.933312582252,171.79944533191795,159.307027114708,152.475861224771,172.092277212734,229.980088895732,251.198826022488,240.49411674230305,223.37399909976295,221.757219858009,236.84216032911,259.17135976677,273.97810211738096,324.020828105929,343.016578785563,246.285761589454,254.71564391615502,286.49614069506,328.670450581397,332.109511840699,374.174813162763,389.628157105145,313.18078176961603,341.478442142042,317.22131017297403,400.55770410164,472.531986629881,517.654605877089,560.196392443884,478.636753650291,494.7245133265651,528.334163928782,561.7304644161679,755.3240856747681,764.295518389452,780.6452,850.5934,896.2614,1011.6294,1066.8642,1185.5092,1299.8982
Vermont,0.348671192919769,5.82260842232526,3.4269684221887498,3.8816436516128303,8.16293565294649,9.4334754936121,12.206097886835801,13.371456655328,16.0815838898506,17.6794925486177,22.435055206560698,22.479037309286,27.324710478407006,31.530570676929496,30.5741849929112,29.790433746346107,32.106757391701194,36.6777776461691,35.5638167083445,41.655893156509705,40.1981629643271,37.3521717492261,33.713923328042696,29.349057623505892,29.925643908672104,29.0309734476547,28.520859508629602,26.8653976291158,22.8879919071057,19.333210391193894,15.188028613986699,15.401047655981099,13.3979479346467,14.3464345084673,13.7066271108346,11.0053141587224,9.01235580505824,6.281656575383071,6.801063821450992,7.25908049652817,7.04456365293578,7.19918145858024,5.95326467366979,4.7055512723724,4.0484983959567495,4.26297974793279,4.47276886530311,5.21048408407412,5.42295631639377,4.96524337936801,3.88809801981694,3.70694898759669,3.92867088965578,4.253233527730971,4.36729763941175,3.76985634930781,3.68659103213182,3.27562716582791,3.18351775406825,3.67618289739802,3.20107747354131,3.73504796506456,3.6480464846230296,3.78356902185293,2.922962281347,3.0797805591157,3.11492193647321,3.80307702116932,3.7384123443335495,3.6462457143574714,3.8654625300876897,3.62568731516535,3.1242422323741903,3.14033638437459,4.66214912913156,5.799407037501742,5.53485478824088,6.1650380509606695,6.0528752323833706,5.6140943713334,6.361480612436991,7.915312398365951,7.3927793171098,9.8033935765982,8.92011744060642,6.2454878783495,6.5479300318457305,7.8074586658479905,8.21762174568555,8.12102306641938,9.327073732600187,7.5973634455749295,6.417768060102309,6.4071415996550405,6.61221395206073,7.91578126569097,9.675198332163,8.8381555601064,9.59196228370245,6.75617479526506,7.3736338845618,7.99116240940832,8.572355100747991,10.5878172720939,9.7098,9.8268,11.03,11.1078,11.8342,12.3678,13.3572
Virginia,0.330950092666727,15.6147011662973,13.5542695452864,14.2872873323644,28.450513651901304,31.477704738940506,38.2552396295894,49.0868707825947,58.104762823474104,66.4154302647939,91.4466076438537,101.671588439127,125.741370904653,140.885752573187,161.979223241174,164.417107370411,191.867825946731,220.774844643997,237.632951965643,268.956435122978,296.357184720298,299.890546466359,326.278121461608,331.731723904882,373.54988335134004,396.546923015606,396.522408565466,426.536117059066,402.841120842374,400.240406107994,396.22573800765406,433.226562117397,434.246566623939,537.3478061845481,543.273442011794,507.112475699596,565.77140332039,520.938245529808,620.790028190813,702.1897802175571,706.211076988394,753.1112456113948,735.83488828774,685.690604389202,676.549867561667,775.1472358909331,883.7337418420959,956.731435476859,947.157281125757,884.9658057294749,822.3478615900079,797.673715433642,907.2272046187421,966.914586630047,1014.86632334509,895.758424610487,860.616682783094,842.772687150907,817.6065902617778,976.040832628176,946.600297403853,1017.21508018095,988.8386262472541,980.635286611599,912.099169701956,919.966198442617,1007.12695759677,1090.16413627036,1130.78621521963,974.919687295506,1071.27186048121,935.813947123157,936.191249858412,825.1808605833099,950.720417913841,1071.7714943662402,964.486168150358,892.323818056998,845.7958974671692,761.574941538521,797.348250250717,813.59460250289,779.802939144337,777.439642800297,774.808077849622,595.676228613664,568.1902056703141,642.142266688298,672.376812606056,643.771276838056,659.851525975953,588.699238787131,515.958704942303,535.985814038298,517.776465561495,541.973498382792,596.486159141858,575.314144798251,583.059920052813,515.016429140206,562.665106031355,591.340994212084,608.5501499497441,736.83593693047,729.7652,721.0168,805.4908,803.217399999999,873.0864,908.3396,964.0034
Washington,1.2515618931006298,149.823628298309,121.947335488346,109.840545854258,223.88867086954895,226.13681259866402,226.75752281313999,239.66827062275902,299.900378498164,287.918332054294,348.912897502593,388.759595144236,425.9043258702769,430.361893353751,449.605517458857,430.827176738889,466.88716655644896,489.36990188546304,528.500379168278,525.0240822541359,483.326380595253,456.097739332342,436.084299127958,367.51148416713204,443.4627545973609,351.72551704270796,364.47575642152395,362.068286741673,272.68018056908403,236.959918892893,254.273197921092,234.639878035663,229.341549445931,293.178953001946,257.468606708219,221.042039751002,201.943749605933,210.51349769472,231.38458636605202,285.263829088939,252.586227371857,244.629889480907,233.16801340493697,175.380079895526,198.608332413565,204.319893889061,250.15545278705798,276.634136752045,319.431915056577,200.189581129,214.54656374949602,185.70673936971698,233.911826375737,241.424263884594,216.292595188651,223.480459159445,231.21719507903703,193.192151763389,202.853972721561,246.794772378613,224.311148660814,215.55490374219104,256.666732164771,216.263187905569,206.31853478391895,182.759134613138,237.86941438917998,223.726986482475,272.18269160209996,190.197020524913,320.043268908166,224.884661700614,176.38755316624298,225.54686731152,307.305718639933,276.236684159745,295.837031333821,335.549209036599,236.77652820235,282.277355101788,263.811938520024,304.67561963346003,342.620995834641,338.286597779155,308.919847013675,254.53256264090197,262.773702129491,298.93502555261904,338.73690492878,358.220386090948,331.166311490008,371.685683362861,277.714535200416,382.3190167183049,349.46679087497705,392.39022215732695,454.656747181288,466.454348819002,403.180856584394,416.77846462774,428.682887526668,504.143835488392,614.324886871746,596.9387686742659,699.7396,692.3586,811.8026,854.8036,914.8076,1012.3484,1132.304
West Virginia,0.279455088504721,0.426816566951399,1.38853003365771,1.5627772448330302,3.28842509577854,3.8406100575035502,4.64688585036921,4.10130750009817,7.563241157923501,7.56979047250942,9.89357012772783,14.1584239098651,18.482215241420104,16.9114272196718,19.2487470546862,20.5302775174998,29.144105660953002,26.085752398905306,39.3446304008961,34.7623135490634,37.8155996218585,34.8077452049012,30.370044034448,39.0636189597552,39.9606062438215,34.880540916803604,43.7379882544081,37.4769603053079,30.7363699262304,28.006613439393,33.8998545402061,30.683042574313397,38.24078691114861,39.1254765153962,33.7662971793638,31.369196208224697,19.798952866762495,32.0054661112928,31.7056881486929,39.899478500164,34.658664126436,25.9921238404543,26.8891939767445,15.112402957489,29.9456377704844,19.4254967868968,30.082564706335397,33.384658299089196,36.5435371188429,16.5934906591262,28.1181676407025,23.306358267635602,28.725338398734497,30.6641796631141,21.8566602185541,25.0433942636377,23.338857445922603,22.883806366014905,24.6683885290736,19.3035720682233,31.733209729485196,17.9638148620207,33.3913316596575,13.154993594595098,25.081760550777503,13.2669943272331,37.1252613732277,16.0592340378246,42.2377873415636,12.891399360471599,31.724387153919,12.630767866584101,12.847850050294099,33.0232153407916,34.4130867066517,21.0302467550306,30.7584437318117,29.404198921859606,15.7042834155947,33.3056587593678,21.3596324031306,34.651659169340704,37.7659060295179,29.787321188481602,16.0896153156975,26.609231077717094,26.0993807046355,31.586334837225102,26.923349224130398,40.1915106556284,21.875464000283603,31.847883409318104,20.079886606258,31.6805037492676,40.2571658170793,39.7127357447064,43.4282505651811,41.7490705850845,21.5887841058896,39.8948133290081,25.312604971454,41.6502029417464,57.4759413239968,28.0752617748757,49.6414,40.7652,48.7454,46.7948,51.958,52.1976,55.9108
Wisconsin,1.42444254786959,27.1475158027977,25.286134513470696,35.0836389874023,57.720202570886094,60.503968042336396,66.0142721092116,67.7598056892836,79.8314192381258,84.2408967418821,100.736404493209,112.71396840250601,131.872938668632,132.017312024734,134.558639905234,132.609015974784,155.36985730233,146.660557364798,170.79426320310802,172.08949640333802,163.907652036678,168.910322480948,146.904619598706,157.049922977052,157.911761829673,173.39426700925,175.727780737754,156.854190146041,145.384974146723,130.93113351819798,142.484826273944,151.77483718850002,167.51513145972402,190.969972288149,188.72650595896096,170.029155180937,158.511428571163,173.99738336543098,229.970810546452,262.290126031332,271.12454764302004,256.560107325499,240.02064889319402,203.682548326559,237.726441463288,269.332372434897,328.350221401098,373.858502095969,353.150222544303,289.079010970098,281.35892962805696,307.97197740122004,340.654183188857,366.46474360214205,331.410114595351,315.798835411049,274.503962600299,288.77746926115003,307.632983731229,313.956214211168,363.564313154682,359.71263632835405,382.54508316364405,292.301499380561,327.059918766401,308.019111086444,410.493622853211,384.28836267675797,446.2346735400531,362.604706738307,388.08349157745795,294.957165241293,303.211093458853,386.894511394889,479.891617083951,455.03189118707496,419.849470406397,375.747674390199,317.097296802094,361.088570161257,362.871780769832,399.94153725788397,426.638870429346,383.15803800871805,273.448765141706,265.06439811351396,291.599282184978,323.8166964452,318.698125480071,352.164185608943,315.740779231319,268.237401796564,248.35372773883702,279.304719348682,325.521503654872,363.25452826040606,375.01056718919295,366.153409624785,295.096645038052,307.342307019726,337.6333752549951,396.28910927667,457.767677681314,447.812242938134,460.0356,470.3828,517.7382,532.9348,572.6492,601.8292,648.4582
Wyoming,1.45211978527552,1.41711137700253,4.26462760042912,3.60492099610864,4.80057417724933,5.18035862372483,5.21363339289708,5.12564752084703,6.70904399529837,6.641018400055421,7.51300241984197,9.03760552245044,9.43616620648861,9.19187533182276,9.4917618623373,10.5224771094941,11.6003845977096,12.2378739064224,13.3321186775615,12.2697671144927,13.150460166635499,11.5613499811829,12.1800571350251,12.774614801953303,12.8593183026581,12.6307561463908,12.7769987940014,12.8266154031532,11.432550289321801,11.5606751074508,13.1959744768272,12.2773677972747,13.949085181050195,13.327493388841601,13.369414835874,12.576585162784099,11.9148718562103,20.651266131942002,14.908982475646,16.8497749207297,14.857644510840304,13.5866039316086,12.806144029375696,11.550054068022304,15.2639450052929,11.7670640378071,14.176033604015501,13.5565612165585,13.702313508503599,9.79332282836139,13.9382195036566,11.929397483717501,14.3498744281344,11.6810776177458,10.3830567671492,11.526635654834001,12.5548893643867,12.132147712480002,11.830440139932401,11.687995545271802,13.3253132419298,10.177296422766801,13.0323825005382,9.358799505819439,11.9597243528327,9.44882535025129,13.0578754655356,9.294905295188027,12.586944877511801,7.7295631143851615,12.153580712458801,7.83904179687659,8.83010861810828,13.0063794235848,11.3873507045964,9.017525134504053,10.7951652652054,10.6692150155372,8.56813573329314,12.6417365955232,9.73217362196325,12.4907634834184,13.1291776921804,10.3274655461773,10.0755386842721,14.5152393602531,14.375894434323401,14.526367510162101,15.1321548356417,17.849106581357802,13.4073449590484,19.051928448132,16.298505572489,23.216715496803694,24.4389047981987,23.671096251289995,24.6768986503343,23.5981403024516,19.573687960502998,29.695500459544807,23.1201088286019,31.37988316948489,33.8817098861822,25.860343712762198,34.1768,31.2448,35.7916,35.2502,37.3154,39.2494,41.11600000000001
US,151.0,1363.0,1732.0,2774.0,5231.0,5308.0,6335.0,7915.0,10080.0,10241.0,11926.0,18015.0,18162.0,19690.0,19107.0,21446.0,25939.0,25422.0,30370.0,31926.0,33004.0,27830.0,29602.0,30709.0,31642.0,34686.0,33452.0,29979.0,28444.0,25285.0,27108.0,29041.0,31229.0,32698.0,28288.0,25943.0,27302.0,25473.0,28239.0,34028.0,36429.0,32889.0,27623.0,22497.0,24508.0,27375.0,29622.0,34126.0,29016.0,25536.0,22440.0,24105.0,25211.0,27819.0,27049.0,25715.0,19789.0,18818.0,21910.0,21163.0,27520.0,25183.0,25052.0,18990.0,21705.0,20354.0,23560.0,25482.0,24029.0,21753.0,20723.0,18920.0,18853.0,18221.0,22725.0,24342.0,24159.0,20071.0,17253.0,20832.0,19867.0,20861.0,25112.0,22438.0,17660.0,17352.0,17985.0,20649.0,22924.0,25150.0,25402.0,19703.0,19579.0,23643.0,25505.0,27697.0,31507.0,32458.0,26374.0,30497.0,35067.0,34799.0,39807.0,45193.0,51089.4496,53724.6616,61078.9774,67184.2862,74300.0154,82830.3038,93229.9372
