Province_State,3/15/20,3/16/20,3/17/20,3/18/20,3/19/20,3/20/20,3/21/20,3/22/20,3/23/20,3/24/20,3/25/20,3/26/20,3/27/20,3/28/20,3/29/20,3/30/20,3/31/20,4/1/20,4/2/20,4/3/20,4/4/20,4/5/20,4/6/20,4/7/20,4/8/20,4/9/20,4/10/20,4/11/20,4/12/20,4/13/20,4/14/20,4/15/20,4/16/20,4/17/20,4/18/20,4/19/20,4/20/20,4/21/20,4/22/20,4/23/20,4/24/20,4/25/20,4/26/20,4/27/20,4/28/20,4/29/20,4/30/20,5/1/20,5/2/20,5/3/20,5/4/20,5/5/20,5/6/20,5/7/20,5/8/20,5/9/20,5/10/20,5/11/20,5/12/20,5/13/20,5/14/20,5/15/20,5/16/20,5/17/20,5/18/20,5/19/20,5/20/20,5/21/20,5/22/20,5/23/20,5/24/20,5/25/20,5/26/20,5/27/20,5/28/20,5/29/20,5/30/20,5/31/20,6/1/20,6/2/20,6/3/20,6/4/20,6/5/20,6/6/20,6/7/20,6/8/20,6/9/20,6/10/20,6/11/20,6/12/20,6/13/20,6/14/20,6/15/20,6/16/20,6/17/20,6/18/20,6/19/20,6/20/20,6/21/20,6/22/20,6/23/20,6/24/20,6/25/20,6/26/20,6/27/20,6/28/20,6/29/20
Alabama,0.0487882286931713,0.11775045421887699,0.115444936674198,0.13581456996300098,0.307322106766683,0.371084237736432,0.352244468991509,0.429933276223712,0.540457987431513,0.608266301780732,1.1079567289041101,1.1237579145056,1.8859512362900002,1.42285977468234,1.73582961065501,2.2824352556174703,4.99026307282299,3.4434387034777703,5.463507299488,4.27138608541569,4.19482919574865,3.3027294942222296,5.11006211030042,10.1985699222384,6.0558700828069405,6.5893646682048,8.63560937872947,7.034634656443091,3.71065246850603,6.768080225522361,12.6728164257608,8.930680555242981,10.8477647381184,8.90655011221273,6.255389228139559,5.8797408908211795,10.2532321033044,15.0949700187026,13.4491775943777,11.822048354823101,9.41169842585799,7.402655620721379,5.656647283554539,10.292814111628301,15.400804950208002,19.7181338909354,12.5173198708915,13.5809772763971,8.53184641273866,4.38993783679305,12.7733965307722,17.943594835975002,21.846337682830402,13.959624350357402,13.4159712363236,10.032112399518802,3.99066037868598,9.24395456917758,21.1338791204865,12.310833261319,16.2666272986548,13.389093484879599,6.564906993201211,4.80761547068947,10.250136847662699,18.3466907165739,13.169406252372902,15.0551305974829,11.3837391583868,9.89046557431842,3.9917337287342,7.996047374170929,10.0171697993501,14.977249035802199,11.6948149317927,14.377323329576,10.3640568239022,6.45177909518202,9.91896594506198,13.237408816122999,10.165933511078599,8.18051526780301,18.4754952392255,6.864054198132019,3.45765515314997,9.742773342178891,14.689725712821,10.6079641723104,12.455380703513,12.1759339227846,8.25080565626014,2.63754525778917,5.932754728410879,10.2769701974535,9.264804569201312,13.862136419114098,11.0675207392081,8.25895981857737,2.96192443295112,3.3134401450787503,6.7454,5.8296,6.4094,6.1272,5.8686,5.7028,5.8562
Alaska,0.105771832174075,0.0898520801899848,0.12056679373946301,0.15038161046471302,0.161104022321185,0.139722738338403,0.14787193070055601,0.124054974118352,0.18544609666979897,0.170163960987984,0.222629041891234,0.214881661136337,0.24991970023669102,0.325326557014837,0.17388441630450302,0.251401189105885,0.461649833886813,0.25961272844556305,0.41490304054159,0.330626351685845,0.314258498070698,0.255109142758236,0.22644903091633897,0.37625917385001706,0.29171924581139796,0.34148943500958395,0.291527479305159,0.307094733798977,0.145383283747251,0.14321473139982802,0.375595103483226,0.202292024965305,0.21339317948187,0.224792186019434,0.137683286713273,0.116279685544644,0.134263280494913,0.21529353344759602,0.18673806832613,0.23186120345682398,0.15282998947316698,0.10391755247057302,0.0885523453906335,0.0799628514396889,0.146350046641669,0.12135496640631199,0.151315679125739,0.132368917418292,0.10477547081217199,0.0584270242976199,0.0708943208358666,0.14135623202894598,0.12451533538785602,0.12626832646357,0.09650392890663101,0.0980256401088469,0.0394456016068342,0.0725592760209983,0.12177332023593901,0.096438339799655,0.0905735838663291,0.0970321937681373,0.0818108070073403,0.0334403644284129,0.0547372659585805,0.10574941630718801,0.11738917511552802,0.07891422576106,0.10065763709951599,0.0701623249136362,0.0351927929294273,0.0370980608372269,0.0567517500488766,0.119281985758591,0.09348941684155698,0.0923762400130184,0.0867558278630345,0.0320820401403643,0.0473083275909002,0.111927548463511,0.0796508498372929,0.09028360415966301,0.10236062429915302,0.0636624577551938,0.0282069146393512,0.0436713201771905,0.11576481345635001,0.0689568973211744,0.105529618326474,0.105118451885348,0.0699285426097815,0.0249036145366305,0.0543025407282515,0.125233722342882,0.087430863531537,0.11352538364997301,0.118263495065146,0.0800221783588181,0.0267554521556892,0.0523272682060697,0.0498,0.0376,0.0424,0.0396,0.0394,0.0378,0.0324
Arizona,0.266666432278767,0.10634471580655001,0.36300807179366795,0.280376213448081,0.508796936823949,0.45478550143720203,0.561993950795029,0.545413571866135,0.755834650429993,1.18407560489269,1.43145304545749,1.85608739523076,2.20264572866893,3.29591502017663,2.07576830137765,2.33587404532154,5.4394972945066105,5.34369391495069,6.959340852720509,7.05193394143666,6.0445001617664404,6.94589018500906,4.90026119828125,9.97113640134003,11.957759605515301,11.2657312287132,10.8113908502382,10.833106663229302,5.884919623796871,5.33039124456713,12.4714247702071,14.9596651219542,11.928710351545698,14.2741984691059,8.94185306389511,7.82645224071058,8.540662003705831,17.3452965018217,17.0262892476349,19.849736185669897,17.0260808691842,9.25667410636304,6.69591418585487,5.9276253042968206,14.6577168082419,22.5613609245372,24.874466217494398,20.1515949362561,12.596781595466402,9.08335758420014,6.49510783935684,26.3442502841703,29.1341865851198,28.503721136862897,26.4691917733245,16.4680967391588,6.11907622179431,7.841432176077711,21.6184072404097,25.066414759435002,22.0457107329606,24.446261486519,20.2442653913595,5.702044991466,6.7215618991768,19.1535196788812,33.5976529708955,22.1736380294827,22.5150929660179,18.414251532283302,6.134737326799849,4.85235060799504,8.84224053223183,25.7290924446661,30.7165879048211,26.8885309474297,21.8960277988237,7.45769641862293,7.471917186623959,23.898048254436997,27.0868107039676,25.8477875919864,22.902892393734998,18.4005328136328,6.07301090066637,6.1985192909623095,24.580267008689102,28.610093473667497,29.781687217451896,26.9758975711304,23.1707309075459,4.753471727582861,7.54234793366009,26.166808679227298,28.450182427041202,29.8699230152393,31.3879628365211,20.8668886168575,5.584402321894539,6.4219410537901105,13.554,13.7066,12.700999999999999,13.1858,12.3384,11.7082,11.912
Arkansas,0.34210662591314894,0.203529361957624,0.22378051285093697,0.31639695147312,0.408756684089543,0.320119321938328,0.38860276910145797,0.333508855148171,0.504018411151641,0.5765801571139589,0.611148414362196,0.6800128778672939,0.834751231056285,1.09633430066258,0.697789821137114,0.9215917715330421,1.30195653486099,1.13545885247623,1.6370380448585,1.3959872123238302,1.3983466940103702,1.5193800366041499,1.2083378221119498,1.68328896185592,1.82271245876309,2.06596050193124,1.5764954134048403,1.76586677905918,1.10214346710286,1.1883202513228799,2.2014478714651804,1.7267682730728102,2.0711122975773897,2.01244119647199,1.4224733352099899,1.5253634214701497,1.54358454341484,2.17884542589085,2.23014748469571,2.92922742674699,2.20751733093345,1.5367167435868099,1.54685736217646,1.2163237925264299,2.59872567959187,2.19218411502374,3.48552337577155,2.66964534247006,2.24785853787536,1.70115216340538,1.63936916672308,3.42972475198773,3.07032019658458,3.6384700825433303,2.6692860156373195,2.38072300386705,1.31443025874243,2.19744342881866,3.0330543648906296,3.1788571690134297,2.7902457133562404,3.01697784509594,2.80033561827744,1.1646636124307699,1.85995240167133,2.96423209492343,4.43585747173262,2.8776296384300695,3.5358307941113902,2.3866170764819596,1.47184844046308,1.22030126129891,2.2161851143293703,4.25569378681584,4.36138420090658,3.8489429408983398,3.14679519285025,1.43340019561771,1.79436563712021,4.44239135304237,4.17964017817676,4.73823581234598,3.62125289349016,2.73646469758238,1.4541861985891202,2.11194849644567,4.474984190631901,4.11932475549041,5.2788261492595705,4.2908245295600995,2.7614845829387002,1.4116134529886202,2.77609219413719,5.3728044899149205,4.87005381782301,5.45096727471177,4.67619421979124,3.3626767415383196,1.5041449446111501,2.9544257564223098,2.8338,2.6696,2.5004,2.4422,2.3934,2.3992,2.3518
California,1.7213828368094,1.4211930436803302,3.37581920525952,3.12235946332936,4.51140762201448,4.68936402105379,5.18324402142676,5.6088218195287,8.18376476725253,10.018150380083501,12.790208979707598,14.468977854403601,17.0932364355374,20.390163596898102,16.6841076981649,19.5389217090978,34.2396569758367,32.2664198827948,40.7586247608304,39.8093986280645,36.2443610550285,39.7520138799584,37.985693263270505,60.131051365084296,60.6880248021105,58.5454943918633,58.4771984694778,55.5003248469805,41.0367335044528,45.767765920718006,71.9540836992429,73.1655924458953,70.22771513864039,70.880292035414,58.7431520632955,50.938426655106895,59.867725337886,80.769888719625,84.5720035240776,85.9927138319218,76.1143689497795,55.5983894299919,45.443852228701495,48.683043651503496,84.9195583741804,99.47330749325408,93.55135271553209,87.47196143146009,64.0789561923191,45.223406418093504,54.950064449559605,102.27165756324699,115.442110190356,102.401102408589,87.0154122622109,73.9348584133304,39.1502443277925,52.521650207673204,92.6827595949209,93.6335370107321,91.5068710900048,87.8834516708194,72.4792470767787,38.745168758552396,47.45157086959679,86.8850593668987,95.18761998884159,82.162888328691,74.7229770181108,67.64733023330889,35.298544943111104,32.943769600623,49.519250214329006,84.33176445325,86.2188473449025,84.5517273196446,70.81380216846591,38.1793777224751,42.8174457829675,78.52522494172379,79.0544133758515,75.0729213340441,75.5222343563197,58.33270764380361,31.6067257712003,36.919751136653204,80.4138528562868,78.8431583788235,81.4479047287613,74.4939794300276,67.3146528447647,27.9741559865366,37.197426998995205,75.7164939688681,72.8589843671205,74.42391133789,71.96938295890459,60.479468172314604,28.721933039855898,35.6703713289636,53.9284,52.0304,51.3434,52.6588,51.1188,50.7226,51.008
Colorado,0.0692324477850954,0.121779053189971,0.269533752566726,0.47388432196915997,0.741085424054674,0.676461598662532,0.966752563727131,1.1157198973741,1.70266474907666,2.6885607536087996,3.81202187892866,3.9471071077791398,6.06579052073489,7.260703853663441,4.91837592827504,7.30560830060774,14.5102404957336,11.8350870129091,18.082790855566,14.4995296094985,14.5166401422578,16.3981247950486,14.6589821353969,26.9189754017168,26.354198152293897,29.4765819575146,23.321816053599896,25.172393801939897,15.6204345547824,18.1817346610227,36.1599255566995,30.4222871454799,31.8058090573529,30.9110367884742,23.164802624570605,20.575737440234498,27.4428057967501,36.76980986974421,36.5609314175581,40.116644531429,35.2561384977989,18.5702969182985,15.667119466200399,16.41604797015,33.9594523093831,35.3370889393751,35.8015573432042,30.535793884882303,18.948065919179,13.5100898724068,16.4520176481329,39.2505064563396,32.4320632930962,32.9089887079067,22.997113344941695,18.2250948505028,8.40374484250509,17.835428371019102,28.268619985316402,28.5425388414135,22.8706930567513,26.6224813761705,20.260515913757,8.312563759912809,11.866953392395999,25.9993723488512,29.9015105923811,18.0266565481638,19.0671191292182,12.478639866916499,6.2078476177331305,5.9089484373860195,12.8804571240881,25.121591578256,22.2423155031732,17.5690712102369,13.244002056284803,5.378483855920769,8.72792940358611,19.4217070617795,16.6862481918457,16.4797402048577,13.105899023130698,7.81200981141557,4.05335405720304,7.677195740455461,14.958458792418,13.953128471744302,14.490074907857199,10.3877994547609,8.45793240775099,2.8929087459478997,7.263715000603829,14.9694183137695,12.396527576024198,11.6596399662295,9.66392820142285,6.26759665107036,2.52945354021001,5.5710065674215805,6.9206,6.6628,6.2816,6.2592,6.0912,6.0604,6.1602
Connecticut,0.11027980726681698,0.0853514901897075,0.159744711442234,0.288346197761979,0.710266886181231,0.93364590598233,1.05750237697195,1.70698870077314,2.05646772697642,2.81823467655568,4.7276981048528395,5.67999232313796,8.05169474943876,8.53539363102484,11.5552409839671,11.2671669576577,20.5028148524433,22.860229349752,27.773794937149702,27.9961411644478,29.4134610664407,28.440634365855498,32.2737973839213,55.97312326837971,49.01362443540749,52.086124651122894,67.466528810078,62.155112300797704,57.153241091333705,61.28546822773729,74.0948265756929,90.7707243839711,94.1734675916656,83.5069973355239,83.52075482561291,74.8325338315661,96.2292841150787,116.246635362217,108.17373614773001,93.09040463992649,99.5537511385059,97.0749855247649,65.665199887605,84.4544445631252,93.78006564522529,122.556416694128,85.19289356399841,92.1277183578956,82.69253397914001,48.40129371839151,70.44532986782549,72.9342340002119,102.314605004632,75.75993850351871,70.6693053060333,68.3912893358866,41.9535766232329,44.645515753423005,65.55800635704621,66.69237736531291,73.2736064097293,62.63537617097779,49.022416906327294,45.6410363899659,43.3988547803577,49.866588078966,53.381052797132796,57.6813778462531,41.4204191430585,46.16037372157471,28.6722407152144,36.7179368032952,28.4245376417988,36.1920606325764,36.512958346478,37.8140813028899,35.1785829162977,28.5494883547058,24.190841677237,23.588955635587602,28.3092025651562,22.182151341481198,29.0795040433572,22.0829612389714,16.2793241376515,15.112200502144802,19.9063767158136,19.9942237203863,17.613406243738197,15.6444909266028,19.259521388552,10.571020337271099,8.0223778162357,10.4913040092125,12.8063198242109,13.2792897873437,11.3270985053652,12.8567831814022,8.21418367199457,5.434939647889731,9.8924,11.5456,12.437999999999999,11.6224,11.376,11.2698,11.507
Delaware,0.0221767850746556,0.0205108932591085,0.0309837773474356,0.05082809384078,0.115113745039938,0.133286384508356,0.149414427754186,0.17007092961355702,0.242647991313463,0.30782725490675705,0.415537475090197,0.5182598598289679,0.659819063966812,0.8427079569721609,0.8727643107162142,0.9454739184206401,1.44144948570748,1.46490189385638,1.89943200387445,1.84955513989175,1.8107996117998002,2.02925519892653,1.94885553245264,3.0245040078399903,3.0107455323812,3.37487443245715,4.06892323718336,3.70179757071912,3.28606034188068,3.7366659478430293,4.85625602392865,5.05691110883715,5.967152933788941,5.79187013883139,5.367361286352651,5.28567747141927,6.12437386659194,8.31905654451736,7.50159236353008,7.83957290700735,7.893282032519701,7.408877363441349,6.2113741623815,6.11586767805081,8.64430059574319,9.37577243734626,8.19102925925145,8.479820480263339,7.82151929123975,5.95417810700723,6.2813173298310705,8.05701973959801,9.00008924235191,8.15573128246095,7.47671424684832,7.85053576178969,4.516197141846519,5.51697190594921,8.03364671606195,7.786099728261651,8.33311433435824,7.57164042544165,7.47513115434927,5.09209352205441,5.771285880095039,7.1336491120867,7.600858628764829,7.50533468739676,6.1884581234602205,6.26248518722612,4.346113884861319,4.977189234222321,4.96348200156954,6.988016770216099,6.15774016272217,6.53913056165475,6.16911636203348,4.16072474516738,3.965805433312,4.92581257722029,4.75162298366519,4.98980670365069,4.82410123820011,3.9254801898247598,3.26625056041314,2.8298886774209904,4.728998168288769,3.94859737166632,3.76424780612889,3.10749529109047,3.52998665403683,2.0248118824096797,1.99091553613373,2.6919506426173903,2.8345321849443503,3.02967348693026,2.35213324174294,2.48739080740457,1.5792293098028898,1.4551866943591398,2.1468,2.302,2.3284,2.204,2.1242,2.147,2.1446
District of Columbia,0.145807754884137,0.0279027835077725,0.0605934383854256,0.0782457073888698,0.14256289831535598,0.23220781190451398,0.235494025659806,0.335165996044434,0.398510846740925,0.50030173026395,0.6719516945009429,0.8428934989878741,0.9880692731686559,1.3427673367916297,1.55865886782392,1.58954206142401,2.03848695186104,2.35756264343375,2.4814946685771,3.27213075467583,3.20289963091375,3.3784736035184597,3.5727673143891097,3.66308528538795,5.22964696791544,5.29899514268022,5.40169686008902,5.92376776042279,5.677046654317991,4.5054474100473705,7.10728098137885,7.50366124258091,7.04566827213161,8.626534135389509,8.29619407929062,7.8902013905026305,8.500834702217901,9.40908081997993,10.6379481071413,10.4514791073526,10.795380648464599,10.0092415452746,9.57276160377372,7.727869322012951,8.221015989717879,10.7427877309433,11.052539499551802,10.4317804138494,10.0824549673805,8.994951937221419,7.13982015000385,8.451467940864308,10.107071802092301,9.618303586072212,9.46840175149592,8.579616614633059,8.03912552780869,5.8809995837980305,8.38073727210482,9.186661496891132,8.58287651494731,8.6567405249343,8.95694700721745,7.32471655417798,5.407743748553539,7.16701944893764,8.47075751837324,7.741632827270969,6.95936212339261,7.3463858197694005,6.409875523419111,4.76602341104012,5.1905001196401,6.4275780548913,7.334347141712411,6.73219112737934,6.14388634470971,5.2948935536612804,3.76838186238132,4.92189569893116,5.4806471683744,5.05773933788878,4.85753441157343,4.717647150380491,3.68394159292188,3.0674529700252497,4.01255380852667,4.55584820429125,3.8454004386632095,3.7494298982570697,3.48867763776447,2.9946680035447204,2.1177954018614797,3.1978944615218197,3.01401435289079,2.9849026782846897,3.00668662644485,2.47326038839648,2.29381706749731,1.79436493898339,2.2514,2.351,2.4824,2.477,2.415,2.3516,2.3922
Florida,0.3658545139990229,0.438828042038166,0.958794389044523,1.05272546231659,1.7590995459296497,1.7214793881353603,1.97883941980822,2.01822433097192,3.4995656497186802,4.056872756746,6.35767363470956,6.678533086502429,8.92064356069678,12.344864658287001,6.98523848250526,9.79002088151478,24.830745496385603,16.486359043552802,33.7527798186467,23.376690068603,23.497892512528402,24.712840310844804,19.2110840646683,46.655476622776206,37.6499320238361,41.2884147381286,38.4952180986949,41.6363888872957,19.5363015019058,22.9211236138542,59.1874014518834,41.015811237430604,50.281494314331596,45.4903823384509,30.196232876181803,26.7514665157165,32.898352345467,56.7429636432555,47.161980909551204,61.6098006176923,45.9332058317653,28.228986770825,21.7804282132258,20.1076333622187,58.1312643782227,57.8043163698684,58.7331870427024,53.4152311684836,38.2347190239865,16.8312156410877,24.193950522283398,64.72581159926129,72.1647337002067,66.8676105371566,48.7063512213645,48.9932925972095,11.1966800358249,24.7496982411165,55.0740999219479,50.3729195378094,50.94094039356871,49.753480481709296,42.0555832012146,11.3856778061745,20.988329203708197,47.8293101505698,59.2406762449128,44.5398279818078,44.65351377153521,36.782955118413796,12.398104315837099,12.190540264030302,18.167924514766103,55.387054792985495,44.92882492454821,48.8116275735762,44.769105229763696,12.4016223942256,16.308413855048197,52.36574313377971,39.985730971300896,39.024247604912205,47.9028035998124,28.7273685428725,9.9899055320231,14.159811195829999,48.9512179741804,35.834451608917796,49.9069044995914,41.007147725790006,39.6555161590136,7.149502147202389,14.8717941943481,44.517596518752,34.8318604019638,48.854614846893504,42.0250030588241,36.336728607433,8.52557926658558,14.019756986289,26.4628,22.8436,22.9976,22.7142,21.7084,21.2866,21.74
Georgia,0.252369792672347,1.0821043673717,1.2864676460706101,1.9432122639618001,3.4584845462599505,3.25436074681351,3.09342056364051,4.08867033561681,4.5386409292086505,5.68871182745288,8.71615126751712,8.77915762925418,13.129462101216399,8.30959270851316,10.0592997066027,15.9597100392926,24.5352517750783,21.6195138029462,28.116622751616898,20.491397459779,19.884442483375302,16.526995949649802,28.2277975122039,50.357732835938904,30.4143585157129,28.6676056091349,35.953723219043106,23.0675752685845,15.0810915700835,38.2481765261385,46.73471481227,33.9741370705088,40.6153452069047,29.8808626230854,22.4090426638273,22.0156500051739,43.60088930151301,48.77060994309711,44.8139185813745,34.937063184813,24.8886377338498,19.2841667453425,14.835197215715,41.3748301852078,49.8532628586861,63.027988907410794,35.806285692581206,33.453903267301804,18.0386725736716,13.51999580578,46.0736531368339,57.84426002374661,57.6081869947112,36.7725667031459,35.970766664015706,17.9696194734062,11.5880613716548,35.8365692657076,50.7329912009965,34.4499060820174,45.610452623972996,36.223954773660104,13.3481374996554,13.1366319783253,35.9728877075209,56.34377388903461,32.3091757382307,41.7767123593221,29.067501303790497,18.4139442018228,8.47893612410971,21.5937390841715,34.6427133395431,40.8744858409131,32.4193198507787,33.314037287108896,18.3439523325753,15.7371440413656,36.6585440724741,36.17053113415329,28.328713607403397,27.2123339222259,34.781297354871896,12.217154949843302,9.551563757305471,32.242836632006195,43.0965495714842,34.0442149810805,35.6646967243792,30.989893530311605,16.312602769340803,8.06165325222006,27.215448307711302,31.7190663197512,32.1006235384374,38.8839780690255,28.1665125535606,15.578115990097402,8.83716059152458,13.4585624385808,21.8166,19.8046,21.146,20.211,18.7366,18.9908,19.8622
Hawaii,0.10583114184840599,0.0314167392388226,0.0356222697294174,0.0651502217651315,0.0828360562230354,0.0866076711415826,0.11307125375832401,0.11357031585877803,0.135592472806014,0.17740887210831502,0.18323163501002104,0.20699075708041198,0.263137502503365,0.31794816716399,0.261851477628949,0.300528593456671,0.383392771785889,0.36910890777665506,0.408948963702875,0.431757557453942,0.4025323975045,0.43776177890183704,0.37849491882796993,0.409872123660049,0.44812202121259703,0.522701967183246,0.41403386694348404,0.5102313029760379,0.33593191658656607,0.28513907488392,0.45046185706581,0.3773810049953821,0.34149382427296804,0.41631428020421796,0.313752276180522,0.313046144451108,0.301846286589169,0.345064106268166,0.361824549934932,0.38212651563065203,0.33694097213590896,0.254707832235084,0.261122555035947,0.203862628522332,0.229810181045586,0.207928738722046,0.254458199947496,0.23635492138928302,0.20220442056891397,0.176519172535621,0.130247197247114,0.18719580874213898,0.16772740234582198,0.17910346719655398,0.151656931940305,0.149501139514146,0.104654616333741,0.121174842950715,0.155308491843879,0.139956483508516,0.116105033521215,0.141844651215173,0.15583196220039902,0.0831447950763922,0.0836965713843259,0.122413939037275,0.135655449746302,0.0992849397414531,0.122663605232936,0.100967222141133,0.0759614966394229,0.0546502335272176,0.0848177624290496,0.120051053922709,0.11468419536591999,0.0939323578310445,0.0970141033884363,0.0576059588052124,0.0572714905542388,0.0922590618947378,0.0840165014305198,0.0923159011210904,0.0881877668817141,0.0697678663730826,0.0411011452892891,0.0533869517574341,0.0801819059173266,0.06965945071065499,0.0777143283629725,0.0732998047774626,0.0525964031435792,0.0313625295730915,0.0469162978270925,0.0797543902705159,0.0645434764716035,0.0678481608435376,0.0704860026833488,0.0556526984656669,0.0314418102230237,0.0452747356491875,0.0334,0.0354,0.0322,0.0354,0.0394,0.0356,0.0344
Idaho,0.0342394108926191,0.0126224543830205,0.0230481403780204,0.0590720654758275,0.0883958198540443,0.091502890315407,0.113943488773321,0.11785560747225801,0.22204967240484805,0.258282553737569,0.40935680638055494,0.47607063457776794,0.5992257939290191,0.865835897917725,0.535429964954384,0.803269376679673,1.86583274377018,1.22661040019522,2.0244850434453703,1.47379127594332,1.55894601473014,1.32299354229551,1.3076956398769801,2.97749918668557,2.1486115090826203,2.53469136693116,2.3528712896879704,2.12148917636934,1.0493868095994199,1.22915400042658,3.1600041135291406,2.24238242095317,2.14636204196102,1.92625230714154,1.25423919136076,1.14428704692893,1.38236411940636,2.5864863212810896,2.0306492306393604,2.6243653652046,1.5944333016889098,0.989157762644078,0.709955282091268,0.7797909106120101,1.96396208319958,1.5430878569696103,1.55464125367262,1.37088105756497,0.9471942416108661,0.431153867593813,0.6529271370735921,1.61172936281692,1.4932533805955701,1.30120092467755,0.859148156294213,0.811069844786567,0.242340480315597,0.6068570754793929,1.1888482570202599,0.9398900519684409,0.864421542090756,0.8214916868160659,0.650240940626541,0.212233701560838,0.409803039908669,0.881902511668389,1.0825298998761501,0.6349466612832111,0.6742630974679239,0.45575394067203606,0.18186666722574202,0.190703385493256,0.321209584760316,0.937018574249839,0.675615565519697,0.635172997956903,0.51319917282742,0.161210048557251,0.251268289632179,0.716405250574092,0.544620115990967,0.457748362928365,0.5491196218857191,0.29810330752043895,0.11111733184663901,0.20528140655675198,0.693063607741964,0.397197426725304,0.5467708935253061,0.433663195929615,0.30423215771002804,0.0687213462203315,0.17803952962863198,0.53501893900563,0.380370677101659,0.481864961469316,0.4067082744591439,0.295687894343469,0.075473326650903,0.14869766705822798,0.2238,0.172,0.1536,0.1706,0.166,0.1638,0.1602
Illinois,0.259141680414825,0.127435649918996,0.468326613785502,0.64434266262385,1.10042007666368,1.34425771845679,1.5290032688211204,2.04021764738135,3.00379374254134,4.34109278157797,5.80595588055259,7.7841948634828695,9.66343829602319,13.308330539598698,12.074048411240401,13.5694981734174,26.1146228560747,29.454483493611804,33.187885242686896,38.6624770366659,35.089171517652,38.7791536363586,37.1688709363047,61.1659506266834,73.7876937410056,70.97076283687191,69.3018273942094,67.9686290715146,53.53482834059629,50.46500127268379,89.6015957772578,105.789869230191,92.8691852798575,95.87832159581758,85.0994778605822,71.1817547720363,81.1371760971841,126.132558330555,128.25242762015802,128.763109658292,115.538252162777,81.184693813707,64.3776277837973,64.2740136264393,117.993744138303,150.14927404809902,153.70231705813802,124.952975734058,99.4602398920911,67.2144698478898,66.42835566618571,151.897899191546,170.236426102065,154.465730671958,125.22326442642,99.86630400679,57.3554883333001,59.9514240223195,126.26213103671002,143.514751835622,121.67131616241501,118.889972967379,101.086502656227,49.9136179457126,52.7376484276916,106.927442235699,143.556936086054,104.250947160431,95.2471213321961,77.8267885374862,44.0556573343205,35.932054179797504,53.4174902036671,108.408203238746,115.387870847138,94.5207214252558,81.21539955457759,45.4868042965121,39.2438556841971,86.78483813899919,98.9330805630365,83.4575551274333,71.6030057851702,61.229001852216996,33.0280898939809,31.1499771963726,78.2891277020468,85.06821231779199,75.4994236301933,69.2206553913831,56.8203445737749,25.895096344948502,27.253822301995697,68.671635535573,72.1652543928828,65.79939695260879,59.968171800462294,45.2558930629737,22.345480822504,24.621346848386,42.7658,42.652,42.0544,41.1296,41.0464,40.2486,41.0318
Indiana,0.0927999964831644,0.147709523144922,0.309714786862576,0.36320321312031395,0.6644498807965451,0.730423328911674,0.8762450944806249,1.0628585630574499,1.65289029318999,2.3219442291079,3.22257718883188,3.9358118031737597,5.35705036499004,7.184257239654531,5.15118419367208,7.00734966444806,14.2954490374371,13.149178945885199,18.1119975104315,18.1571909093528,16.6447753011091,17.156613790582398,16.921297633599902,30.053101937582102,31.616339689292897,33.092977761696304,31.060924149400897,31.699016064851303,18.9690683771752,20.5222199514832,43.943262892346496,40.1739728416544,40.8723593892876,41.830676693396,29.7583489564466,27.621741777809998,32.585236647242,52.35621664390929,48.472150129891006,53.911535554234895,42.63129347081121,30.726442087312304,24.093678105966703,24.5053947712818,48.721594513690206,55.0407608709,60.3078338271037,47.8549116470384,32.748511064243495,21.7362844159173,25.633012675076603,55.7938320087727,67.7473964608031,54.736375454410705,43.704876892207096,38.823727332460706,15.739956391708901,24.683027244759103,46.6732113567867,47.613218531083405,44.631100868904895,43.7789779837625,34.5205526306329,14.366948049725199,19.954878682017,42.2760564126821,49.1825938017621,39.0891598441097,35.195685960626705,26.7524996153795,13.492746082402402,12.3417525726368,20.1475791085674,39.8310881688945,40.0179530138447,36.9449015154991,28.7552243082172,13.1400086551656,15.090923494659801,34.438036051022394,31.4337899484657,29.015492594450496,30.0506094662878,20.5006005665965,9.30689921386129,12.1760330765732,29.5466420018637,27.293702307540197,29.331663375541503,25.082854173797898,20.0545041540239,7.07311234407873,10.9964129101296,25.236026200114104,23.2013810238264,25.8963809595752,22.4871419389646,17.1338588340932,6.494096439591581,9.81108485912019,14.2372,14.2184,14.1156,14.0202,13.5866,13.1976,13.298
Iowa,0.0685496474443011,0.0268353658936109,0.0427619505841386,0.0577908129436498,0.0862441428500755,0.12134510025950099,0.132813787873942,0.17649692075420498,0.228804853952985,0.327674489491832,0.39737744649617,0.484698107972468,0.6419702230055611,0.753239516231063,0.8114575282746559,1.0266019484345201,1.37317386876659,1.5457362797638898,1.72408347808628,1.83348507289007,1.86078431988121,2.1346704081101002,2.58263494947868,2.69500306524136,3.4644604611473797,3.58902287925834,3.54666146353953,3.5147952219602,3.6218290297367,3.57037759602373,5.44580423130762,5.744071623360269,5.45472633620955,6.5246637637324705,6.255785635538219,5.8504321787893705,7.330962752667331,8.632002415217071,9.67262005004121,8.923114744485071,8.94409913597148,7.507879458043389,7.37002609894633,8.29514223123067,10.299878658741699,13.049162853862601,12.5183357701102,10.9754077608093,9.020250071498019,9.291166713281369,9.27899399360009,14.5330616585393,14.247135124199099,13.2396459428142,11.4972448748086,9.163964582071099,8.87977098632029,8.77864581177151,13.674700588208301,13.7199864140856,12.671479768382401,12.652387370292,10.5678309605282,8.37166132426767,8.47583383924084,14.197365951680801,14.5602565539518,13.0020308581588,11.1401085985352,10.087351614850801,7.6711130768573,6.9731900216259,12.5748526982973,13.848591702925699,13.965930857039199,12.693924762137302,9.27482467758025,7.60868718929909,8.96029964003725,10.659114561891698,11.386145712613402,10.7349802194268,9.03420078982152,6.7818265449523,5.865097609183411,7.73889639007177,9.502658682865471,10.742769630692502,8.803395123026538,7.4598517560529505,5.593232766346719,4.68703030753669,5.85229050272792,8.11878151187601,8.023603300577319,6.576725085949169,5.9780327396871,4.0244652032562795,3.77013057360805,3.8714813657677,5.005,5.1682,5.308,5.3764,5.0548,5.0998,5.1256
Kansas,0.0301745237569019,0.0906009021556661,0.0699512453763566,0.13167416576937802,0.230739058641935,0.226096474033469,0.284139372537406,0.333919150548215,0.46201856322573,0.5549776755872309,0.833767100092516,0.874323589552049,1.3148496099931102,1.2717665303836498,1.23314873567009,1.87488870274898,2.9013880935185297,2.11456308732324,3.44224291298921,2.7329969564743197,2.92219763194332,2.6221659126222203,3.39064355702695,4.99988860784195,3.78910987181659,4.6004300648705705,4.31218514752277,4.74754476123234,2.4407805973217203,4.3541884215522,6.4250567357557,4.08891119849162,5.61450710634788,4.36568797412787,3.44223090739365,3.64837470052016,5.098236982161731,5.8549356179835,5.44080105892839,5.5087506198309,4.13187604515279,3.4571353440020602,2.7276324228788704,3.88936180060426,5.41146114757413,5.4958925972768995,4.06856334430766,4.47786059395175,3.02614943159458,1.9336323440929999,4.48079935811661,4.88621965209409,4.7465403525312695,3.6824610008357297,3.2215619693186097,2.9214401991786096,1.27192361936503,3.6345543006709398,4.13791070417235,3.16358264248025,3.36540288994142,3.24452403465254,1.99596142268069,1.39351771076031,2.8452378740251296,3.74772185116728,3.0817570243426697,2.8679687298732297,2.6415449386427,1.8880874278511,1.0996859067970401,1.5828849598530301,2.29935298940216,3.2108949576917003,2.42064960076565,2.51192343812943,1.97354290977257,1.10612366834248,2.02262449489528,2.75524332299151,1.96279690255368,1.96563747122099,2.6510844640397595,1.18976757552664,0.79133512141913,1.8795450149629598,2.4019090963818903,1.6670042680253798,2.14217386151549,1.70073006983272,1.26844144382055,0.5634447768226271,1.46295536614028,1.63119266275933,1.4896509265113798,2.0065560634857498,1.53996510356498,1.12030565231151,0.576043319785318,0.931069589965134,0.9256,0.9152,0.9252,0.9352,0.8859999999999999,0.8698,0.9138
Kentucky,0.0392868776748478,0.141415083732435,0.10185283954183999,0.179084154812827,0.422738992862174,0.29997773096536795,0.402292908697593,0.43084695700246795,0.7026984583966128,0.880072261305554,1.2830971348340001,1.4132972076373003,2.2042614265951004,1.9040590726312199,1.7800032129127699,2.83390501405576,4.91749163173888,4.36845271271691,7.23851545903347,4.358506610982681,4.87412172044768,4.07019117774028,4.44119715915832,12.1403991640029,6.610088863874379,7.567535091552839,9.45567458864802,6.1883449704437,3.8238890752198897,8.07714047291629,9.958668988579461,8.76463705071585,11.2210936301145,6.8870384006315195,5.38486373787444,5.44339652874958,7.8506676883295,13.2712839499198,10.343921301785699,10.1595615364569,7.370334557434781,5.3038090596827105,3.58432487514421,6.13859358102792,12.294284225559098,12.7916579879635,9.263051056590472,8.39812912567278,5.0484087678572305,2.9074437021070803,7.2544544578453305,12.5146512802476,12.7882244960649,9.126223997995199,7.29504606342466,4.90503284500894,2.08207145165484,6.40843447086241,9.16014608634429,7.52737819138847,9.11198287341782,7.44554226872462,3.63191459142443,2.1681812553927298,6.25733301672938,9.42189781549713,8.47654073997384,7.95675127368956,5.82671413911378,3.93739507948734,1.55605997744093,3.12440291611437,4.4819796045745,8.597308465626941,6.77323972833977,7.14880367643626,4.7704962738315,2.01031938946022,5.120512234936419,6.550101420705889,5.829396473717559,5.80621111222561,6.50459993892058,2.69745901037063,1.64000457716096,3.60695027398542,7.534627118272491,5.474997948128769,6.812142773785911,4.44115242012035,3.3671343579503796,1.0731251891395999,3.23658967068781,4.35762972577747,5.6328100625717905,6.22494636872671,4.37939724864712,3.11353504884472,1.18936781149375,1.57779215089445,2.9692,2.6572,2.6814,2.4176,2.4378,2.3982,2.3884
Louisiana,0.7182458544824458,1.1048535677615101,1.73226816131917,2.7678660343116097,4.06334740838805,4.07952013730036,5.51842053868171,5.53923595222286,9.598251026415939,11.207133200262101,15.6638930562795,17.748015763792697,22.7108215835038,25.976596210092396,19.3385544022964,28.8880324775771,46.72045003117479,38.537037577513,53.214807455037096,48.17553117877,47.3214729091294,51.493664375604,48.455518870968504,76.59171996084692,66.4221364963674,74.1431121825856,63.7250146166182,64.5570710456328,46.212415557936204,50.39125504737989,88.5541854135582,68.50260306793041,69.17189477292271,67.5136487463289,54.053180948785105,47.987423422374604,56.0309749564116,68.45758242427729,62.443609253706995,74.7043418547315,53.750254106576,40.9120573397306,35.5819943427319,33.3784904865129,61.602690255493094,51.537113461420496,56.464851688343295,48.6525223578564,35.1608612386379,23.861648651682803,33.625791313940894,52.7933287776494,49.106611569143496,47.533466231116,34.9034299678503,33.757591533498896,16.9648676159019,30.4623420709872,38.7769514724654,36.2771799699937,35.3072909486482,33.4983840822225,27.8656545593819,14.481491125017,24.697806238183603,30.8043113347126,33.9316923230581,25.746492281768603,27.144528466809696,17.6127155317027,12.824938231205802,11.3342374503599,16.4458926434179,28.3995491552256,24.4019710585811,23.150499753954602,19.7467060957103,10.114828111301401,13.065662830819399,24.5678507224657,21.206724449039303,18.8163742085439,20.350345371817898,13.2240840467206,8.072528174040281,11.4393926310075,20.169659030281302,15.500470463589899,20.2249599841057,15.9037905450439,12.8102044352661,6.499106313308929,10.736564687885199,18.525096947298103,15.414425570731401,16.571052123860902,15.107166018958,11.6261785262119,5.5185027459163996,10.776308747935,11.2124,10.5262,10.8032,10.1836,10.2166,10.2898,10.3324
Maine,0.0261827035966241,0.0172868585144726,0.030245145404242002,0.0572710458606693,0.0755835439424429,0.0863930391006396,0.105880214856282,0.1080360707009,0.17472839319592098,0.20780270270787102,0.280746284034381,0.327729664274372,0.423627001558978,0.6092824073132211,0.41999076588042,0.57801256338471,1.09152002808891,0.7544151491482,1.22112948891025,1.06485854543203,1.07530116511655,1.17750850677675,0.932090552987938,1.56072254454725,1.5811357209083101,1.8363710436457301,1.46733286053029,1.78536234463864,0.967101349392657,0.932085043932818,2.3860770070602997,1.78004905625204,1.74625901236626,2.12452703977209,1.44215644636942,1.33391553451339,1.4999089125564298,2.16322260320862,2.08134919563634,2.6166775132409104,1.93487012581045,1.28387829952776,1.2480330616378401,0.9528439153257979,1.83276196376938,1.60629341172124,2.06229324946172,1.83400321056262,1.4065311025073701,0.880277891334327,0.9022494794879741,1.99486789587504,1.66533858857256,1.8402851845571202,1.2742999306449798,1.4192329052596,0.521394011935085,0.949470083183418,1.6863444843207902,1.3428988371363701,1.1809112540146298,1.3683281886481202,1.3654421799646599,0.47793714566645,0.65790552637427,1.35993866575073,1.58862990502674,0.9913950504310791,1.24878187444225,0.941200640703264,0.49588471747434104,0.387938819707848,0.691759646007601,1.4805507925834,1.23203982968229,1.0476313369682901,1.08798422128905,0.3782342492000879,0.43915963929630397,1.25491272642486,0.911265250686019,0.816239708546093,1.0094105129902802,0.62152688657195,0.275307485555645,0.4296034942858771,0.9953232926914829,0.6668029259769499,0.9062927015970992,0.735825368788731,0.551645857509187,0.19510719500058302,0.394991808179146,0.91838836847076,0.625410080390119,0.734581679509614,0.6456729141136279,0.477517982500318,0.174099371219861,0.374740124197215,0.409,0.3144,0.3214,0.3288,0.3324,0.306,0.3034
Maryland,0.0642324389828082,0.030075864174897004,0.0679751859123384,0.106237115739934,0.199090918508773,0.328715753536678,0.364572921500344,0.504757949866253,0.7062109059844859,1.0087327066638498,1.4788206322771498,1.79846695894183,2.4259994348342597,3.4738114995986002,3.78773480910411,4.50343613310648,7.32574369963068,7.493618865250981,9.29752998437088,11.122460293958198,11.1473664639449,12.719373022811197,14.5923284438428,17.508627701385098,21.328814714818602,21.9104170459765,23.6772813996627,27.515697857093702,23.780058279752197,22.2472755276194,39.0547848681044,35.7681069771402,36.103238933946,44.05946079486779,44.441493740854995,39.2281656720511,51.5180533720093,57.8139619863249,57.59608878372789,57.4094849250564,56.2709587857932,52.40052330672879,46.104846987511394,47.698061539144895,62.3314696538091,73.0818745143637,64.9723132812495,61.256337506763494,66.885653316166,44.5167532453278,50.881150616557505,69.9983449148124,73.69812597517671,68.56922721552729,56.56245099416329,59.7341939135644,37.058188418632,41.0610954667656,68.9450565494871,61.064519634665004,60.292648518221796,57.969810445269005,54.8830998446268,37.7983550717745,37.9934236337523,58.6240941632988,55.96986197945971,52.4496384317599,47.0922926906176,46.9436614936956,33.0379085622198,30.6943431785414,35.346175779206206,50.896219117275,47.3601340656761,43.713990123082,41.4847252265443,29.396980066933498,25.363200866389498,40.240071299627,37.176178074675,30.1084677088248,37.8867949764226,29.580328510160697,18.893700935406198,21.4106609200702,31.6928619422306,28.6083563791844,25.355743016066498,25.1150982745048,22.7090466457517,13.3993508482837,13.0930859990121,22.985840485919198,19.6760889954234,20.3864495502024,18.5755238947332,16.4967196545084,10.9960016582439,11.051144551798599,16.2918,15.8646,16.4572,16.8314,16.4898,16.0612,16.6464
Massachusetts,0.253163864937376,0.0972793083946448,0.19736937465855497,0.35104153684455996,0.6214222714463089,0.875586233839182,1.16766591990455,1.8714061999017302,2.5238489236572,3.55866141180035,4.996723679319559,7.21241159482927,9.026546401600982,10.1311442204617,14.3998694382794,15.478829450796402,22.2442551929707,32.1433606324932,30.3867888552312,36.541900538556796,36.7237858849535,38.1786559785383,48.9173496931724,63.90256191836821,71.6618812191843,73.45038235075991,87.85386440219222,76.9714788419076,86.10930109826309,89.9963124383318,85.9210476483466,154.915627485726,110.056506063974,123.22848841639299,135.48320754032198,140.328494617503,137.395375613254,168.653923894207,175.65318769299,149.099094074559,159.253185863847,143.850751853148,121.481637306586,145.508570761124,156.36709898976002,203.77721004424302,168.744770908715,151.406638657094,134.24138632263,129.34151530125,121.95709074691099,156.897644140249,188.252753271639,148.499923745879,140.803667596198,109.563365663247,120.925208152572,101.960220584463,126.26379449199499,159.776511646162,140.16749605703,123.77323126172399,105.56951592981899,105.604506668278,90.9249278887863,105.110455834277,125.78044890382,114.688910197992,86.24197720393991,83.2041827911653,72.71726741949351,72.0731345727702,76.3572226138553,87.50665330455271,94.3467935922317,82.5370068110804,65.871499507623,69.07498072490151,68.4616406423892,57.9403945385351,78.4888285165563,64.1960173477002,51.8757878818945,51.484266151492996,45.8374112437951,41.1912068739174,51.4572719958445,63.6580596687768,45.0612614073544,41.1704650107258,38.831982701750604,34.7670592248749,26.622776153036497,31.285786318063998,44.8900476860369,32.366400899079196,31.4144543637897,26.9105038800392,27.174860849165803,18.7266273212922,28.8682,33.4772,32.3632,31.4708,32.1418,32.0022,33.0204
Michigan,0.141912077290111,0.23938748894798997,0.509238690018384,0.841786270354432,1.92373070201297,2.7504067506122203,3.2009869158489597,4.2916237538210495,6.665622710824981,9.215691556588132,15.4634903368956,17.130906778373898,25.633895152676896,31.1816066004111,27.4621658586503,38.0085858180733,72.9039702331259,57.83909603353129,93.66522346159479,82.6952104577052,80.2360139625028,88.3389200080645,89.8945636445294,155.330218857527,131.381377811887,144.970291237315,155.085920299499,165.26839623094298,98.8665909699047,112.906057639854,226.06282452896198,150.917755945391,172.500518633437,181.62906253667703,132.963930206861,114.092108546359,137.807581734933,182.222635352014,165.402368575947,174.827769874577,140.656770429154,109.60253300676399,90.33543966099258,86.0306923935787,141.167995544686,138.355453866739,118.342753990229,117.560167902465,96.91523296040471,48.0182965041555,72.0012110106366,102.953873049535,104.98432750241899,99.32740684313009,71.4081619706787,86.43691060343741,29.280630428050102,49.2702182070619,89.0102364548139,61.973468970697496,70.2890098502062,67.2966286741984,54.6815660758054,25.767410397609503,37.1138579996249,61.756033630552594,53.22479279632,50.1132567155605,43.3025322768231,39.7071464937848,18.524099088199,20.2855477516497,24.0927940960412,44.82819994304499,32.3142418641972,34.6525182267634,36.113496191078205,16.4088411904322,18.440892118843102,32.4901127956153,24.0486775126243,21.7042139588731,34.7141868482162,18.096928264251197,9.27880383089275,13.735853150358,23.927298362159,16.3264371868201,21.4930593567257,18.6175930557071,18.177168195156,5.91307510946776,8.82034561214453,16.377358058044802,11.8690910729373,17.0474108576588,14.388566650654301,14.325469821898801,5.4441566020411205,7.5450410997514705,11.262,10.1548,11.3032,10.6962,10.4112,10.3234,10.6222
Minnesota,0.142082390693897,0.0257548498488618,0.0649599224156325,0.0690681923646624,0.134764984560823,0.20603987628974402,0.206012965243245,0.248080059358618,0.33508876202753196,0.46783214582935706,0.5888516594077421,0.846972678785689,0.9375823490927958,1.33098011477254,1.3971630912044999,1.41460328444679,2.19418252748451,2.80123760459305,2.64127693447696,3.80945394833044,3.3994431794108904,4.0830460719995,3.83590896228845,4.41251177494138,6.4512236340393905,7.25370405571717,7.03671989384843,7.34906575936016,6.966513461543701,5.26443759412274,9.22283132304495,11.603156462865801,9.663123198716061,14.2304211857287,11.972771378917198,11.479763136723301,12.667023132404198,15.6270737568326,19.0450283655569,19.1745249552018,19.3109176315082,16.5403106932405,17.024807544332,13.1937901922601,16.4316025928374,22.8474402025027,27.224453489852,24.955002338599602,22.8932311862422,19.973999354242498,14.0516119722364,23.1779087257198,29.1604293558755,29.5528507151133,26.538215851234604,23.9443684632516,19.1508310211381,14.5040909673859,25.6886829037431,28.444630421652697,26.1549012921666,28.3123592869088,27.8946536889265,19.301218634604698,13.6566287923684,23.0861676032823,31.8962257423466,27.984032853929,27.0325141862955,23.5678932921725,18.845755330364,13.265156306796,17.9978541721102,26.8957013235244,31.5625262767588,26.911717465124802,25.853276374739398,18.5823939250694,12.208818002667801,20.7841638100195,24.9482805593647,24.003361255317103,23.0576193831429,19.8587587281834,13.5722127440178,11.2207898042585,17.7348339402096,23.2710007759969,19.378691572095303,19.3728241039328,14.871711034373698,11.838631100327198,8.48786936478177,16.7063116224889,16.692589162092,15.880053774458101,16.920515726892198,11.9778285612819,8.93147693927762,7.59340208378636,10.7444,11.6772,12.8636,12.717,11.9962,11.7684,11.8242
Mississippi,0.113868852991021,0.127951603024129,0.214332100797383,0.319927038024646,0.415973529112491,0.43826988076973106,0.48443462191049397,0.573262770976603,0.8343597809216898,1.05800961349179,1.25645563428627,1.43870817516435,1.7704771810986901,2.54829645319558,1.8876351530951798,2.53072662874274,3.8607857511563397,3.19237807050817,4.25731622715038,4.30920765013855,4.47322210486393,5.04391034567569,5.01546199677835,6.1424897085650505,7.193240394972349,7.76837804228989,6.1953673728467695,7.731727680043651,5.80360041570225,5.631074552415449,11.1949323286888,9.402127275746869,9.117180478381,11.2792024229409,9.70708158992427,9.83417782118201,10.9957048738546,13.287703408445301,13.542429024021098,14.286928784152698,12.875314043097301,9.72128704188824,10.4537751814693,9.59356755220952,14.6830089323935,14.3030836087498,16.9488662908519,15.5944474111036,12.4619709589084,11.5883446253857,11.540804993248999,20.8953936254731,17.9846490813292,17.9991019794582,14.052039989335999,13.348588763545498,9.18456104755715,12.8674199944205,19.5265756662302,17.693894320882197,14.307832417065802,16.2288608015497,16.0154671719855,8.859588228040279,10.2897951147098,19.570312301503197,20.153413308029002,13.8558412468261,15.9310898576011,12.447844980139301,9.01630727067619,7.4823124249974695,14.5412177835116,20.0270004441804,19.2578900972333,15.515156805276598,13.404203039504,8.06997578463169,8.56738344207927,19.2215464438488,16.1313688738362,14.9360585502498,12.0970561792015,10.267288140004599,6.779736476150401,10.0735955286869,15.2395348617904,14.2500277373152,12.8495021906021,11.746704433155301,8.9717864468417,5.402697909596,9.3089884136348,17.0077833426589,12.7388104527766,10.673396105122,10.0172371390311,7.030860549366009,4.33859915990008,10.9409395661463,9.2848,8.4226,8.0056,8.3392,8.0638,8.1622,8.3012
Missouri,0.106911820595994,0.0747438524116678,0.169791179352958,0.23710239254471202,0.423924995811071,0.49838651322097993,0.562160584984969,0.647158734911824,1.01110155036469,1.36735346848474,1.8831022935147,2.15339669935946,2.84715196698204,3.81251085367337,3.25834387048118,4.02759452806803,6.8874272749113095,6.592345202337871,8.63086156184357,9.148803907795461,8.201376044368871,9.054930595260881,8.64873390664201,13.444053196978901,13.8345657719733,14.714501013697099,13.545284468691001,14.5256745721068,9.5092131757546,9.93147339719711,18.244459974382103,16.458074907781402,16.493254593547498,17.5007254719569,13.4748963055631,12.5086455849727,15.7022727128314,19.8080326488072,19.903516774373102,21.062730608930103,18.221540685647604,13.1535616237291,11.2341848149036,11.3215751921737,16.9467367966611,18.1830754824675,19.8735659117037,18.1275365927926,13.889437325692501,9.601351582076811,10.7826886209234,19.1496066245633,18.8818022020313,19.567946624125,15.6017671130752,13.347967542032402,6.9581445226092695,10.1204575998157,15.936948653475199,15.6614485044287,14.1934045148636,14.968586757483001,12.2973836235133,6.36703544507091,8.04733546204942,13.4920719523528,15.877717094886801,12.6357287772455,12.460593955068099,9.26244460101901,5.480549931578031,5.10562167992504,7.49037409530654,12.4132771610953,12.860355814538801,11.120968322695699,10.2899181559957,5.39201695816903,5.58545285494007,10.7378892283163,10.017300011087402,9.8828196027502,10.5287888586359,7.0024971087136,3.7116443517305,5.09972091396589,9.60311597538242,8.57248372476864,9.40781394075698,8.977365051023279,6.061139581333129,2.8985697708991003,4.25893543936048,8.096988792858241,8.04015705318413,9.710039317798831,7.97418268081025,5.77931295088222,2.6150456596400202,3.7936737863409102,4.584,4.3642,4.5586,4.4388,4.439,4.1458,4.3382
Montana,0.21549282202077802,0.149189046710726,0.13406798144302803,0.160326281422909,0.18117951734062399,0.18682663839115102,0.218123258418703,0.220830780546939,0.25468990828927496,0.248053585266276,0.29418643625185104,0.284769097875739,0.328778637305628,0.38355691255310104,0.306930995620685,0.450775028243113,0.438321844445849,0.35826263002609904,0.42327425731198104,0.408047106590139,0.422937251646081,0.37509343200164297,0.37982876958203204,0.416847860900786,0.40920947265792496,0.443876093675603,0.40615352105362296,0.41604210103266,0.30983920539481397,0.370800333396861,0.49672436137029496,0.35699882844901204,0.36461845056287395,0.38473043155268294,0.346914785145298,0.29980635327691807,0.338685425953412,0.4082731343453161,0.38455120124348996,0.42519411634071497,0.335468485395658,0.280106440341588,0.2794732262125,0.281762349022734,0.324385987753501,0.28233760017002696,0.277454756858344,0.299369954824797,0.268651718510457,0.221042080181349,0.23553704524790303,0.27587840703792105,0.236476268466103,0.23673919517074302,0.219287830668117,0.209463855404537,0.165663981948797,0.22145721300818105,0.24941232648705397,0.207442863295075,0.19947878476510603,0.207009867380038,0.18961549620276702,0.14485041847105404,0.196201820020352,0.22590703304004103,0.207923393855529,0.19457635943795498,0.21126052921957197,0.16611270493289498,0.132460165867749,0.14718062112486,0.20705184945298802,0.229046697213126,0.192849361224459,0.18469983547350197,0.17094545020823698,0.12367466116043,0.166294874262441,0.19653178127697699,0.161456524334844,0.16603845453952498,0.186734706374715,0.139769662173707,0.10196683700046198,0.15424266412753,0.191871274236807,0.147660296682411,0.17292661933186498,0.160195562897726,0.12154059009634599,0.0900045416148509,0.142088716662906,0.18493315884133898,0.156349258148007,0.16311307210948,0.160306797016008,0.125133792423433,0.0897999091912081,0.125508814041703,0.1094,0.0912,0.0829999999999999,0.0988,0.0962,0.0914,0.0851999999999999
Nebraska,0.0227836941767353,0.016448072781231,0.0132035369587818,0.023831076408476,0.0353983710932225,0.0309721371962204,0.043184351424653995,0.040710232429514,0.0854877738789176,0.146205514021669,0.146717743831667,0.178815954205692,0.236598249764873,0.668497388244675,0.186922895425249,0.434993589941654,0.6615657034935479,0.518911632137491,1.0396607660194002,0.8793778673523979,0.862548792737321,1.69440948482781,0.742333176827378,0.9249507612204542,2.01520152405106,3.2577537147518303,1.01951057008337,1.7596055796396899,0.858156501148794,0.6768564508684809,2.65300726522271,1.4044928291661498,1.96502584843391,3.24902702756586,1.4907222730497198,1.84482015540172,2.01786115066729,2.10482045643791,3.5187162649458,5.792728205893559,2.9564032169642998,1.2469863936629,2.1588118007809998,0.640539287655795,2.45378175720568,1.4569761717807401,8.478081223937759,3.6256772047483303,2.04829967175615,2.4692425834672598,1.10563775025777,4.01903770301206,2.74534401187934,7.976801038267981,2.80371471927991,2.6411122686431,0.944522478367756,2.95935959043298,3.0152375430640697,3.78118830829126,2.52864912485907,4.913708960923611,5.14545481594554,0.702555838899664,1.08068651068209,2.5661384246270003,7.47919151891229,2.27705767795258,6.067204942343089,1.4283872437054301,1.06059776617229,0.379225005472022,2.03092236781207,6.20405067105713,6.40077448263107,4.07245638430979,3.1445079577983797,0.5524868938213621,0.8315784711761222,5.549452057605389,3.6961337190791697,9.024388575192749,2.6884287413680203,1.37574624606025,0.612586321572027,1.43599347110831,3.16720369580492,3.19846014719913,8.1831270051958,3.1981175275748503,1.04901729314485,0.5483970948805079,2.64437971472583,7.30755115613655,3.67814233436333,4.67714133628737,3.85300909974532,1.0280737538254001,0.374399482301868,3.6068674990117002,1.5419999999999998,1.4126,1.6398,1.5534,1.4256,1.2972,1.4096
Nevada,0.125091709225538,0.163516122071969,0.16374999713117402,0.24360491798585698,0.5069099439424629,0.517292998010727,0.6672698232277329,0.588604110619041,0.968026305942581,0.9640434600671071,1.5309252617078999,1.79488634606592,2.2709450688243797,2.42099118635495,2.2864098641721,2.40198475548785,6.1263485363792896,4.03317404673801,6.466927450455691,4.864936844081679,4.92380948878668,4.2236494892907706,4.1362517314108995,11.413647018144697,5.77107381629696,8.236454129422539,8.48006888467688,8.25195533239056,4.83017104783271,5.1140149245356605,10.2384915923929,8.78002087609967,8.76362035302226,7.51306372731172,6.57318332069804,5.362904313451089,6.58674521519964,11.068408750922,9.00440575109154,11.0028631599737,8.15366156677718,6.380048647142449,4.357645201627009,4.63941570944503,10.6255034459203,10.458941862382,8.89721914982439,7.81437717645416,6.84941800041157,2.89018182639962,5.30575465844722,9.01068845488348,10.8602419698276,7.852752924051981,6.01881030355636,8.062029033926411,2.14142958574427,4.35235236496323,7.867585712939941,7.09069838197469,6.94394031103457,6.799095130208401,4.904990170225651,2.4368919485046203,4.22817229915022,5.942695429033639,8.73864393507134,5.7099389588349005,5.49228757185362,4.84936954491635,2.00422454862445,3.5712773339580095,2.6470841085235604,6.58823275391249,5.32860675285501,5.12816514904216,5.59087273077461,2.28314057087349,2.9434893329605902,4.90975935497137,5.27851435980947,3.31696627424878,6.143671552044981,3.63481295311425,1.59338740075804,2.17203323229167,5.49508972651845,3.83684865845362,4.9602836632915706,3.7824393418300097,4.0794065916535,1.14282507324844,1.6703124350121101,3.6622384441997897,3.7705677805682796,4.03193818159854,3.88158942632662,4.10888028529081,1.0987279316551402,1.4018844589111799,2.6060000000000003,2.252,2.2528,2.1356,2.2359999999999998,2.1476,2.117
New Hampshire,0.116101014764485,0.00387010821009299,0.0183055601150074,0.0212558300328694,0.0260066482278323,0.0457121066802555,0.04917278668157,0.0487110376345674,0.0863082087021344,0.140203541793856,0.150291708573897,0.20909497338971697,0.226064687294667,0.59248471767536,0.28453838033227696,0.314580333334163,0.616718923140092,0.793310485430916,0.730059848932327,1.25443844431716,0.936748799015743,1.3703460577418403,0.799514485488929,0.9759192344998421,2.2278500855769,2.6102199432846698,1.49277847932823,1.99772414972202,1.63634858526049,0.653184647828427,2.22010760670867,3.2374013082509396,1.8810691675574198,4.04074355295712,2.62087793489928,2.06323620319109,2.07775848425637,2.87588342825567,4.48218091790753,5.43473034418475,4.912795149871441,2.5684043288389904,3.2416424241576,1.1614279648455401,2.63373667716289,3.4013802853154904,8.2432833562679,6.00035417654536,4.63134802179891,3.7282329282751103,1.28467609970179,5.16044836913632,5.7891978361869905,9.835891817627711,5.7055607233401,5.61352418377654,2.92648492437589,1.62404476044907,5.253962734513269,7.13418224447011,4.33984730553295,6.7435630204754995,9.91951719790011,2.1886511876302497,1.1361342484998702,3.7903237828336094,11.240213625804902,5.0899836951987405,7.068153608775151,4.861300072840691,3.01312826197608,0.86921794830576,2.34845040414624,6.78010370735302,10.2251704622089,6.7497040846130805,5.995583975819219,2.49238870537083,1.0374204638055,5.73401468554695,8.135655176358759,7.49576868006307,4.80708165603291,5.13464727940311,1.68195100826628,1.22398887925823,4.10777461727061,6.868085926646769,6.27130301602209,5.96225002408496,3.51635768651412,1.8350109894353699,1.2602988141646,6.77847079532826,5.9035742272933796,4.6776090789296205,5.9218367029187,3.0380414475747997,1.2078780445311998,1.95646488299027,2.4102,2.4204,2.4378,2.4402,2.36,2.2022,2.181
New Jersey,0.726425842692073,0.275748404329672,0.857710920483345,1.65425464392407,2.70533521797885,3.2897018904811204,4.11067554841636,5.50060233104599,9.12176783609231,12.6972726605471,18.984020004243103,23.792212144963997,31.7155784098392,43.6550038654754,38.0979265929754,47.480042461618204,85.3162079851032,92.28002036621972,116.456645955758,120.683830156824,126.36131762900101,131.640135430329,126.379680573407,202.501683857113,237.266619194162,238.82534236994098,215.58069609504298,237.66917870834098,178.19798882037603,154.353761118125,290.931909433339,313.971589149104,281.94236076333,297.992285067271,246.540159141338,222.479468858469,233.320477032865,310.281634903816,318.539782573769,330.378642427646,278.108592859054,210.476966289829,164.50592288634,154.708557114121,275.065079441808,308.571148108993,316.927469802802,257.448389059229,206.963721766502,139.857709915085,129.180751484142,258.388243917051,302.168765314327,273.701530833037,198.919062365261,186.308013441678,105.36539525719999,112.856454298173,201.934749149513,221.173324186312,191.817651076591,181.97307216251,160.97482156103902,84.057399006884,83.92867920585209,154.059786491429,195.317025605159,142.196388862435,127.899686085288,108.908101000821,65.8290680881421,47.9013947079312,67.79345124233309,130.55825833339898,125.906927481444,116.68402464485399,99.84843520652359,51.787010577596206,48.1523981894122,93.29508723188499,107.998382678677,88.6341209561013,81.3786399650851,68.9446025243118,39.5555316461205,36.3620665641676,76.5693023161177,78.6868469395603,74.3514695971765,63.921519601778094,64.60564030750089,27.1466404509614,29.8939214445918,63.1342607756031,61.845582975023206,57.50454871079351,55.443739978179906,46.2252028023981,22.566121888319,28.523235287612,41.141000000000005,44.8,41.9238,41.346000000000004,41.7636,40.8774,42.1064
New Mexico,0.105963638651681,0.0265452917497989,0.0420693900087713,0.0496443857717657,0.0775854129483782,0.12483316839567998,0.1185590504615,0.14650817788523998,0.18876070720849303,0.24951669870647303,0.319753284192624,0.385917966327873,0.462685278264894,0.637081082168574,0.659407431633089,0.70336350470309,0.920989248396585,1.12028369640505,1.11997569223606,1.5787155279318899,1.3737676931915,1.6493052322036397,1.58393667841851,1.5730774541253,2.39104293056338,2.61436355852758,2.3838423233780697,2.8852979422912597,2.9351400365637406,2.15637018402943,3.2181293250386,4.03256446736932,3.52367672958429,4.80687663380253,4.60091704024708,4.26623380992371,4.72718652789424,5.10213358177224,7.04785391704574,6.549060212254,6.710982710904269,6.30161532995041,6.06016959572258,4.75444642863148,5.8398219099313895,7.219842622271731,8.70235540904209,8.19869529153145,7.61357375679381,7.901686664358491,5.59113816297644,7.35399782727679,8.89706209960757,8.9123724810013,8.270189467657861,8.14564392738355,7.08541077449342,5.68982083344471,8.1106544467685,9.34438317669153,8.25130076545416,9.302268640878731,9.44347481111312,7.135352616394121,5.309062384220621,7.55812529086982,9.889120321156788,9.037257976678571,8.52167616453761,7.4470595394211605,7.51175766443549,4.930902732702781,6.384676901072379,8.46432808580521,9.842968730266971,8.5295085016965,8.228747185639191,6.47282358018991,4.80880476416786,6.779542680836131,7.938796208979371,7.77519859505622,6.68909684137099,6.12762731852293,5.0101251270576395,4.44640370225236,5.6248130115564,7.13653945955308,6.494424438857339,5.32233823379402,5.12845003794474,4.33786642726582,3.3914217628891303,5.25284267004563,5.56228632977816,4.85523552297012,5.14982440958932,3.62284125161339,3.29493161067343,3.095412029942,3.5818,3.9586,3.9588,3.9382,3.932,3.7402,3.8688
New York,7.87300748394063,11.584506379802498,19.115691963389,30.485802667608198,42.5233172119545,57.3759791499944,68.4777310466148,91.9958837352472,123.39219796075399,153.438350846628,213.811827825736,239.30735280729698,293.611720849556,337.560884788564,339.655189309864,431.431352787456,538.220215443297,568.8643984178201,642.735649358866,635.291831307854,670.689203923529,711.666063849857,802.522588617357,928.8429287936681,923.480304036551,915.4936913315249,903.682506777704,912.334321906284,802.3073700213471,850.6550967727969,944.518037650363,884.439540204993,898.214170868013,843.47775544233,782.560281703077,624.418571493673,685.304759883412,702.374103078528,638.4331934943821,634.0831925507119,541.369669582351,528.775447555234,440.000771542127,467.52792994367303,491.051906605192,513.109296949651,412.363430916775,398.98190044275805,343.548423952869,291.518954178071,321.760249696779,317.624067561309,346.09395374779604,325.2190902941,257.111339057043,266.487643208275,195.79697660008202,239.972870303084,235.65705598792005,226.69118412287497,229.437797207165,202.752633553404,180.768692759546,157.20735750146298,157.38427643041402,175.368997723159,149.47392523278998,149.70089037372801,132.22783252981,124.164607886301,97.9487384131886,91.2091119591362,97.4340918336311,115.36565359212901,96.6303450116674,107.28300548052,91.7468892020253,78.2718712076079,84.6348095937105,86.684067826178,78.4714191931167,84.4344498003013,80.1395341838435,64.1526981552503,59.9463618618205,59.928942848126,64.68787075988071,66.2405425523728,63.7020645764145,70.7831699032867,59.2740486974762,45.7028189114167,47.8100604928822,52.207132477906,50.4597204699323,56.550895123839105,52.3893928403942,52.170925128143104,43.0817573022776,49.5257863790729,51.0018,53.7798,53.0312,54.0146,54.6108,55.7362,56.3018
North Carolina,0.0502007482946347,0.0869460135826035,0.101493603259862,0.158612863832949,0.194195133516868,0.220960069001743,0.30585389285457204,0.329959250332786,0.5562908156056129,0.7794176944271679,0.994735793783615,1.2293153897356899,1.56969625415303,2.29123135742463,1.55547444156363,2.4566706082487997,4.25588214638322,3.5970856411412697,5.2527098243537,5.098105791134451,5.3909412116975,6.01144676050703,6.00833529492013,7.864261851070441,9.160798110853259,11.711007424816199,7.829872419086549,9.34940379784564,6.084854148465951,6.6594025220222495,15.539239609369499,12.6800023503638,12.471377274920401,15.6169173187161,10.838690203397698,11.514484101470599,14.131611177157199,17.2490299015497,19.0487757554028,22.4637116402795,16.1165748763012,10.9321127659912,12.7340550361918,11.141878764929302,21.027286424353896,18.394482120585398,28.4242828783651,19.8077747236792,14.7183797413307,12.8130708733779,13.926193652908198,28.930918894538003,24.622952761356697,29.0173196537357,19.0175666661973,17.5359598648821,10.034963317039301,16.8936130293713,26.095955255059298,24.760556902508803,19.4434908884082,23.5097359690819,19.4427605297622,9.107554065169179,12.7027204752682,22.8030610788315,30.9045583751491,16.9204690914895,24.9454745558537,12.4857261900005,9.22158941313218,7.6545503156591295,15.525561296498802,31.0510871388528,27.1270039363375,22.387648988766998,16.3878157663319,7.82224898183709,10.3240758688503,25.243384131226698,22.963171701836,21.3085502529587,16.9537388364451,11.6911114464543,6.321725542693599,11.5081641819747,21.8896040364148,18.9544365094802,21.886995332644602,16.8744309448366,9.415538776282721,5.61825578965305,12.2271852864839,26.1723212569918,17.697259311339604,16.281553426580903,16.054799161603,8.92533258435692,4.85701127597144,14.4097925911514,11.2048,9.8066,9.8772,9.8644,9.7958,9.5932,9.7318
North Dakota,0.0312011580617676,0.0082976342901293,0.0157513996968559,0.0157305969655922,0.0332990588345622,0.0378577889566776,0.0394993879777686,0.0414635820368697,0.0548658640315069,0.0707262175532339,0.10093316206350399,0.11731640034318302,0.15494804239092802,0.16839339382112897,0.172052936769848,0.192919303906947,0.37287362045502603,0.310212698146602,0.42055107408929604,0.41845989465327704,0.36577849177828603,0.3430073531829339,0.36788613231579,0.6747046421348689,0.5792141706020699,0.6487963662759201,0.7175047095621501,0.715766810051276,0.42424825257700505,0.4753660028867271,1.0300752915669,0.8032495678146852,0.8718355914401421,0.851813707699285,0.673075053474969,0.604778970241267,0.856334055617962,1.33922364084398,1.3137868176563101,1.33174832454622,1.09207863975409,0.90652808576111,0.681207473935187,0.76767658145222,1.25306890784689,1.50317797243244,1.36715767343457,1.53364718276757,1.1283388270692,0.596380814672024,0.8918344494939959,1.38964662057157,1.85860111674358,1.38325343043796,1.3239761699764299,1.21702250757491,0.444486304376029,0.735555804659236,1.5372280778514298,1.2061110798263501,1.35766240693591,1.3319923179081299,1.00283722977204,0.560338885150201,0.749780319846225,1.3253664990607301,1.55753020336661,1.40244703636006,1.24410601400727,1.13038735494887,0.5291382556852691,0.6182356195465749,0.747400315395765,1.5161161821052098,1.3286915346935702,1.46188595554182,1.23776779329461,0.6533801135054871,0.6729776197980021,1.237841183098,1.0612192895312802,0.9415234797058479,1.6147047954434197,0.826678711239435,0.387005402423953,0.5593346272347299,1.20611097791256,0.9609293920385091,1.15192094654905,0.978164615735185,0.840888263644717,0.31213150783617,0.41484587395305395,0.8563631876312799,0.848284833152242,1.05900606147549,0.994748851213064,0.7262753101240091,0.302917837054039,0.29047196941436,0.457,0.41700000000000004,0.4534,0.4706,0.4336,0.4294,0.4034
Ohio,0.0820710144578786,0.14224452205173302,0.251597159291997,0.36817948871123607,0.682485332742946,0.737936995069716,0.811119746602038,1.01356500626212,1.50610052427111,1.87233338011321,3.0781941503512003,3.4535282850290097,5.02691342687656,5.05933407729621,4.47842814226917,6.588445128148191,13.6181060945281,11.2006309703595,16.6829157467319,13.1895225535762,13.9271253506936,13.0211907687851,15.877859740527699,30.2798089265384,24.4240962424527,24.0215181174467,27.505395427689,24.4748305488167,15.184665793706,21.709781390107697,40.714106446426705,34.707239845261505,37.3617321873154,31.6741452825071,26.147904988180798,24.7886122379982,34.5475838256163,54.0513281554738,47.831559316451795,44.8680705150785,37.338819321925605,26.909087887030896,19.751247632302302,29.2090613880584,53.9743399803365,73.372221589157,48.244468397614796,47.4970856048835,30.6087956686201,17.780977394822898,34.1462095158639,68.966600239218,76.5231047330967,53.8676619688437,45.1969069918788,34.9167802237372,13.7798402419634,28.239733744221397,61.2213543439583,48.7119029602612,54.885244901508706,46.35380984525371,28.363969963734498,15.5436261342224,27.5115747208175,58.769167362888496,52.83996504464071,48.5854937706447,36.1410384369879,34.7945478689571,12.766544415806699,18.467171169889802,26.638372020352897,51.885676425633704,43.1861789721883,42.41930046000021,32.0625602201665,15.5681192521858,25.276848713298396,44.042606677558794,37.8561251440468,32.202460016262805,39.7240402339142,20.7089678197993,11.009080700954001,19.4916854987008,41.3074292457074,34.4569458096337,36.1273762112319,29.867168026289,26.3689591635779,7.59474670914642,15.586562424899,29.360904868574902,27.8743699570056,32.7603638942137,27.612014697490203,21.0033283662808,7.95943850890808,9.24583253729008,18.7024,17.7218,18.6922,18.0268,17.0274,16.4634,17.1726
Oklahoma,0.0378918902466004,0.0395846679968762,0.104894413144731,0.172432268754881,0.333668857012784,0.31424490577079495,0.37295040518320705,0.418149192478187,0.669331202642928,0.8438648390637,1.37969710836995,1.4704164856763797,2.03564396337825,2.80605295086155,1.75040192681364,2.27805156235346,5.73378269268966,4.400633800451041,6.66706071354141,5.27566974495958,5.13169525436519,4.70981333069484,4.2967675092507,10.5648255247866,7.92777675598373,8.0490523593121,8.63494774481448,7.839304285919191,3.81616603299904,4.271778633676799,10.656020075889302,8.71779878502127,8.083521443885669,7.722947035544161,5.04121918925901,4.20375420047332,5.14304365614419,10.3381092798781,7.6809860557048,9.49269922627238,6.7558164526467595,4.141467703078661,2.72063580524755,2.89297844176511,7.66603057437097,7.73087128916697,6.975764249458621,5.92157949513399,4.173520956738741,1.76898636727267,2.6511256972526698,7.2991818983137,7.3819186072360505,6.2975834027015996,4.580782304663179,4.13973697751436,1.12293559345068,2.16823613079554,5.4265628930871905,4.435106283580099,4.54449034890383,4.11733439038518,3.37418578219603,1.0043123266457399,1.6900249520958799,4.337091340617651,5.2325032858954295,3.4881550640423797,3.36897490077725,2.7616653124884905,0.8628726545321409,0.9908721948595931,1.55111154167191,4.2947696926433805,3.5165030745079497,3.42894660033948,2.9082592613717,0.87001985290512,1.14407884551778,3.3769687097892005,2.7660623209830804,2.41799186926518,2.86020665253689,1.7929136838461501,0.595770192604911,0.8293024148691791,3.33079689728366,2.34696747444114,2.64421944918984,2.3813851219193998,2.0201418245627,0.40011059398442,0.7935671038541671,2.4160739495993195,2.09948756753993,2.46884892464813,2.15296994346667,1.72920038155989,0.42644239185283206,0.599597086195772,1.2432,1.0118,0.9228,0.9886,0.9644,0.8958,0.893
Oregon,0.61834392224655,0.389180192049378,0.4240371294596071,0.722433751395167,0.777789301510603,0.7048347953746049,0.8419382453162779,0.75142898554274,1.14808484886185,1.2987402244631499,1.37486484034004,1.5013270079640002,1.5506792499113602,2.3247519126396097,1.4540255048980701,1.9714603642118,2.57602724055069,2.06485153197989,2.91610929433318,2.5679277306935804,2.51217196829561,2.9528090587272398,2.26175575955453,2.89703370431733,3.16907567510302,3.9490386409347598,2.5168060604882996,3.01255444210626,2.10864618526154,1.91800245925186,3.3498966722925494,2.62951098309485,3.01226314566394,3.11639650467614,2.25056340510895,2.24118186852094,2.15997742479162,2.6335915961747403,2.7739632060016,3.70263211489973,2.6256324507908704,1.89758404988254,2.15324893529948,1.3886347351683799,2.80743134764549,1.95472506514333,3.23598734172562,2.46933536554483,2.12218066249317,1.6852173266028703,1.47573887426036,2.6131962828377797,2.26534252212487,3.0930488513337795,2.0030858759293704,2.05260640326891,1.2038849063999901,1.77847987268921,2.11074924903153,2.26447141595215,1.93823320457221,2.1487811570831497,2.2828501767029903,1.02358390133262,1.3521217388152098,1.84496781243983,2.76041420155506,1.61374032667988,2.3469701038287996,1.34646770035692,1.17341222923183,0.792428975977827,1.2833005995808502,2.42859907062017,2.3311541803456204,1.93710151335143,1.8712434050917899,0.8692730389538191,1.0207955307824201,2.26636092113435,2.04136413904627,2.22763050714988,1.7241893134995299,1.4038579951051298,0.8994212401749809,1.11056132136529,2.0453615479380503,1.6589085539578,2.3043986177757203,1.8734789527079099,1.28345531192515,0.839560919865326,1.41407041046284,2.3526185716100203,1.8587588499900503,2.0872160017618997,1.85178394335422,1.3649846364813403,0.729271498171191,1.6115932149976102,1.2068,1.1246,1.0936,1.0758,1.1026,1.0492,1.065
Pennsylvania,0.0247833400958137,0.0199204299070112,0.0610933161074249,0.137225757394169,0.285189895024792,0.34238666708075605,0.431996906201569,0.6052989187338511,1.1075453342331698,1.63282858450085,3.04518449607123,3.7416278244401697,5.6085267363460805,7.98512466677735,6.04573513528232,8.66725605851959,22.817235526154104,19.492783729757896,30.9598190131467,28.7536931228928,29.455689230222003,28.236452305729397,31.7274814954261,71.2508075486783,68.8086080573289,67.049125781257,70.6731171408875,69.0814435119506,39.352607515876706,45.1043034924187,117.220960862048,104.00688167153,100.89308658751699,101.515664607113,77.6047293474828,75.7568835887595,92.1161919256798,163.548371665836,134.183400267225,144.92360650079598,109.557103064753,70.61263747959521,48.828635572640295,61.75730591042,149.944543683424,197.213296125738,164.58182767579902,131.114604368286,83.2337247783195,42.099004909586505,65.11876281273001,191.56048997009202,209.09964310078098,168.390062111506,116.16745132991699,84.4082790538375,29.610395323331105,53.1069882749512,133.61162856848,136.802739658425,130.410696976649,115.35196396575199,74.54030933816891,26.3084832837709,40.7055275818529,119.269582918526,134.760531683198,97.82935639316999,86.00222757427109,63.2259703543099,22.660089537884804,21.498351577092098,40.043356535689895,109.97918455640499,95.39241901794429,83.79747370224591,63.24930606626229,21.414139669751503,26.707340765570503,80.9834685397568,77.7214139155786,62.5991046687029,61.024565770827294,35.60872879687879,12.7837469231795,18.880148109731604,67.3707206355109,58.4103992124409,57.524536544831705,49.50580038497829,37.588838111352295,8.05398842548401,15.9425522212756,46.650385105655296,44.576653203727105,47.2411793219209,37.47609478757679,25.515270856228398,7.0204231163805595,9.96398774987151,23.453000000000003,24.5196,22.682,22.0908,21.0056,20.4628,21.2366
Rhode Island,0.0362283692401557,0.0200676137594926,0.0249912700059883,0.0427299802333827,0.0826931482358286,0.10803060473351801,0.11117941792428,0.156880632852429,0.238259231610225,0.34913227939018704,0.5041890319698991,0.5162751060322279,0.822349661511804,1.23071604188555,0.9133645857500541,1.56568271471143,2.3235703482598997,1.7808225075475002,2.9806068960187204,2.9121219826594196,3.09149726986929,4.11507404019501,4.21150605360167,3.91519792594467,5.8031214036995395,7.4274004386316,4.807232051164959,7.918431571441211,4.7021215986395095,5.151257756315981,12.562632812291698,6.64654474729478,9.2111762622452,13.869122941927,9.558503688093461,10.1760330038992,13.576288680122198,13.2479521744851,16.0818226893364,16.9560017696292,13.0820632798094,10.7215561345961,13.453513394790999,10.2932826738136,15.450078008347,13.6478640595108,21.087360637795502,17.7860444423304,13.7223496489742,13.6158562529742,14.2676660423332,19.775184174729997,16.187986388669902,20.750828678536397,14.1813581082918,14.4006706762414,8.1969289684628,16.476950958914,19.685403667648398,16.4440094318812,14.0335828475052,18.8631702544754,15.836497379897999,8.17374962456958,10.4073161892016,19.3178540416515,17.182896081630197,13.303293540180302,17.8143315091964,10.1568797387791,8.445683863685991,5.93618216340641,15.1761641086901,19.770737719940602,16.4349919596582,14.639379825987401,12.335160775505098,5.93694242086576,7.313515303834519,17.1837098919487,10.769902632546899,14.5489957607359,12.1264408905934,6.2490934412181,4.372474699881439,10.5755409232494,11.4430471722081,8.374118223377192,12.1236008790138,9.04605567084307,4.786252990024581,3.3040833681743105,8.74010762650981,12.261479674765802,7.2255324806323005,8.599058599617809,7.247269089397709,3.64677235064292,2.3304123801805203,7.92246960235305,5.0152,4.6142,5.4236,5.2948,4.9618,4.718999999999999,4.9874
South Carolina,0.352702826689829,0.36442072713908596,0.282893205169926,0.32942603448335805,0.648888198772197,0.8140182157172849,0.7218550936817031,0.826557757049364,1.05445280791263,1.07093277512861,1.6389974472922701,1.67163398535388,2.24802714921709,2.15293678944659,2.0809416531554397,2.7643451123791496,4.237155879930681,3.39993286137672,4.86817563768894,4.04611435564487,4.24240768657085,3.69237436884101,4.58981059505006,6.437294122401131,4.95077449746188,6.62210296048397,6.61992967707566,6.3554508772000196,4.26215031493874,5.371599511308019,9.158342729948721,6.69574630286049,7.90334962741493,7.7835791398037895,6.23798041483672,5.444615991167541,7.84535810042056,8.9224010874188,9.56662217526805,9.53396721015729,7.8494369660704,7.60667679839903,6.2180006460220705,7.56186281966143,10.338691609131802,12.7301139402984,9.68482141623093,10.3488705912164,8.49859961866462,5.60209563053306,9.50282416727001,11.101106217979698,11.905324591266801,10.502693408946099,9.17964607194748,9.20477958428075,4.52449823049524,8.453548965761861,11.867107481810699,8.476254389968881,10.9431890676635,10.4334474630991,7.07642083750167,5.6914062047887,8.20891397461841,11.374786493921402,9.56096005985942,10.4587637180014,9.38033033052967,8.19418436554137,5.30097263319055,6.55772101807456,7.7384096360066295,11.5766860536521,8.742969567881321,10.401218496024901,8.69385240256671,5.8228872474500095,7.98452393558327,9.23010363182892,7.71685964884385,7.099391645361139,13.502263571689301,5.854047305557179,4.21730473917174,8.06782063490657,9.794165510076821,7.58678416186638,10.2592777739981,8.291624523900879,7.0047407536523,3.6295105693131697,5.98418448667207,7.69187939658083,6.85027437992816,9.02638789562157,9.11852645778534,6.669375827582161,4.01000407302468,4.61368735899786,5.6932,5.09,6.0148,5.6802,5.5464,5.3864,5.521
South Dakota,0.00189799228646875,0.0005204366592181161,0.00134939299211908,0.00255960006730196,0.00532617359651992,0.00591897229946121,0.00691406813194206,0.0062246683461148295,0.0129354673094681,0.0186356238028598,0.0307742203965515,0.0370629063779314,0.058121759513181,0.0882751192803849,0.0489834476893986,0.0776028014263707,0.259569472983672,0.17834306472091702,0.33011090718314395,0.283174429989799,0.24943989301919603,0.231337033540676,0.222531500010156,0.5625599240948729,0.499279363522019,0.588765189978098,0.565871126318597,0.567261499390595,0.207019565111733,0.225099868138538,1.06078323826378,0.6900263893993389,0.6983202736677,0.8603569303038231,0.43490896858801903,0.35712858361681893,0.5938872491027261,1.31416012697085,1.2359275008145902,1.5485868343921398,0.9228735607660692,0.505280859324624,0.35976069500689,0.354109108751144,1.2340360037024098,1.64797365131527,1.6715196525278702,1.54943532215638,0.8026705177818321,0.306232128378309,0.5082106791944171,2.04637532187607,2.40280394342866,1.9455932034595302,1.25119747307372,1.04389807305722,0.19037828390809902,0.494215962900728,2.0459397967015502,1.44132671075133,1.43752751625015,1.5978317937045,1.0070049907260898,0.205156113148406,0.402046711530383,1.6476706792431,2.25932924939815,1.44049570261425,1.5122544551527,0.9509694582870241,0.24242724040470198,0.21570953204874502,0.579291350711109,2.3157587742119903,1.79177394600793,1.87707836811851,1.36172019136773,0.275324216198927,0.3889843614958571,1.77096848135203,1.3973868825854299,1.2337305128423102,1.7649831512897802,0.706374105785379,0.16224004178162899,0.34375619415148495,1.8535422247013402,1.3112948700957499,1.88407222961084,1.4847696044326397,0.8121978116585881,0.11299228937615101,0.29861938328005,1.6594057105710602,1.19464421303094,1.56212292573746,1.51104975467428,0.723240507004694,0.107812203802491,0.199349849402001,0.4926,0.3942,0.386,0.4146,0.3896,0.3498,0.3534
Tennessee,0.160189791469224,0.364890498024062,0.383520677794974,0.42995515929110995,0.649052317466583,0.717490708816098,0.663816626308415,0.749627631229422,1.04369280106645,1.15014501361063,1.6744554456623602,1.6388428254230902,2.4202120685542203,2.59040805720403,1.7598448689458701,2.9263031116899803,5.37463637233277,3.1216831215745198,6.06054777889282,4.28720127181539,4.758670425714059,4.14156973702376,5.0023722433079,7.33504567264139,6.1978290879281905,6.9211562253237995,5.86512721793265,6.92606200908898,2.8953632955434,4.27024273058957,10.2850924816994,5.21635516725367,7.5397018056408704,6.56845380922649,4.26973215914954,4.47909144958442,5.81284685363419,8.0592304158991,6.85227144990998,8.97131089496585,5.9101677122823,4.466290607492129,3.5365716562078897,4.29833914531359,8.22917185723681,8.19394012672279,7.8365859136412,7.44235985749817,5.44115140936306,3.03707136235496,5.87433340288929,9.89824433194976,9.40752397418751,8.30665419135912,6.65369151955157,6.21076600619668,2.14376403033938,6.04620437355238,9.364387810068699,6.72193711389757,7.69396973459183,7.28753249685265,5.293118209562549,2.20926394594068,4.78399778382986,8.865232227982661,7.60849117903497,6.69409919313126,7.19585402142187,5.7270196451160995,2.56563997558412,2.71319458735241,4.772160653080451,9.55500013892469,6.893561124037981,7.896485593756349,6.17942154409055,2.52492037249434,4.20987244638423,10.2763519375274,6.1481650085755595,7.3560607157156905,9.17598453386575,4.65996139721293,2.11973991075279,4.73724439113089,10.152854378789801,5.97947754681166,8.96616995118861,9.534291553834,5.62911366556808,1.7817491588033403,5.69258064717671,9.61412457434002,6.38469110149667,10.333065525551099,8.76904178998167,6.2638913592662195,2.06847736771845,4.64102062890462,5.1898,4.323,4.2662,4.3982,4.2266,4.1456,4.1436
Texas,0.635427675547684,0.316220984532112,0.896770419859917,0.9413020999524381,1.37625183261865,1.4789375825044502,1.5729173979897202,1.91433427540046,2.54784262873994,3.5107742254445804,4.14143114851524,5.03125160260374,5.935807421429669,7.97297439718215,6.14478470645185,7.364499953433301,11.1584492871838,12.216730411224198,14.295634287369198,16.4038738264714,14.473888259049598,17.0001095434673,15.3848889111219,18.8163376775895,25.1567170692452,25.934373093855502,21.556820058517605,23.518217899330697,18.1576995844509,15.5360348739644,28.089772208355303,28.508689075707302,28.975325708461998,30.9073653716988,25.1078059775245,23.4967409512166,24.444178778583698,31.295454540529498,34.8896195823081,38.3465749977631,32.693849284734895,24.4874736968147,22.4069028164273,19.2193755121717,31.990310481610898,35.2204987404198,43.910235596669395,36.5357369804652,28.409858460071302,21.3833695792805,21.604484370448,37.034511718812205,42.8487684096605,46.662314957628006,35.445460288621796,31.290518487709605,20.1429524726218,21.818920368800303,34.3015916089577,38.5725505516484,35.575146173773796,37.3667503532694,33.929919737140004,18.1941836545487,16.8985548195856,30.2289021929947,41.8410680029545,32.4935678723595,33.7021487167613,23.8476999571835,19.495012253258103,11.901583238855,18.5174042651213,34.802452591304395,37.9949613029874,31.873478846047803,28.7788225131255,16.0257027640927,14.224330824572899,30.972493054570002,31.5804706253376,32.920779887669504,28.298329489628,22.2653476497055,13.1941369825244,14.0682264134441,26.421832442708997,30.835189771605602,32.4752662441476,28.1751310721904,20.8451126814825,13.4499103988666,13.9436169309235,29.561090895988198,28.337386315766395,30.128565006735002,27.373504627068897,19.3535495208417,10.9101559539931,14.626424316092999,17.5806,18.4602,18.3526,17.598,17.2634,17.0718,17.4706
Utah,0.100720760765054,0.0499580839524157,0.0936972818435786,0.10718124007853098,0.14120895913679998,0.188835909640581,0.180967508955942,0.18463224223416,0.229196691166324,0.26168832475567,0.352239534206324,0.38505365804849795,0.47956115758128703,0.575374713443853,0.492185681132454,0.607117792371867,1.08181413301616,0.7471074020386759,1.1175700856925,1.0392834736113101,0.999323729640165,0.8892517209444609,1.08437139317556,1.4022712576863,1.38395587919502,1.40227914069998,1.4688170499742401,1.54529115112997,0.9009549409283629,0.970794927033808,2.15129569077959,1.59469817037786,1.52161405971326,1.86417310097496,1.3578805785267698,1.17628077370339,1.60048631511942,2.38078083202528,2.1388352067292,2.3618677770740097,2.07226328997894,1.45218583303012,1.24357495177149,1.32637916680368,2.2083805007236297,2.66875687433588,2.3416152179737,2.4245875634377403,1.90859160256513,1.18476342096394,1.5890479120779601,2.9640485595047794,2.8550029389072598,2.5932556634089,2.23995253170099,2.16260017609691,0.9658566184864821,1.4180809325528798,3.241261398937,2.40789130769281,2.25017472608125,2.51171723828553,1.93730334724547,1.0566053887990898,1.3338261033796202,3.06375215002469,2.7693579415930496,2.39353733116986,2.47178963595699,2.34743909379828,0.9967619618314231,1.04004149505493,1.78592652766064,3.0717247382265604,2.59754392914743,2.61281307276545,2.4697337824232997,1.181935331497,1.3327627187181001,2.8817539618097996,2.49025763690757,2.04388616310969,3.0419926128375097,1.86010101592756,0.8110823520813991,1.5034382060779,3.08122616268608,2.28776563174091,2.58300192514165,2.9014836636809904,1.9254889248166298,0.7431082609442291,1.3862289595798898,2.87648574135492,2.3285285559918196,2.62681516027881,2.6455879853523703,1.92632902762065,0.8218397352967979,1.05999568936018,1.6344,1.2696,1.2662,1.3090000000000002,1.2838,1.225,1.2126
Vermont,0.314252831195351,0.19890131917243398,0.231235676173707,0.47165624579405097,0.6296517596479589,0.5712969989046041,0.649946924018138,0.628121682382479,0.845771279686035,0.9126782527404681,1.0014330945949599,0.984747475238871,1.1728340601985001,1.5964980983834198,1.13785831014892,1.31075702771309,1.5176243725898,1.2993188862954,1.63702144770167,1.4467147199522599,1.50017326144107,1.5754871436195401,1.2484328854237698,1.45810413563578,1.42048766778065,1.6110610048996001,1.3491931759697398,1.52524492844303,1.1605742936459098,0.962505378207437,1.38185071676636,1.05743423982644,1.1608614293418402,1.2006666500408603,1.02616555133517,0.8559427788454251,0.7861837964239471,0.9743174150601591,0.8673785269499041,1.06910164368838,0.8299372439566051,0.7481277478310581,0.683557723449234,0.4937275059657,0.602754653140465,0.48039491210278007,0.602508986004803,0.5628929313140121,0.536764496071795,0.44290330515062293,0.33573983351980796,0.40965133782046004,0.389776307429115,0.432668009261387,0.340285613752504,0.41856166820178003,0.26610754267241393,0.309910151547123,0.33642788294136194,0.307210161482505,0.27189331606008604,0.300110772294265,0.336785457283711,0.215709659475432,0.211925921196712,0.253841666352459,0.29663196003834996,0.216048518378882,0.263323385963138,0.232519546904982,0.19094682473297,0.146537816017425,0.16676551725047697,0.243732064034313,0.22258091819183498,0.20465452931606895,0.21772226595982,0.134966792765237,0.12406963614736699,0.206627788608715,0.17395880030406305,0.18397650883292702,0.18105230327738697,0.164908161069529,0.11503503885974901,0.11856898071416,0.168669046704926,0.12968723450724798,0.163410655718487,0.14800114317106,0.133879992597777,0.0925240349554909,0.110075292263509,0.15868634652664998,0.128325967183846,0.140574880114549,0.148363071222589,0.127795254665854,0.0808035131603161,0.12832379329364402,0.1022,0.0868,0.0878,0.0861999999999999,0.0897999999999999,0.0833999999999999,0.0844
Virginia,0.124830729420843,0.0870205821468484,0.11509581480733198,0.21431522595387198,0.31135760602522494,0.41286965343802706,0.496332298023294,0.7083255568190441,0.915680092909242,1.28246787460221,1.50533342999982,1.99008049130499,2.3657666379708,3.1357857707020096,3.24842397311212,3.60080792144988,5.79056949410479,6.12107183718142,6.617831623960661,7.53546161031614,7.49106529445377,7.89777125278785,9.08670931641771,10.391656755242598,12.542293825032802,15.3632019756497,13.2134947796664,13.425689574153,13.810084661551,12.173104909925302,17.6882890324869,23.4645544283737,17.9245696044238,22.3101400986563,20.922109517341603,20.1583728170082,23.5412336300773,28.084347065917502,28.1782877029371,27.795622583010395,28.3771111273922,22.606407447774895,20.8562344085142,21.3854625019839,28.294200598015898,33.1742612606848,33.0113416771796,28.215139070987398,25.9404846768519,24.421210389693798,22.3169478864254,34.2722669535321,33.685729274970996,31.991576897810603,26.504980623525896,23.412798694407503,19.965370368402603,18.2974580591465,31.590283971434,33.3044184875745,27.072913358709396,27.7858796529062,25.7792615687353,17.9799669115826,16.5769274328755,27.516321004378902,31.9811185473318,24.263863338786802,23.6044649496558,19.9527500852432,15.5168485146289,14.9982604299068,19.3663966959426,27.1480880573637,28.6738408954382,21.605762562892,18.437925799302896,14.032706021442001,13.7536564520243,19.8609278091996,22.9576165817445,18.427061516114602,15.602536382405699,14.191525275804802,10.4265386905395,11.0830876501946,17.054014341610902,18.0705189328423,14.3478598843806,13.9496481538767,10.9602638708337,8.312657250214981,8.66434738207497,14.6288700060783,13.4693193062391,10.5716135247684,11.326820229438301,7.922247880451269,6.21707122944214,7.32665491095516,9.5018,9.7482,9.3238,9.397,9.2238,9.2768,9.3668
Washington,1.9359912499624699,6.35469018081348,7.48440406557617,8.37452476436093,9.00075394170923,8.93247517692827,9.431727515125571,9.008145374742119,12.0913217562679,12.349012544196,15.175390361224698,14.9939079078474,16.6835004028448,20.0228507005616,13.2107454341809,17.258758457568,24.642794135795196,16.8943432227867,26.542462262231805,19.985728165546103,21.551337309857804,20.7436849174051,21.2130792653775,27.812081244822803,22.8112152655042,24.906860580719698,20.8933621012765,23.482652544117197,14.863101462291901,16.5201173825494,28.5791998899053,18.7018050115703,22.1786208419451,21.005481222688196,15.269980148733199,15.151811462239001,16.322393645501098,19.0869035013648,16.844597973784097,20.6580563691243,14.686437209284401,12.096450687814801,11.4042964802038,11.669169662394301,17.281699156660398,14.6376038750946,15.5762761617605,13.7682041844088,11.4894657332083,7.8195408159518,11.534334360069801,15.495135969429601,13.5078854064283,14.147826377916601,10.963985741063,12.129261803733401,6.110296437293121,11.347171642626801,13.4469589257818,10.7963639702187,11.1486727741555,11.007536806264902,9.39046522949066,5.63603641587083,8.15283111689104,12.860500829937699,10.4272449003163,8.9546050473579,10.1853442726248,7.602492588450531,5.70293697335842,5.767473432801549,7.339971743115929,11.09293413721,8.457116834798349,8.99619734928264,8.68754829430332,4.63800762654084,6.6829512142674,11.197776256765199,7.921763242708981,7.88568388622357,9.824775856389401,6.715377918840059,4.299091358497259,6.77708386147838,10.2574151710692,6.6780188745805,9.84212403619352,8.83824964965715,7.73205138773826,3.74133538217954,7.09587406842769,10.293716549502,7.0333583885702895,9.95944501533131,9.029110930116769,7.72779992343704,4.07493788151975,7.52328430482524,7.3412,6.3888,6.6762,6.4656,6.5248,6.4226,6.4746
West Virginia,0.00306935149025421,0.0034197750228286,0.0054866237132832,0.00766945939010148,0.0202868549524156,0.0238447010718702,0.0246781421848948,0.0292590526432549,0.0489694554613703,0.0637198983944487,0.0993326228565371,0.109203177885265,0.16351061031479902,0.22708559482811,0.189418335732904,0.273879735464987,0.450606422540597,0.36860062692914203,0.569828292614348,0.576376333397697,0.5240585171861329,0.614277943225051,0.5825830779411271,0.81924972773215,0.8777479415432019,1.18089130923854,1.00184281184747,1.13336105527441,0.677625041850493,0.820695724444915,1.71708157487721,1.1905573763809398,1.4630215821038797,1.6567647491372601,1.10288556662424,1.16989974755484,1.63712267769094,1.93584237885957,2.0758596563230602,2.38780136245448,1.70357209019079,1.28057163338262,1.30740539528724,1.0330443149219,1.82595694776413,1.6833442657148898,1.94845336132672,2.0722633856369703,1.39985073263482,0.9721463585338179,1.1774856511555098,1.7388382962681002,1.80379794426995,1.82346226343382,1.3658123179567399,1.2903222881108798,0.629747320892861,1.02373925947276,1.7728773203092199,1.26459992506992,1.3532518566450602,1.5398646505754199,1.16407407882519,0.615542002656042,0.8733042330023689,1.28037560961544,1.4857400564274998,1.19765885155617,1.3485632501668101,0.847063347258652,0.516866241752886,0.522969962853315,0.767967809614148,1.41534058293824,1.18619301709457,1.13429369064188,0.970420398748263,0.459854820197974,0.537118599558582,1.04579429945044,0.8177496586219091,0.8430109974176,1.0909125905769899,0.523400106509831,0.29874415080828903,0.492259502541917,0.752300925386996,0.6180663318731401,0.8545443436245429,0.6592921908699639,0.394549544158614,0.20603566849604898,0.35851808935673707,0.617854993400794,0.47005961230379206,0.601671909139193,0.555484010382665,0.32775386692943603,0.16200245636993,0.250456214123921,0.239,0.235,0.2646,0.2608,0.2594,0.2362,0.2422
Wisconsin,0.183205362279278,0.16689570547677998,0.309511885591532,0.46672335797997994,0.898227581005113,0.684944862373156,0.8325287461568589,0.7526948131292309,1.3529317694554999,1.5497785798126,2.18572429386013,2.5052177806077798,3.1641133640417998,4.26811637122241,2.56652429357765,3.3125851014157797,7.90303449387841,5.4095534420424904,9.40056121279842,7.40641885296602,7.1381675503223,7.43567694897428,5.49859910976746,13.3949206942615,10.172776024822099,11.3363432351214,10.724931161020802,10.6652373732394,5.41655101269711,6.189822729926179,14.924455714108,10.9777915278864,12.6717784705023,11.832255727482199,7.49411363382979,6.97348182385006,8.20695732780982,14.4707840596175,12.233741894628901,15.1153690199152,10.8083444500463,7.06802590487149,5.74427762307908,5.2926107490042,13.514739487734001,12.684498947679,13.466199664288599,12.01201114859,8.34226270156041,4.23290055607117,5.36961843514655,15.016453168860002,14.8944687369134,14.2316049367558,10.260741786340901,10.3818311911814,2.86470897271952,6.268445486020321,12.3690145058804,10.6582300071738,10.6816647948121,10.470759431446,9.08389487491052,2.71899614171726,4.929453630159849,10.4936823684295,13.666015800506198,9.09730174802464,9.795874386408288,7.58893147387442,2.8609606059635198,2.9651059259681998,4.497016529296901,12.6733680047099,10.488107344592802,10.0710541421985,9.968990246368529,2.99467116119894,3.6928423280088998,10.8971815668102,8.66966077235502,8.60016975263334,9.87136750742641,6.31036885932763,2.26024378289548,3.1556157686181097,11.4759675065306,7.88855952144863,10.700422875510599,8.92321510379577,7.28202473291446,1.6473016628903001,3.5087595410796704,10.1001080221813,8.09388172593655,10.2521115171605,8.94655622019843,7.53584064549383,1.76922140252391,3.29444081289823,5.5916,4.7262,4.47,4.4108,4.2784,4.1702,4.2886
Wyoming,0.0448481364245395,0.0211013465711356,0.0130292339981701,0.0221812590075036,0.0313940139039763,0.0304114822415273,0.0361563710649375,0.0320965448825583,0.0428458325118779,0.0445286041338554,0.058696061467959006,0.0628793411698334,0.0812899523417347,0.0837245840362598,0.0822387023188718,0.101936507394964,0.149098815053114,0.125690735418029,0.164358139151528,0.14367449109767,0.144671383611337,0.12666347521736,0.145786964137296,0.194755303366758,0.18687892677027698,0.21354991969961104,0.21045436725482103,0.20189329852334198,0.131981461867744,0.18152107726952602,0.263618822854614,0.231694538060517,0.245333234223878,0.244845988732633,0.19646392610065602,0.19825939457459602,0.250721608208123,0.347719348651363,0.37655580424838797,0.368515473786738,0.28221180775871996,0.240611572779257,0.216207578435857,0.247541335608006,0.331300966175867,0.36039197407970297,0.35287628467782,0.353366318682142,0.26072152959838896,0.209296018663475,0.274344413038341,0.37187046192578493,0.41111474037551893,0.341964573074712,0.306497821386222,0.26651878101112997,0.174692827348919,0.253204613151001,0.384490221910367,0.323599527358169,0.34194638850399395,0.3558144049797,0.252001428568079,0.19298296491249498,0.25092343445611304,0.35515917870007,0.4158263396405639,0.3844671195652371,0.331332823863013,0.265263293802052,0.174661120059193,0.21148841137626398,0.318226208807378,0.43476420054862897,0.395669808575639,0.37391272224649297,0.308114216926906,0.20327987313991602,0.253121552938817,0.35435697669594707,0.322603438104839,0.3206052557913269,0.375155792385905,0.233989999684084,0.15049899111805803,0.22973236161542102,0.359100267386349,0.30978343895085403,0.35459816570570796,0.287440321114937,0.20034676317812397,0.126985217605225,0.19492887972428602,0.28755210568316,0.290712173926956,0.31396261931412395,0.304263569364404,0.196998489002693,0.11608160029294802,0.13254704159684,0.1644,0.1492,0.1476,0.1456,0.1494,0.13699999999999998,0.1334
US,13.0,28.0,34.0,57.0,77.0,99.0,90.0,143.0,183.0,235.0,311.0,408.0,545.0,637.0,625.0,808.0,1213.0,1214.0,1561.0,1294.0,1263.0,1408.0,1661.0,2304.0,2078.0,2037.0,2065.0,2008.0,1741.0,1802.0,2400.0,2509.0,2082.0,2587.0,2345.0,1358.0,1769.0,2395.0,2336.0,2311.0,1771.0,2263.0,1145.0,1340.0,2128.0,2620.0,2033.0,2010.0,1485.0,1320.0,1248.0,2148.0,2388.0,2209.0,1508.0,1626.0,734.0,1159.0,1690.0,1742.0,1775.0,1628.0,1222.0,808.0,789.0,1569.0,1522.0,1244.0,1276.0,1109.0,640.0,500.0,698.0,1509.0,1191.0,1175.0,940.0,602.0,771.0,1029.0,981.0,1036.0,969.0,674.0,451.0,494.0,946.0,920.0,887.0,844.0,768.0,298.0,392.0,836.0,759.0,715.0,692.0,596.0,257.0,423.0,522.624,519.2044,518.3448,512.5368,502.4686,495.959,506.158
