Var1,Var55,Var56,Var57,Var58,Var59,Var60,Var61,Var62,Var63,Var64,Var65,Var66,Var67,Var68,Var69,Var70,Var71,Var72,Var73,Var74,Var75,Var76,Var77,Var78,Var79,Var80,Var81,Var82,Var83,Var84,Var85,Var86,Var87,Var88,Var89,Var90,Var91,Var92,Var93,Var94,Var95,Var96,Var97,Var98,Var99,Var100,Var101,Var102,Var103,Var104,Var105,Var106,Var107,Var108,Var109,Var110,Var111,Var112,Var113,Var114,Var115,Var116,Var117,Var118,Var119,Var120,Var121,Var122,Var123,Var124,Var125,Var126,Var127,Var128,Var129,Var130,Var131,Var132,Var133,Var134,Var135,Var136,Var137,Var138,Var139,Var140,Var141,Var142,Var143,Var144,Var145,Var146,Var147,Var148,Var149,Var150,Var151,Var152,Var153,Var154,Var155,Var156,Var157,Var158,Var159,Var160,Var161,Var162,Var163,Var164,Var165,Var166,Var167,Var168,Var169,Var170,Var171,Var172,Var173,Var174,Var175,Var176,Var177,Var178,Var179,Var180,Var181,Var182,Var183,Var184,Var185,Var186,Var187,Var188,Var189,Var190,Var191,Var192,Var193,Var194,Var195,Var196,Var197,Var198,Var199,Var200,Var201,Var202,Var203,Var204,Var205,Var206,Var207,Var208,Var209,Var157_1,Var158_1,Var159_1,Var160_1,Var161_1,Var162_1,Var163_1,Var164_1,Var165_1,Var166_1,Var167_1,Var168_1,Var169_1,Var170_1,Var171_1,Var172_1,Var173_1,Var174_1,Var175_1,Var176_1,Var177_1,Var178_1,Var179_1,Var180_1,Var181_1,Var182_1,Var183_1,Var184_1,Var185_1,Var186_1
Province_State,3/15/20,3/16/20,3/17/20,3/18/20,3/19/20,3/20/20,3/21/20,3/22/20,3/23/20,3/24/20,3/25/20,3/26/20,3/27/20,3/28/20,3/29/20,3/30/20,3/31/20,4/1/20,4/2/20,4/3/20,4/4/20,4/5/20,4/6/20,4/7/20,4/8/20,4/9/20,4/10/20,4/11/20,4/12/20,4/13/20,4/14/20,4/15/20,4/16/20,4/17/20,4/18/20,4/19/20,4/20/20,4/21/20,4/22/20,4/23/20,4/24/20,4/25/20,4/26/20,4/27/20,4/28/20,4/29/20,4/30/20,5/1/20,5/2/20,5/3/20,5/4/20,5/5/20,5/6/20,5/7/20,5/8/20,5/9/20,5/10/20,5/11/20,5/12/20,5/13/20,5/14/20,5/15/20,5/16/20,5/17/20,5/18/20,5/19/20,5/20/20,5/21/20,5/22/20,5/23/20,5/24/20,5/25/20,5/26/20,5/27/20,5/28/20,5/29/20,5/30/20,5/31/20,6/1/20,6/2/20,6/3/20,6/4/20,6/5/20,6/6/20,6/7/20,6/8/20,6/9/20,6/10/20,6/11/20,6/12/20,6/13/20,6/14/20,6/15/20,6/16/20,6/17/20,6/18/20,6/19/20,6/20/20,6/21/20,6/22/20,6/23/20,6/24/20,6/25/20,6/26/20,6/27/20,6/28/20,6/29/20,6/30/20,7/1/20,7/2/20,7/3/20,7/4/20,7/5/20,7/6/20,7/7/20,7/8/20,7/9/20,7/10/20,7/11/20,7/12/20,7/13/20,7/14/20,7/15/20,7/16/20,7/17/20,7/18/20,7/19/20,7/20/20,7/21/20,7/22/20,7/23/20,7/24/20,7/25/20,7/26/20,7/27/20,7/28/20,7/29/20,7/30/20,7/31/20,8/1/20,8/2/20,8/3/20,8/4/20,8/5/20,8/6/20,8/7/20,8/8/20,8/9/20,8/10/20,8/11/20,8/12/20,8/13/20,8/14/20,8/15/20,8/16/20,8/17/20,8/18/20,8/19/20,8/20/20,8/21/20,8/22/20,8/23/20,8/24/20,8/25/20,8/26/20,8/27/20,8/28/20,8/29/20,8/30/20,8/31/20,9/1/20,9/2/20,9/3/20,9/4/20,9/5/20,9/6/20,9/7/20,9/8/20,9/9/20,9/10/20,9/11/20,9/12/20,9/13/20,9/14/20,9/15/20
Alabama,0,0,0,0,0,0,0,0,0,0,1,0,3,0,6,0,13,4,5,6,6,1,4,15,2,4,10,12,1,6,15,4,15,15,5,4,6,20,13,6,7,0,10,9,14,14,16,17,0,2,8,17,28,26,14,7,3,10,32,15,23,10,2,3,1,15,18,7,12,8,2,15,14,3,8,19,8,12,16,7,0,0,23,13,3,26,11,15,11,14,4,0,1,11,5,20,12,16,1,2,23,27,5,11,12,0,10,21,22,13,21,1,0,0,26,25,10,36,10,7,3,40,47,19,35,21,1,4,12,61,33,41,18,17,18,0,47,27,15,23,24,6,33,29,19,21,20,13,29,50,35,8,3,3,2,32,98,80,58,73,53,21,32,82,77,55,73,48,22,31,76,69,55,68,47,22,31,70,65,53,64,46,23,30,60
Alaska,0,0,0,0,0,0,0,0,0,0,1,0,0,1,0,1,0,0,0,0,2,1,0,0,1,0,0,1,0,0,1,0,0,0,0,0,0,0,0,0,0,0,0,0,0,0,0,0,0,0,0,0,1,0,0,0,0,0,0,0,0,0,0,0,0,0,0,0,0,0,0,0,0,0,0,0,0,0,0,0,0,0,0,0,0,0,1,0,0,1,0,0,0,0,0,0,0,0,0,0,0,0,0,2,0,0,0,0,0,0,1,1,0,0,1,0,0,0,0,0,0,0,0,0,0,1,0,0,0,1,0,0,1,0,1,1,0,1,0,1,0,1,0,0,0,0,1,0,0,0,1,0,0,1,0,1,2,2,2,2,2,1,1,2,2,2,2,2,1,1,2,2,1,2,2,1,1,1,1,1,1,1,1,1,1
Arizona,0,0,0,0,0,0,1,1,0,3,1,2,5,2,2,3,5,7,3,9,8,12,1,8,16,9,8,11,8,7,11,12,9,19,0,4,7,17,23,18,17,7,2,0,0,33,12,10,0,32,0,33,31,24,67,15,4,6,20,33,29,27,28,1,7,18,42,17,11,26,0,6,3,24,26,26,18,3,11,25,40,16,16,28,8,2,23,25,34,21,33,2,12,25,21,34,38,25,3,2,45,71,28,41,44,14,4,47,80,39,34,19,8,4,98,36,75,44,69,86,9,91,97,58,91,147,31,23,134,56,89,80,143,19,0,104,46,172,68,53,18,14,66,87,70,79,56,13,4,45,148,36,40,69,14,20,156,186,142,129,149,51,24,138,172,142,123,149,49,24,122,176,133,125,158,54,26,109,175,126,121,156,55,29,91
Arkansas,0,0,0,0,0,0,0,0,0,2,0,0,1,2,1,1,1,2,2,0,2,2,0,2,0,3,0,4,2,2,3,1,4,0,1,1,2,1,0,3,2,1,3,0,6,0,4,3,8,4,4,3,4,0,1,0,3,3,1,2,1,0,0,0,2,2,5,3,3,2,1,1,2,1,5,7,1,0,0,3,6,9,1,2,0,1,6,4,6,5,1,2,3,6,9,11,6,10,1,2,10,3,0,9,10,5,1,5,7,2,2,5,1,5,9,4,4,4,6,2,2,8,4,6,12,4,0,6,11,6,6,8,5,2,7,20,6,8,11,5,6,11,15,18,7,6,14,9,11,11,6,10,5,13,0,15,32,23,22,22,25,10,14,27,22,20,19,21,10,12,23,20,17,19,17,9,12,19,17,15,16,15,9,11,16
California,2,2,5,4,2,6,1,5,9,11,15,16,13,16,14,22,27,26,39,27,24,59,32,52,63,49,39,21,36,74,53,93,96,81,103,37,48,57,139,112,88,68,36,54,85,82,85,95,54,36,62,103,83,71,78,74,29,63,100,78,95,84,72,32,39,124,94,86,82,72,16,15,50,76,99,84,67,28,45,88,69,70,85,78,25,25,88,109,80,44,98,23,15,86,71,84,71,68,21,51,60,99,81,62,31,33,51,99,87,96,50,19,39,68,132,145,141,96,72,24,38,161,125,114,114,99,13,55,118,159,154,136,71,40,46,185,229,118,188,131,51,45,243,124,213,112,174,70,99,47,230,117,278,70,25,164,475,457,395,422,340,168,195,520,571,465,496,415,211,238,599,699,570,597,555,284,285,732,909,669,772,808,405,360,964
Colorado,0,0,1,0,2,0,1,1,0,4,9,0,12,13,3,4,18,10,18,14,15,14,10,29,14,33,24,24,15,17,21,27,18,17,22,9,27,36,23,46,122,10,4,18,30,30,11,44,11,10,9,52,16,25,16,7,4,16,23,52,24,64,42,23,9,33,42,11,14,3,5,1,19,40,29,15,7,2,13,16,20,18,12,3,0,16,10,19,10,0,15,1,7,12,14,7,5,4,0,4,14,2,2,4,1,2,5,9,7,4,0,0,0,0,5,8,2,18,1,0,2,11,6,1,6,1,0,6,5,8,15,4,4,0,5,8,15,0,16,6,0,0,5,2,1,5,0,1,4,12,1,7,6,8,0,12,35,28,20,30,24,6,16,47,41,29,42,33,10,23,59,60,42,60,47,17,33,81,81,64,78,65,26,47,102
Connecticut,0,0,0,1,2,1,0,4,2,2,7,2,6,6,1,2,33,16,27,19,34,24,17,71,49,54,68,46,60,48,69,197,103,65,50,41,204,92,121,95,128,98,59,88,75,82,88,82,97,0,120,77,85,79,77,58,35,41,33,84,94,66,54,69,42,22,57,54,54,38,18,49,27,34,23,42,44,32,26,2,17,18,31,17,16,13,13,23,26,13,27,15,3,6,9,7,12,13,9,3,14,10,11,9,4,5,4,2,2,2,9,0,0,3,0,5,5,0,0,0,23,1,8,9,7,0,0,10,0,0,4,3,0,0,5,5,2,6,1,0,0,5,0,0,0,4,0,0,3,0,6,0,3,0,0,10,6,9,10,11,9,6,12,10,13,14,16,14,10,20,17,21,23,30,26,21,36,33,43,50,58,54,45,67,70
Delaware,0,0,0,0,0,0,0,0,0,0,0,1,1,3,1,0,4,1,1,2,0,0,1,1,3,4,9,1,2,6,2,3,9,6,6,0,5,10,7,3,8,12,8,5,12,7,8,7,9,9,5,5,6,9,11,8,0,4,12,10,13,11,15,4,7,7,6,7,5,0,4,6,3,9,1,11,5,5,2,5,2,11,2,2,8,0,12,3,1,0,5,3,1,1,2,5,2,1,1,0,69,1,2,0,0,0,0,2,0,1,2,0,0,0,2,1,2,0,0,0,0,1,3,0,0,2,0,0,2,2,2,49,1,0,0,1,1,0,4,0,0,0,2,0,0,1,2,1,0,0,1,1,0,0,0,2,11,6,7,8,8,4,3,12,9,8,11,10,5,4,14,11,12,13,14,7,7,18,16,17,19,18,10,9,21
District of Columbia,0,0,0,0,0,1,0,2,0,0,0,1,0,1,1,4,0,0,3,3,6,1,2,0,5,5,6,9,3,2,15,5,9,5,5,5,9,7,15,12,14,12,13,7,5,15,19,7,9,11,7,6,13,8,19,7,12,5,8,14,8,10,7,8,9,8,7,5,6,9,5,8,0,5,8,7,2,4,2,2,3,2,4,4,6,2,4,4,3,4,5,4,0,5,3,4,3,1,2,2,2,4,2,3,2,2,1,0,2,1,1,2,2,2,0,3,4,0,0,0,0,0,3,3,3,1,0,1,1,0,1,0,0,0,1,1,1,0,1,0,1,0,1,0,0,2,1,1,0,2,0,1,0,3,0,3,3,4,4,4,4,4,3,4,5,5,5,5,5,4,5,7,7,7,7,7,6,8,10,10,10,11,11,10,12
Florida,1,0,2,2,2,2,2,0,5,0,5,6,6,19,2,7,22,2,77,6,25,26,15,47,26,45,36,48,23,38,72,25,72,57,23,26,48,45,26,94,59,9,20,13,83,47,50,46,50,15,20,72,68,61,69,46,6,14,44,48,48,42,47,9,24,55,44,48,46,43,4,15,7,60,45,49,34,4,9,70,36,41,53,28,12,12,53,36,47,29,48,6,7,55,25,43,43,40,17,12,65,43,46,39,24,29,28,58,45,67,67,18,29,47,63,48,120,93,95,45,35,132,112,156,128,90,87,90,134,139,173,135,124,77,77,186,216,253,257,179,62,73,245,225,120,180,182,77,91,276,212,148,228,204,107,155,650,494,518,535,492,187,184,657,532,525,545,521,205,203,611,562,507,569,588,228,221,594,607,530,566,648,265,230,619
Georgia,0,0,0,2,7,4,6,5,0,7,8,8,16,5,11,7,24,28,24,21,17,10,18,100,33,17,37,13,4,32,60,27,35,63,23,14,88,23,50,33,18,8,9,79,41,65,31,37,8,7,62,53,28,28,45,3,3,38,54,19,28,43,10,12,39,26,22,78,33,14,5,21,48,37,40,14,17,49,41,8,21,26,25,4,2,28,77,44,46,43,29,4,43,35,46,30,31,6,1,5,47,3,47,25,6,2,6,21,22,22,8,0,3,18,21,23,8,35,31,7,23,28,37,14,27,37,5,3,77,81,26,82,51,4,11,54,79,29,81,73,15,2,79,63,42,91,69,13,30,122,105,82,35,96,33,138,392,304,239,278,224,72,177,459,407,306,343,296,98,218,559,501,416,445,393,140,247,684,692,483,515,559,218,318,859
Hawaii,0,0,0,0,0,0,0,0,0,1,0,0,0,0,0,0,0,1,0,2,0,1,1,0,0,1,0,2,1,0,0,0,0,0,0,1,0,0,2,0,1,0,1,2,0,0,0,0,0,1,0,0,0,0,0,0,0,0,0,0,0,0,0,0,0,0,0,0,0,0,0,0,0,0,0,0,0,0,0,0,0,0,0,0,0,0,0,0,0,0,0,0,0,0,0,0,0,0,0,0,0,0,0,0,1,0,0,0,0,0,1,0,0,0,0,0,0,0,0,0,3,0,0,0,1,1,0,0,0,1,1,0,0,0,0,0,0,0,0,0,0,0,1,0,2,2,0,0,3,0,4,2,0,0,0,3,3,4,3,3,3,2,3,3,3,3,3,3,2,3,3,3,3,3,2,2,2,2,2,2,2,2,2,2,2
Idaho,0,0,0,0,0,0,0,0,0,0,0,3,0,1,1,1,2,1,0,0,1,0,0,3,2,3,6,1,2,0,6,6,2,0,2,1,1,3,3,3,0,2,0,0,4,0,0,3,1,0,0,1,1,1,0,0,0,3,0,0,3,0,1,0,1,0,3,0,2,0,0,0,0,2,1,0,0,0,0,1,0,0,0,0,0,0,2,0,0,2,0,0,0,1,0,1,0,0,0,0,0,0,1,0,1,0,0,1,0,0,1,0,0,1,0,4,2,1,1,0,0,1,7,4,4,1,0,3,4,9,3,6,2,0,6,8,13,4,11,9,0,3,10,7,6,6,6,2,2,7,0,5,14,4,0,8,33,22,19,23,16,4,8,29,22,18,24,15,4,7,23,21,16,21,14,4,6,19,17,14,17,11,4,5,14
Illinois,0,0,1,0,3,1,1,3,3,4,3,7,8,13,19,7,26,42,22,47,34,30,33,73,82,66,69,80,43,78,70,81,123,60,127,31,59,119,97,123,107,80,58,50,142,90,140,102,102,59,41,175,140,137,130,108,57,53,142,191,136,131,70,48,57,145,146,82,108,75,66,29,38,160,103,84,60,60,22,113,96,115,59,69,40,20,94,77,90,75,29,19,18,72,87,52,43,45,22,24,36,63,40,37,26,15,14,21,28,36,18,9,6,6,247,36,20,16,24,19,6,25,8,25,13,18,5,6,23,23,20,17,12,1,18,30,16,16,22,8,14,9,19,28,21,31,18,5,1,20,15,24,27,5,18,20,80,70,65,61,57,37,29,104,95,88,83,88,56,44,135,149,132,123,134,94,73,197,223,200,194,211,158,126,290
Indiana,0,1,1,0,0,1,1,2,1,5,2,3,8,6,1,3,14,16,13,24,14,11,16,30,30,42,55,30,13,7,37,49,41,45,23,17,15,58,31,40,35,45,27,31,57,63,150,61,54,17,18,62,51,37,33,43,18,32,38,41,27,45,50,10,14,59,40,49,28,23,12,8,20,26,38,42,15,9,9,54,10,24,27,34,11,13,23,16,25,16,17,9,11,14,28,16,25,20,4,13,16,9,8,9,21,3,5,16,10,12,19,6,6,5,19,15,7,9,8,4,2,13,10,10,8,17,2,3,21,17,17,4,11,8,3,18,8,14,19,6,4,5,16,11,6,10,13,5,3,25,17,19,8,15,5,13,52,41,43,42,54,22,20,67,56,53,56,70,33,30,76,83,74,79,92,49,46,105,114,103,102,132,74,68,134
Iowa,0,0,0,0,0,0,0,0,0,0,1,0,2,0,1,2,1,2,2,0,3,4,7,0,2,2,2,3,7,0,8,4,7,4,10,1,4,4,7,6,11,5,6,9,9,12,14,8,5,9,4,19,12,12,12,9,13,6,18,17,12,18,10,5,4,12,26,17,14,22,10,0,21,19,10,18,7,4,20,6,13,9,10,6,6,12,9,5,9,4,6,2,6,7,10,5,1,0,5,0,3,1,6,8,0,2,5,5,1,2,2,0,0,2,9,4,5,2,5,4,3,2,20,4,4,4,4,5,8,8,6,6,0,3,7,3,15,11,7,2,4,6,4,12,12,3,12,4,3,12,7,7,10,5,0,17,25,33,24,24,19,15,19,29,40,30,29,22,18,23,33,42,36,34,27,23,28,39,48,43,39,33,28,31,42
Kansas,0,0,0,0,0,0,1,0,0,0,1,0,1,0,3,1,1,1,2,6,3,1,3,4,5,8,0,13,1,6,7,2,9,2,3,8,9,7,3,1,5,2,1,5,1,7,0,6,2,2,12,5,3,1,3,6,0,6,4,4,1,4,2,0,3,1,3,2,1,0,0,2,3,3,1,1,0,0,2,5,4,1,5,1,0,3,1,3,3,0,2,0,1,0,1,4,2,3,1,1,2,0,2,3,3,1,4,0,4,3,2,1,1,1,4,0,4,0,2,2,1,1,5,1,1,2,1,3,4,5,1,8,0,2,2,7,9,8,1,0,3,6,1,4,6,1,1,0,6,7,4,6,1,2,0,10,13,10,10,10,9,5,10,12,10,10,10,9,5,9,11,10,10,10,9,5,9,12,10,10,10,8,5,8,10
Kentucky,0,1,0,0,1,0,1,0,1,0,1,0,2,2,0,2,0,7,13,3,6,5,0,20,0,8,17,0,7,16,0,9,14,8,7,2,8,17,14,6,9,5,3,5,12,9,6,6,2,5,8,14,8,11,4,6,0,7,10,0,7,4,2,0,12,20,10,10,5,0,0,0,3,6,9,9,13,0,8,3,8,8,8,4,0,2,5,7,9,4,2,0,6,0,13,2,2,2,2,0,11,1,8,7,1,4,2,5,7,9,4,0,0,8,9,6,4,8,2,3,4,6,10,5,8,9,3,1,3,3,7,7,5,4,9,10,5,7,4,5,2,2,7,1,8,4,8,1,2,8,7,6,8,6,0,11,23,17,17,18,14,5,12,23,19,18,19,15,6,12,22,19,18,21,15,7,12,23,20,19,21,16,7,12,23
Louisiana,1,1,1,2,4,4,6,0,15,11,19,18,36,18,14,34,54,34,37,60,39,68,35,70,70,50,53,51,34,44,129,90,53,57,54,29,32,77,68,126,61,47,22,11,61,44,60,65,23,19,52,51,52,41,19,40,19,22,39,34,36,31,31,12,72,18,27,21,39,0,23,0,11,21,18,26,19,5,10,34,35,13,29,13,11,8,13,11,19,9,8,10,4,24,20,0,22,20,1,12,17,18,12,26,0,9,0,22,17,17,23,0,10,8,23,20,16,25,23,13,7,22,16,24,24,0,34,31,36,60,16,29,0,48,23,26,71,42,24,0,58,17,27,45,50,61,0,56,24,26,43,46,28,0,77,64,123,136,129,147,63,109,81,142,158,149,173,83,124,106,176,197,187,198,111,142,135,205,224,217,241,144,170,162,222
Maine,0,0,0,0,0,0,0,0,0,0,0,0,1,0,2,0,2,0,2,2,1,0,0,2,2,2,1,2,0,0,1,4,3,2,3,2,1,1,3,5,3,0,3,1,0,1,1,2,1,1,0,4,1,0,1,1,0,1,0,1,3,0,1,0,1,2,0,0,2,2,1,0,1,2,3,1,4,0,0,5,1,0,3,0,1,0,1,0,0,0,0,0,1,0,1,0,0,0,0,0,0,1,0,0,1,0,1,0,0,0,0,2,2,0,1,0,1,0,1,2,0,0,0,0,1,2,0,0,1,0,0,0,1,0,0,2,0,1,1,0,0,1,0,1,0,0,1,0,0,1,0,0,0,1,0,2,3,3,3,3,3,2,2,3,3,3,3,4,2,2,3,3,3,3,4,3,2,4,4,4,4,4,3,3,4
Maryland,0,0,0,0,1,1,0,1,0,1,0,0,1,0,5,5,3,13,5,7,11,13,24,12,21,14,33,35,30,26,40,9,8,15,87,40,121,70,46,50,50,77,35,35,71,62,62,0,171,30,36,73,47,66,57,54,30,39,73,53,57,45,46,35,31,58,42,36,48,36,34,25,31,59,36,38,43,23,20,45,44,27,34,38,9,27,35,33,31,25,26,13,8,35,14,20,14,22,14,8,18,16,21,13,15,11,7,15,15,7,11,13,7,3,20,9,13,15,7,9,6,9,7,6,12,9,9,5,20,3,4,13,11,7,7,11,20,10,5,13,9,8,7,6,15,14,12,8,6,13,8,8,11,5,3,17,38,31,29,27,37,24,22,47,40,35,37,48,32,31,57,54,50,49,66,46,45,73,76,72,74,94,68,69,106
Massachusetts,0,0,0,0,0,1,0,4,4,2,4,10,10,9,4,8,33,33,32,38,24,15,29,96,77,70,96,87,70,88,0,264,0,137,159,302,0,255,221,178,196,174,169,104,150,252,157,154,130,158,86,122,208,132,150,138,139,129,33,174,167,110,113,92,65,76,128,82,80,76,68,44,57,74,93,78,50,78,189,50,67,49,34,54,27,37,55,46,38,46,38,48,23,18,69,36,30,28,30,16,16,48,25,50,28,19,35,0,27,51,17,23,11,15,15,30,25,28,14,15,5,10,28,12,22,17,12,2,17,18,16,14,12,19,7,15,29,0,29,17,12,10,9,2,32,18,12,14,6,10,18,21,20,16,12,30,33,56,52,50,52,51,41,47,77,77,72,73,75,63,70,109,123,111,112,119,102,116,177,206,188,180,210,197,206
Michigan,0,0,0,1,0,1,3,6,6,13,20,20,36,23,27,56,79,78,83,65,67,90,118,124,120,127,207,116,105,132,175,157,80,239,85,91,86,109,241,170,110,72,166,93,168,103,122,78,155,34,87,46,74,91,58,143,26,29,92,41,74,39,56,10,24,102,46,70,29,65,6,13,27,68,38,34,58,27,27,37,18,26,70,7,11,15,9,1,33,5,23,3,2,16,2,25,6,20,3,7,12,5,19,1,19,4,4,32,5,14,3,3,0,3,30,11,9,14,28,1,7,5,4,18,7,9,2,7,9,6,7,5,0,0,5,16,1,21,7,7,0,10,4,7,28,18,0,0,7,7,6,16,11,20,6,17,55,27,42,40,52,16,26,79,45,61,62,81,30,42,105,73,87,97,123,53,66,158,125,141,150,195,91,107,233
Minnesota,0,0,0,0,0,0,1,0,0,0,0,1,2,1,4,1,2,5,1,4,2,5,1,4,5,11,7,7,6,0,9,8,0,24,10,13,9,17,19,21,21,23,28,14,15,18,24,27,24,24,9,28,30,23,26,24,20,13,23,24,34,20,17,22,9,17,29,32,33,10,17,12,18,34,35,29,30,14,10,22,15,29,33,22,16,11,20,39,13,25,9,15,6,9,13,19,17,11,8,4,9,7,9,5,6,8,10,6,6,13,8,0,5,3,3,9,5,5,4,3,2,6,10,8,7,5,3,4,3,4,9,5,5,3,2,4,9,5,6,6,8,2,4,10,7,4,8,9,3,6,17,7,8,0,47,12,21,39,37,34,27,36,18,29,48,49,44,39,48,27,38,63,68,64,55,66,40,58,85,102,98,83,95,65,86
Mississippi,0,0,0,0,1,0,0,0,0,0,2,3,2,5,1,2,4,2,4,3,6,8,8,9,7,9,6,11,3,2,13,11,7,11,12,7,10,14,10,8,8,12,6,2,10,11,11,20,10,12,7,32,32,22,13,12,9,5,22,8,15,13,17,11,6,27,16,10,15,21,9,10,17,18,23,17,13,11,5,28,15,12,9,8,6,20,10,21,0,13,8,2,4,20,23,0,0,0,0,40,11,22,5,6,13,4,20,14,9,10,11,4,4,3,44,30,16,11,15,19,1,22,18,18,24,14,9,3,31,34,13,27,15,15,5,42,23,48,52,30,10,8,42,51,21,23,26,22,16,32,45,22,32,37,4,36,101,103,65,68,67,41,41,100,107,63,71,72,43,42,95,104,67,73,71,44,44,93,98,66,69,73,44,42,89
Missouri,0,0,0,1,0,2,0,0,1,4,1,0,0,4,3,0,3,5,8,13,6,13,8,20,15,16,10,12,12,10,18,17,14,13,7,6,21,18,20,16,26,14,17,21,14,15,19,14,15,12,11,29,15,23,21,11,11,17,10,21,12,15,11,7,16,15,11,9,9,7,3,5,7,0,13,5,18,2,1,10,6,2,7,8,2,4,8,3,0,16,6,2,2,4,19,36,13,10,2,5,8,10,2,9,5,0,2,3,14,11,3,3,1,0,16,2,4,11,7,1,13,9,5,2,4,11,0,2,10,11,30,6,5,9,12,11,7,16,10,11,0,3,11,7,5,22,3,7,7,5,8,2,9,13,5,14,28,25,27,30,26,12,17,30,28,29,32,29,14,18,30,32,32,35,32,17,19,33,34,35,37,35,20,22,33
Montana,0,0,0,0,0,0,0,0,0,0,0,0,1,0,0,4,0,1,0,0,1,0,0,0,0,0,0,0,0,1,0,0,0,1,2,0,0,2,2,0,0,0,0,0,1,1,0,0,0,0,0,0,0,0,0,0,0,0,0,0,0,0,0,0,0,0,0,0,0,0,0,0,1,0,0,0,0,0,0,0,0,0,1,0,0,0,0,0,0,0,0,1,0,0,1,0,0,0,0,1,0,0,0,1,0,0,0,0,0,0,1,0,0,0,0,0,2,3,1,0,3,2,0,1,2,0,0,2,1,2,1,3,0,0,1,4,3,1,5,1,0,3,0,1,0,5,5,0,0,2,3,1,0,1,0,5,7,5,4,6,5,2,4,5,4,4,5,4,2,3,4,4,3,4,3,2,2,3,3,2,3,3,1,2,3
Nebraska,0,0,0,0,0,0,0,0,0,0,0,0,0,2,0,0,1,1,1,1,0,2,1,1,2,2,1,2,0,0,3,0,1,3,0,4,5,0,5,9,3,0,6,0,0,0,14,3,0,5,0,0,0,13,0,0,0,8,2,3,0,10,10,0,0,0,15,0,9,0,0,0,0,6,10,1,6,0,0,0,0,17,0,0,0,1,1,2,21,3,0,0,5,11,3,5,5,0,0,5,7,1,3,6,1,0,2,5,2,6,2,0,0,0,0,0,2,2,0,0,3,0,5,8,2,0,0,12,0,1,5,0,0,0,1,4,3,4,4,0,0,0,4,8,0,5,0,0,3,3,5,4,1,0,0,7,14,8,13,14,6,2,7,14,9,14,15,7,3,7,15,11,15,15,8,3,7,16,12,16,16,9,4,8,17
Nevada,0,1,0,0,0,1,0,0,2,0,2,4,0,0,5,0,11,5,7,5,3,0,0,26,0,9,9,12,10,2,12,5,6,5,9,7,1,4,9,23,2,8,1,0,13,11,13,3,9,3,7,5,19,8,0,19,0,2,9,10,2,10,4,3,8,0,19,6,3,1,0,14,0,8,4,0,11,0,0,0,14,0,6,1,1,4,4,3,10,2,1,1,2,2,6,2,4,7,1,2,3,2,1,3,2,0,4,3,4,14,3,2,4,3,11,5,18,8,13,1,0,19,6,8,11,9,1,1,28,28,5,13,10,2,5,20,21,21,29,2,0,15,15,28,10,20,29,8,6,18,15,34,15,24,3,20,75,58,60,47,63,17,22,76,63,57,50,65,18,25,71,65,59,53,61,20,24,63,68,53,53,60,21,24,58
New Hampshire,0,0,0,0,0,0,0,0,1,0,0,0,0,1,0,1,0,0,0,2,2,2,0,0,4,8,0,1,1,0,2,7,0,5,1,0,4,0,6,3,2,0,7,0,0,0,12,9,3,2,0,6,0,22,7,10,2,0,9,8,1,8,12,1,0,0,18,9,5,4,1,1,4,9,9,6,0,7,0,11,9,8,5,5,3,0,0,15,7,7,3,2,0,6,4,1,6,2,0,0,4,4,10,8,2,0,0,4,2,2,1,3,2,1,2,2,1,3,1,0,0,1,2,1,0,1,2,0,2,2,3,2,2,0,0,0,2,4,0,1,1,0,1,0,1,0,0,0,0,0,1,2,1,0,0,1,3,4,5,4,4,3,2,4,5,6,5,5,3,2,4,6,7,6,6,4,3,5,8,9,8,8,5,4,7
New Jersey,1,0,2,3,6,3,6,7,11,20,21,28,32,51,27,49,98,110,205,136,242,126,152,296,341,276,279,325,242,167,415,410,422,371,288,336,173,296,433,306,290,271,56,143,431,350,483,335,230,154,63,344,324,273,175,170,157,91,203,192,241,206,118,105,82,149,171,103,146,100,58,14,53,149,75,127,105,68,29,52,111,95,82,58,71,39,93,76,67,50,135,39,50,86,43,35,33,23,17,38,53,51,0,42,34,27,17,43,43,29,57,25,22,18,52,51,116,31,46,0,35,22,52,31,19,15,7,9,22,0,23,35,11,11,17,21,0,11,10,11,6,10,11,0,7,0,20,5,4,12,0,8,10,7,2,14,31,25,29,29,35,17,19,40,37,38,44,53,27,31,59,60,60,68,81,49,54,94,103,108,119,139,94,103,162
New Mexico,0,0,0,0,0,0,0,0,0,0,1,0,0,0,1,0,2,1,1,4,1,1,0,1,0,3,1,2,7,0,5,5,0,8,9,2,3,0,13,7,6,9,6,0,6,7,11,8,7,13,5,6,7,3,9,10,9,8,11,12,11,11,6,6,5,6,7,11,8,6,9,3,5,4,6,9,7,5,6,5,8,8,4,5,4,4,4,6,10,0,11,4,5,7,5,4,8,2,3,0,7,4,5,4,2,1,1,4,3,3,8,2,0,2,4,8,6,6,4,2,3,3,6,5,3,4,2,7,10,3,5,5,6,7,5,7,6,3,7,9,3,1,3,9,2,6,6,4,5,3,2,2,6,8,3,8,13,15,14,14,16,12,8,13,16,14,15,16,12,9,13,17,15,16,16,12,11,14,17,15,16,17,13,11,14
New York,5,11,14,25,32,55,48,92,100,127,149,249,315,374,430,554,659,732,837,706,591,822,1030,1081,985,973,849,927,975,978,882,786,742,1050,1046,0,619,627,515,657,553,435,406,482,335,446,372,369,290,284,353,282,569,229,317,221,174,198,217,204,161,265,172,126,87,201,118,90,103,189,85,99,60,186,34,107,87,60,134,53,58,129,62,49,94,55,35,80,31,154,18,27,30,55,26,24,21,79,36,34,62,27,41,18,17,5,18,71,11,21,73,20,49,13,24,8,32,48,12,7,45,13,19,19,17,15,17,11,14,38,36,2,12,22,15,8,5,25,6,5,16,9,6,29,2,4,8,6,7,6,10,8,22,6,7,35,39,40,38,49,43,41,52,61,61,60,80,71,66,85,103,103,110,139,131,123,163,183,195,198,253,255,240,307,366
North Carolina,0,0,0,0,0,0,0,0,0,0,2,1,1,1,2,0,5,2,7,6,7,4,7,8,13,10,7,6,0,5,18,18,20,27,10,13,18,27,20,16,13,11,19,16,23,19,24,13,12,3,8,30,20,21,17,21,13,11,25,25,16,26,9,10,7,0,33,8,41,3,6,6,11,43,32,43,10,8,11,13,38,7,9,13,4,9,27,22,16,15,6,5,8,29,12,7,14,13,30,33,18,29,11,12,5,0,5,23,18,11,10,3,1,9,14,16,15,20,16,9,7,42,18,18,16,25,4,25,28,27,24,33,22,6,21,22,28,34,20,37,4,60,18,24,41,34,24,8,7,39,42,7,26,30,4,42,92,90,62,65,62,23,44,92,94,65,71,63,27,46,93,97,67,73,70,30,48,98,103,79,78,71,35,50,102
North Dakota,0,0,0,0,0,0,0,0,0,0,0,0,1,0,0,1,1,0,0,0,0,0,0,1,0,1,1,1,0,1,0,1,0,0,0,0,0,4,1,1,0,1,1,2,0,0,0,4,1,1,0,0,6,0,2,2,0,1,2,2,0,2,0,1,1,1,4,2,1,0,1,1,0,2,1,2,1,1,0,4,1,0,5,1,0,0,0,1,1,0,0,0,0,0,0,1,1,0,1,0,1,0,0,0,0,1,0,0,1,0,0,0,0,0,4,1,0,0,2,0,0,1,0,1,1,0,2,1,1,2,1,2,0,0,0,1,2,1,0,0,2,0,2,1,1,1,2,0,1,5,2,0,1,0,4,3,8,8,7,7,5,5,4,8,9,7,7,6,5,4,8,8,7,7,6,6,5,8,9,8,7,6,6,5,8
Ohio,0,0,0,0,0,3,0,0,3,2,3,4,4,6,4,11,15,10,16,10,11,17,23,25,26,20,18,16,6,21,50,38,45,11,33,20,38,48,53,46,34,21,17,25,46,138,39,27,19,17,18,78,90,46,35,25,10,16,79,47,51,47,29,15,32,63,61,56,35,84,13,18,15,42,54,33,18,6,52,52,41,40,17,15,7,27,17,36,33,18,46,3,16,24,12,22,34,30,3,4,31,20,17,16,16,3,11,45,13,27,0,4,4,16,43,21,15,26,4,22,6,5,6,28,9,20,42,15,30,16,21,41,0,10,37,38,40,20,47,26,14,10,31,26,22,34,16,1,4,35,26,21,29,40,2,38,116,85,79,80,76,32,48,126,103,90,93,94,42,58,141,133,108,113,109,53,68,165,154,126,141,135,73,82,198
Oklahoma,0,0,0,0,1,0,0,1,0,1,2,2,1,7,1,0,7,7,4,4,4,4,5,16,12,1,8,6,2,3,9,15,8,5,0,4,3,21,6,9,9,6,1,2,10,7,8,8,8,0,0,9,6,7,6,4,2,2,4,0,6,1,3,0,0,5,6,5,3,4,0,2,5,4,3,4,5,0,0,5,2,3,1,2,1,0,6,2,2,2,0,0,0,4,1,2,1,1,1,0,2,1,3,2,7,1,0,2,2,6,3,0,0,1,5,3,3,6,5,1,2,4,4,6,7,6,0,1,9,13,3,7,12,0,0,13,14,13,5,8,1,1,15,17,10,7,3,0,2,13,9,11,6,13,4,5,47,35,29,32,36,9,7,45,38,31,39,37,11,8,42,39,32,38,39,11,9,36,41,31,37,40,12,9,29
Oregon,1,0,0,2,0,0,1,1,0,3,2,1,1,1,0,3,2,1,2,1,0,5,0,2,4,11,0,4,4,1,2,3,6,6,2,2,1,3,0,5,3,1,5,0,7,2,2,1,5,0,0,4,2,6,3,3,0,3,0,4,3,0,0,0,1,2,4,1,2,0,1,0,0,0,3,0,2,0,1,3,2,0,2,0,2,1,5,0,2,2,0,3,4,2,1,4,1,1,1,2,0,3,2,5,0,0,2,3,1,1,0,4,2,0,5,4,6,2,0,2,3,7,3,2,5,3,3,2,7,2,2,9,3,4,0,14,8,5,6,3,1,2,5,5,1,9,7,1,1,11,7,8,2,1,2,7,21,13,14,13,11,7,7,18,13,12,12,10,7,7,14,11,11,10,9,7,6,12,10,9,9,8,5,6,10
Pennsylvania,0,0,0,1,0,0,1,2,2,2,7,3,4,12,7,9,13,11,16,12,34,15,28,68,71,27,73,85,54,32,102,88,62,80,121,234,72,266,59,51,23,46,23,70,160,327,102,160,60,25,118,341,166,244,126,64,27,26,82,180,194,134,58,15,20,113,142,99,141,102,24,10,17,102,108,91,73,18,12,100,75,90,66,33,12,10,61,48,51,49,49,4,28,33,43,42,38,20,4,3,38,54,39,22,24,3,8,35,35,28,34,3,4,1,33,25,36,32,17,7,7,20,26,27,20,11,7,3,26,26,16,23,8,3,4,23,17,23,13,12,4,1,24,6,28,14,14,1,3,29,37,15,39,17,2,14,81,74,66,75,65,20,22,112,112,92,103,100,34,35,148,169,143,147,156,57,58,214,289,219,243,227,105,98,296
Rhode Island,0,0,0,0,0,0,0,0,0,0,0,0,0,2,1,1,4,2,2,2,3,8,2,3,5,8,0,13,7,0,17,0,7,31,19,13,5,16,10,8,13,13,11,7,6,12,15,13,17,24,21,14,15,18,11,19,4,8,14,18,6,11,10,10,7,26,6,18,23,18,11,0,26,21,22,16,18,7,2,12,10,14,16,0,0,27,9,4,11,10,0,0,18,14,11,9,9,0,0,9,3,6,8,7,0,0,19,4,6,3,1,0,0,0,9,2,3,2,0,0,8,1,2,1,2,0,0,5,1,1,4,1,0,0,2,1,2,0,0,0,0,3,1,1,2,0,0,0,1,1,2,1,2,0,0,6,5,4,4,6,4,2,6,7,5,6,7,5,3,8,10,8,8,11,8,5,11,13,12,13,16,13,8,18,23
South Carolina,0,1,0,0,0,2,0,0,2,0,2,2,4,2,1,2,4,4,5,3,6,4,4,3,0,16,5,8,2,0,15,9,5,5,3,1,3,1,16,10,7,9,8,3,15,39,13,12,11,8,8,13,9,11,4,10,1,15,9,7,9,9,0,5,6,8,8,9,3,6,10,5,6,20,4,13,4,7,6,1,17,7,14,6,1,11,11,7,13,5,6,1,2,5,10,4,18,5,9,6,14,10,10,1,17,5,4,19,27,18,9,20,7,7,19,38,21,24,22,10,11,21,5,72,26,39,20,9,57,64,49,51,80,26,15,59,50,52,45,39,26,16,54,47,48,20,45,24,17,50,46,40,20,56,9,38,121,109,97,75,107,45,40,106,108,91,70,94,46,39,89,107,82,68,86,43,38,80,97,71,63,85,42,36,69
South Dakota,0,0,0,0,0,0,0,0,0,0,0,0,0,0,0,0,0,1,0,0,0,0,2,2,0,0,0,0,0,0,0,0,1,0,0,0,0,1,1,0,1,0,1,0,0,2,4,4,0,0,0,3,5,2,0,3,0,0,5,0,4,1,0,0,0,2,0,2,2,0,0,0,0,4,0,5,3,0,0,0,0,2,0,1,0,0,3,1,4,1,1,0,0,2,1,0,3,0,0,0,2,1,3,1,3,0,0,0,2,4,0,0,0,0,1,0,3,6,2,0,0,0,2,4,1,0,2,0,0,1,2,1,0,1,0,0,6,0,1,4,1,0,1,1,4,3,2,0,0,0,1,1,2,2,1,1,6,6,8,7,6,2,2,6,6,8,8,6,3,2,5,6,8,7,6,3,2,5,6,8,7,6,3,2,5
Tennessee,0,0,0,0,0,1,0,1,0,0,1,0,3,1,1,6,9,1,12,5,9,3,12,7,8,14,4,8,0,3,15,0,12,5,1,6,4,5,0,14,0,8,4,3,4,7,4,5,5,1,9,7,13,0,4,0,1,8,15,7,14,3,5,3,3,4,0,8,2,14,7,2,5,10,3,5,3,0,0,17,7,13,7,9,1,3,14,2,4,25,6,2,8,11,5,10,7,9,2,5,11,14,11,10,7,0,8,12,5,11,13,4,8,7,13,20,25,13,15,3,8,18,16,13,19,23,5,4,24,17,37,13,26,3,11,21,21,13,27,7,6,19,25,27,42,20,9,8,10,38,18,24,13,19,21,25,72,48,45,52,46,18,27,61,44,42,47,41,17,23,53,43,36,42,39,17,22,44,38,35,39,37,17,20,38
Texas,0,0,1,3,1,0,1,2,2,5,4,6,9,5,8,10,11,17,15,18,17,28,19,13,26,26,25,32,21,26,37,34,41,40,26,17,17,38,25,50,23,21,18,22,40,34,55,25,19,15,24,23,30,33,38,36,26,18,31,26,63,53,34,28,7,41,45,28,13,8,60,10,17,40,35,8,46,19,9,39,30,34,36,21,9,14,20,37,31,32,25,22,16,50,41,45,29,27,13,16,37,41,52,44,45,25,27,53,62,65,72,44,49,62,130,127,153,84,82,101,88,114,163,161,175,136,103,117,120,256,190,161,182,93,685,270,313,123,120,267,5,137,234,358,259,278,211,99,73,0,305,244,307,190,128,289,416,527,413,420,399,249,278,397,530,422,417,398,261,275,395,509,399,403,388,259,263,384,508,400,408,439,275,281,370
Utah,0,0,0,0,0,0,0,1,0,0,0,0,0,0,1,2,1,0,2,0,1,0,5,0,0,0,4,1,0,0,5,2,0,3,2,2,1,4,0,3,4,2,0,0,0,4,1,0,3,1,0,6,2,3,0,5,1,1,5,2,0,2,1,2,0,8,2,2,1,4,0,1,3,4,1,1,5,1,0,0,4,0,3,1,0,3,3,1,3,8,0,0,4,2,4,3,3,0,3,0,5,0,1,2,1,0,1,4,1,3,5,0,3,6,4,7,4,2,5,3,1,10,7,1,1,8,0,4,4,9,7,6,1,0,7,5,6,8,4,6,1,3,7,6,3,5,0,1,9,4,2,2,7,3,0,8,16,12,9,12,10,4,8,15,11,8,11,9,4,7,13,10,7,10,8,4,6,11,9,7,9,8,4,5,10
Vermont,0,0,0,0,2,0,0,0,3,2,1,1,1,2,0,0,1,3,1,0,3,2,1,0,0,0,1,1,2,1,1,0,4,2,3,0,0,2,0,3,1,2,0,1,0,0,2,1,1,2,0,0,0,1,0,0,0,0,0,0,0,0,0,1,0,0,0,0,0,0,0,0,0,0,1,0,0,0,0,0,0,0,0,0,0,0,0,0,0,0,0,0,0,0,0,1,0,0,0,0,0,0,0,0,0,0,0,0,0,0,0,0,0,0,0,0,0,0,0,0,0,0,0,0,0,0,0,0,0,0,0,0,0,0,0,0,0,1,0,0,0,0,0,0,1,0,0,0,0,0,0,0,0,0,0,1,1,1,1,1,1,1,1,1,1,1,1,1,1,1,1,2,2,2,2,1,1,2,2,2,2,2,2,2,2
Virginia,0,1,0,0,0,0,1,3,0,3,0,1,0,3,7,0,12,7,7,5,6,0,14,0,0,43,12,9,11,8,5,41,13,23,27,19,23,24,25,24,38,26,12,11,32,30,30,29,36,43,24,29,24,32,43,15,12,11,42,36,28,22,25,7,5,27,33,25,36,23,12,37,28,45,57,20,12,5,17,15,21,17,9,7,11,5,19,18,6,14,7,5,6,18,13,3,16,5,4,9,25,16,14,25,24,8,8,23,23,30,29,4,4,0,28,24,32,21,4,4,2,9,15,15,6,12,2,4,17,3,3,13,8,3,4,13,30,16,33,41,3,0,26,30,25,18,5,4,1,17,8,11,7,11,0,13,44,42,36,39,37,16,17,47,51,44,45,44,20,20,54,63,50,53,51,27,25,61,72,62,64,64,34,30,71
Washington,1,8,7,12,6,10,11,3,12,7,17,17,7,31,10,7,20,9,37,20,24,21,45,19,26,30,27,12,11,7,17,22,27,24,10,23,7,21,22,25,11,15,12,15,22,15,13,10,6,4,7,21,8,21,14,16,10,14,17,12,9,8,8,2,1,29,6,7,6,0,11,9,8,17,11,5,7,0,5,6,6,3,11,4,4,4,15,0,18,10,9,4,3,11,0,19,10,10,5,6,8,9,7,4,6,0,10,12,7,3,10,2,5,10,15,10,15,15,0,14,0,5,17,6,7,10,3,6,12,3,14,13,0,7,17,30,7,9,0,28,4,4,19,5,29,19,16,0,9,19,8,12,19,11,15,23,60,33,40,45,36,21,27,59,36,42,47,40,22,29,59,39,44,49,45,25,31,57,41,46,52,47,27,33,57
West Virginia,0,0,0,0,0,0,0,0,0,0,0,0,0,0,0,1,0,0,1,0,0,1,1,0,0,1,0,0,1,2,1,1,2,4,0,2,6,2,1,4,1,0,2,0,4,0,3,5,2,0,0,0,2,1,1,0,2,0,4,0,2,4,0,3,1,0,1,1,2,0,0,0,0,2,0,0,1,0,1,2,0,1,5,0,0,0,0,1,1,2,0,0,0,0,0,0,0,0,1,0,3,0,0,0,1,0,0,0,0,0,0,1,0,1,0,0,0,0,1,0,1,0,1,1,1,0,0,0,1,0,1,1,0,0,1,4,3,1,4,0,1,0,7,0,0,3,4,8,2,6,6,0,4,3,0,5,15,12,11,13,10,8,6,17,14,13,15,13,10,8,18,16,15,17,13,11,10,19,18,16,17,15,12,11,18
Wisconsin,0,0,0,0,4,0,1,0,1,0,2,3,4,3,1,2,5,2,11,13,3,20,4,14,8,11,17,9,7,10,16,13,14,9,6,8,10,14,4,10,5,3,6,9,19,8,8,11,7,5,1,13,9,12,10,14,2,9,9,3,13,11,8,0,6,8,14,6,9,11,3,4,3,22,11,18,20,4,3,12,9,10,7,12,2,0,15,10,11,7,2,1,2,9,10,6,11,14,0,1,5,7,9,0,11,0,0,7,2,7,3,0,0,0,9,2,2,5,7,0,0,6,1,4,2,10,1,2,13,6,13,0,13,1,1,13,5,8,15,13,1,1,12,9,8,12,6,2,0,8,5,7,7,13,1,6,48,26,27,24,39,8,8,47,33,35,31,47,12,10,46,43,40,38,52,15,13,47,52,48,41,57,19,17,50
Wyoming,0,0,0,0,0,0,0,0,0,0,0,0,0,0,0,0,0,0,0,0,0,0,0,0,0,0,0,0,0,1,0,0,1,0,0,0,0,0,4,1,0,0,0,0,0,0,0,0,0,0,0,0,0,0,0,0,0,0,0,0,0,0,0,1,2,0,1,1,0,0,0,0,1,1,1,0,1,0,1,0,0,0,0,0,0,0,0,1,0,0,0,0,0,0,0,0,2,0,0,0,0,0,0,0,0,0,0,0,0,0,0,0,0,0,1,0,0,0,0,0,0,1,0,2,0,0,1,0,1,0,0,0,0,0,0,1,0,0,0,0,0,1,0,0,0,1,0,0,0,1,0,1,0,0,0,2,3,2,2,2,2,1,2,2,2,2,2,2,1,2,2,2,3,2,2,2,2,2,3,3,3,2,2,2,3
US,12,27,35,59,77,100,95,147,186,242,317,423,560,654,634,836,1252,1263,1612,1334,1324,1499,1738,2378,2181,2142,2140,2120,1851,1910,2464,2603,2170,2663,2445,1405,1833,2503,2432,2460,2148,1691,1328,1467,2239,2521,2318,1949,1692,1119,1334,2316,2363,1934,1746,1487,894,1012,1625,1762,1781,1676,1216,757,775,1555,1578,1233,1273,1129,621,521,695,1522,1190,1170,978,588,777,1041,1009,1024,948,686,447,514,945,917,887,830,764,307,391,843,757,710,672,613,282,387,847,764,629,612,499,251,364,776,687,724,652,270,299,362,1223,848,1012,830,684,452,428,928,966,952,915,869,445,513,1112,1235,1118,1120,893,477,1126,1360,1460,1213,1241,1105,401,543,1372,1378,1237,1236,1071,511,525,1064,1504,1065,1331,1051,566,811,2462,2311,1973,2035,1894,902,1025,2779,2771,2302,2407,2325,1142,1256,3090,3333,2681,2896,2883,1474,1563,3699,4278,3224,3545,3971,2124,2073,4526
